UF;cod_municipio;municipio;zona;secao;emissao_do_BU_na_urna;registro_hr_no_repositorio_TSE;status_no_aux;arquivos_da_secao;motivo_da_inclusao
AM;02119;BARREIRINHA;0026;0020;04/10/2026 16:27:41;05/10/2026 00:45:35;Totalizada;bu,log,rdv,vota;registro depois de 23h41 de 04/10
AM;02119;BARREIRINHA;0026;0029;04/10/2026 18:20:13;05/10/2026 00:45:39;Totalizada;bu,log,rdv,vota;registro depois de 23h41 de 04/10
AM;02119;BARREIRINHA;0026;0032;04/10/2026 21:00:30;05/10/2026 00:45:43;Totalizada;bu,log,rdv,vota;registro depois de 23h41 de 04/10
AM;02330;FONTE BOA;0010;0027;04/10/2026 18:44:40;05/10/2026 13:04:34;Recebida;bu,imgbu,log,rdv,vota;registro depois de 23h41 de 04/10
AM;02496;JUTAÍ;0041;0043;04/10/2026 20:57:42;05/10/2026 00:11:09;Totalizada;bu,log,rdv,vota;registro depois de 23h41 de 04/10
AM;98477;TABATINGA;0036;0030;04/10/2026 21:16:26;05/10/2026 00:29:11;Totalizada;bu,log,rdv,vota;registro depois de 23h41 de 04/10
AM;98477;TABATINGA;0036;0061;04/10/2026 19:56:54;05/10/2026 02:58:30;Totalizada;bu,log,rdv,vota;registro depois de 23h41 de 04/10
BA;34436;CASA NOVA;0066;0238;04/10/2026 23:06:39;05/10/2026 00:39:08;Totalizada;bu,log,rdv,vota;registro depois de 23h41 de 04/10
BA;37397;MUCUGÊ;0119;0055;04/10/2026 19:15:05;04/10/2026 23:46:27;Totalizada;bu,log,rdv,vota;registro depois de 23h41 de 04/10
BA;37397;MUCUGÊ;0119;0060;04/10/2026 22:10:49;04/10/2026 23:44:31;Totalizada;bu,log,rdv,vota;registro depois de 23h41 de 04/10
BA;37397;MUCUGÊ;0119;0069;04/10/2026 17:56:46;04/10/2026 23:46:29;Totalizada;bu,log,rdv,vota;registro depois de 23h41 de 04/10
BA;37397;MUCUGÊ;0119;0072;04/10/2026 19:51:38;04/10/2026 23:46:31;Totalizada;bu,log,rdv,vota;registro depois de 23h41 de 04/10
BA;37397;MUCUGÊ;0119;0087;04/10/2026 18:19:35;04/10/2026 23:49:38;Totalizada;bu,log,rdv,vota;registro depois de 23h41 de 04/10
BA;37931;PINDOBAÇU;0115;0152;04/10/2026 17:37:47;04/10/2026 23:49:09;Totalizada;bu,log,rdv,vota;registro depois de 23h41 de 04/10
MA;07471;CAJARI;0020;0134;04/10/2026 17:04:40;05/10/2026 01:56:00;Totalizada;bu,log,rdv,vota;registro depois de 23h41 de 04/10
MA;07471;CAJARI;0020;0136;04/10/2026 17:13:33;05/10/2026 01:56:01;Totalizada;bu,log,rdv,vota;registro depois de 23h41 de 04/10
MA;07471;CAJARI;0020;0138;04/10/2026 17:18:32;05/10/2026 01:56:03;Totalizada;bu,log,rdv,vota;registro depois de 23h41 de 04/10
MA;07471;CAJARI;0020;0140;04/10/2026 17:04:31;05/10/2026 01:56:04;Totalizada;bu,log,rdv,vota;registro depois de 23h41 de 04/10
MA;07471;CAJARI;0020;0141;04/10/2026 17:06:34;05/10/2026 01:56:05;Totalizada;bu,log,rdv,vota;registro depois de 23h41 de 04/10
MA;07471;CAJARI;0020;0142;04/10/2026 21:59:24;05/10/2026 01:56:06;Totalizada;bu,log,rdv,vota;registro depois de 23h41 de 04/10
MA;07471;CAJARI;0020;0155;04/10/2026 17:03:36;05/10/2026 01:56:08;Totalizada;bu,log,rdv,vota;registro depois de 23h41 de 04/10
MA;07471;CAJARI;0020;0171;04/10/2026 17:21:28;05/10/2026 01:56:09;Totalizada;bu,log,rdv,vota;registro depois de 23h41 de 04/10
MA;07471;CAJARI;0020;0184;04/10/2026 17:04:12;05/10/2026 01:56:10;Totalizada;bu,log,rdv,vota;registro depois de 23h41 de 04/10
MA;07471;CAJARI;0020;0219;04/10/2026 17:02:12;05/10/2026 01:56:11;Totalizada;bu,log,rdv,vota;registro depois de 23h41 de 04/10
MA;07471;CAJARI;0020;0237;04/10/2026 17:06:31;05/10/2026 01:56:13;Totalizada;bu,log,rdv,vota;registro depois de 23h41 de 04/10
MA;09490;VIANA;0020;0001;04/10/2026 17:01:59;05/10/2026 01:56:14;Totalizada;bu,log,rdv,vota;registro depois de 23h41 de 04/10
MA;09490;VIANA;0020;0002;04/10/2026 17:05:27;05/10/2026 01:56:16;Totalizada;bu,log,rdv,vota;registro depois de 23h41 de 04/10
MA;09490;VIANA;0020;0003;04/10/2026 17:10:56;05/10/2026 01:56:17;Totalizada;bu,log,rdv,vota;registro depois de 23h41 de 04/10
MA;09490;VIANA;0020;0004;04/10/2026 17:05:57;05/10/2026 01:56:18;Totalizada;bu,log,rdv,vota;registro depois de 23h41 de 04/10
MA;09490;VIANA;0020;0005;04/10/2026 17:02:47;05/10/2026 01:56:20;Totalizada;bu,log,rdv,vota;registro depois de 23h41 de 04/10
MA;09490;VIANA;0020;0006;04/10/2026 17:05:48;05/10/2026 01:56:21;Totalizada;bu,log,rdv,vota;registro depois de 23h41 de 04/10
MA;09490;VIANA;0020;0007;04/10/2026 17:04:14;05/10/2026 01:56:22;Totalizada;bu,log,rdv,vota;registro depois de 23h41 de 04/10
MA;09490;VIANA;0020;0008;04/10/2026 17:07:31;05/10/2026 01:56:24;Totalizada;bu,log,rdv,vota;registro depois de 23h41 de 04/10
MA;09490;VIANA;0020;0009;04/10/2026 17:05:29;05/10/2026 01:56:25;Totalizada;bu,log,rdv,vota;registro depois de 23h41 de 04/10
MA;09490;VIANA;0020;0010;04/10/2026 17:03:44;05/10/2026 01:56:26;Totalizada;bu,log,rdv,vota;registro depois de 23h41 de 04/10
MA;09490;VIANA;0020;0011;04/10/2026 17:04:01;05/10/2026 01:56:27;Totalizada;bu,log,rdv,vota;registro depois de 23h41 de 04/10
MA;09490;VIANA;0020;0014;04/10/2026 17:04:37;05/10/2026 01:56:29;Totalizada;bu,log,rdv,vota;registro depois de 23h41 de 04/10
MA;09490;VIANA;0020;0015;04/10/2026 17:05:25;05/10/2026 01:56:30;Totalizada;bu,log,rdv,vota;registro depois de 23h41 de 04/10
MA;09490;VIANA;0020;0016;04/10/2026 17:06:36;05/10/2026 01:56:31;Totalizada;bu,log,rdv,vota;registro depois de 23h41 de 04/10
MA;09490;VIANA;0020;0017;04/10/2026 17:07:04;05/10/2026 01:56:33;Totalizada;bu,log,rdv,vota;registro depois de 23h41 de 04/10
MA;09490;VIANA;0020;0018;04/10/2026 17:08:42;05/10/2026 01:56:34;Totalizada;bu,log,rdv,vota;registro depois de 23h41 de 04/10
MA;09490;VIANA;0020;0019;04/10/2026 17:07:29;05/10/2026 01:56:35;Totalizada;bu,log,rdv,vota;registro depois de 23h41 de 04/10
MA;09490;VIANA;0020;0020;04/10/2026 17:35:15;05/10/2026 01:56:37;Totalizada;bu,log,rdv,vota;registro depois de 23h41 de 04/10
MA;09490;VIANA;0020;0021;04/10/2026 17:23:45;05/10/2026 01:56:38;Totalizada;bu,log,rdv,vota;registro depois de 23h41 de 04/10
MA;09490;VIANA;0020;0022;04/10/2026 17:12:39;05/10/2026 01:56:39;Totalizada;bu,log,rdv,vota;registro depois de 23h41 de 04/10
MA;09490;VIANA;0020;0023;04/10/2026 17:14:32;05/10/2026 01:56:41;Totalizada;bu,log,rdv,vota;registro depois de 23h41 de 04/10
MA;09490;VIANA;0020;0024;04/10/2026 17:03:29;05/10/2026 01:56:42;Totalizada;bu,log,rdv,vota;registro depois de 23h41 de 04/10
MA;09490;VIANA;0020;0025;04/10/2026 17:09:14;05/10/2026 01:56:43;Totalizada;bu,log,rdv,vota;registro depois de 23h41 de 04/10
MA;09490;VIANA;0020;0026;04/10/2026 17:06:31;05/10/2026 01:56:45;Totalizada;bu,log,rdv,vota;registro depois de 23h41 de 04/10
MA;09490;VIANA;0020;0027;04/10/2026 17:03:10;05/10/2026 01:56:46;Totalizada;bu,log,rdv,vota;registro depois de 23h41 de 04/10
MA;09490;VIANA;0020;0028;04/10/2026 17:05:02;05/10/2026 01:56:48;Totalizada;bu,log,rdv,vota;registro depois de 23h41 de 04/10
MA;09490;VIANA;0020;0029;04/10/2026 18:06:30;05/10/2026 01:56:49;Totalizada;bu,log,rdv,vota;registro depois de 23h41 de 04/10
MA;09490;VIANA;0020;0030;04/10/2026 18:36:46;05/10/2026 01:56:51;Totalizada;bu,log,rdv,vota;registro depois de 23h41 de 04/10
MA;09490;VIANA;0020;0031;04/10/2026 17:53:38;05/10/2026 01:56:52;Totalizada;bu,log,rdv,vota;registro depois de 23h41 de 04/10
MA;09490;VIANA;0020;0032;04/10/2026 17:07:50;05/10/2026 01:56:53;Totalizada;bu,log,rdv,vota;registro depois de 23h41 de 04/10
MA;09490;VIANA;0020;0033;04/10/2026 17:45:35;05/10/2026 01:56:54;Totalizada;bu,log,rdv,vota;registro depois de 23h41 de 04/10
MA;09490;VIANA;0020;0034;04/10/2026 17:13:14;05/10/2026 01:56:56;Totalizada;bu,log,rdv,vota;registro depois de 23h41 de 04/10
MA;09490;VIANA;0020;0041;04/10/2026 17:06:39;05/10/2026 01:56:57;Totalizada;bu,log,rdv,vota;registro depois de 23h41 de 04/10
MA;09490;VIANA;0020;0049;04/10/2026 17:04:49;05/10/2026 01:56:58;Totalizada;bu,log,rdv,vota;registro depois de 23h41 de 04/10
MG;40932;ATALÉIA;0270;0009;04/10/2026 17:05:50;04/10/2026 23:41:07;Totalizada;bu,log,rdv,vota;registro depois de 23h41 de 04/10
MG;41238;BELO HORIZONTE;0039;0168;04/10/2026 22:07:21;04/10/2026 22:15:29;Totalizada;busa,logsa,rdv,sa;BU do Sistema de Apuracao (busa)
MG;41335;BETIM;0316;0157;04/10/2026 17:07:35;04/10/2026 20:10:59;Totalizada;bu,log,rdv,vota;1a consulta HTTP 404 (arquivos publicados depois)
MG;41335;BETIM;0316;0158;04/10/2026 17:20:38;04/10/2026 20:13:59;Totalizada;bu,log,rdv,vota;1a consulta HTTP 404 (arquivos publicados depois)
MG;41335;BETIM;0316;0159;04/10/2026 17:08:15;04/10/2026 20:14:55;Totalizada;bu,log,rdv,vota;1a consulta HTTP 404 (arquivos publicados depois)
MG;41335;BETIM;0316;0160;04/10/2026 17:10:21;04/10/2026 20:10:59;Totalizada;bu,log,rdv,vota;1a consulta HTTP 404 (arquivos publicados depois)
MG;41335;BETIM;0316;0228;04/10/2026 17:13:03;04/10/2026 20:14:55;Totalizada;bu,log,rdv,vota;1a consulta HTTP 404 (arquivos publicados depois)
MG;41335;BETIM;0316;0230;04/10/2026 17:38:18;04/10/2026 20:08:59;Totalizada;bu,log,rdv,vota;1a consulta HTTP 404 (arquivos publicados depois)
MG;41335;BETIM;0316;0231;04/10/2026 17:19:00;04/10/2026 20:14:00;Totalizada;bu,log,rdv,vota;1a consulta HTTP 404 (arquivos publicados depois)
MG;41335;BETIM;0316;0250;04/10/2026 17:14:59;04/10/2026 20:14:57;Totalizada;bu,log,rdv,vota;1a consulta HTTP 404 (arquivos publicados depois)
MG;41335;BETIM;0316;0272;04/10/2026 17:31:03;04/10/2026 20:14:55;Totalizada;bu,log,rdv,vota;1a consulta HTTP 404 (arquivos publicados depois)
MG;41335;BETIM;0316;0286;04/10/2026 17:05:16;04/10/2026 20:14:58;Totalizada;bu,log,rdv,vota;1a consulta HTTP 404 (arquivos publicados depois)
MG;41335;BETIM;0316;0293;04/10/2026 17:20:41;04/10/2026 20:11:58;Totalizada;bu,log,rdv,vota;1a consulta HTTP 404 (arquivos publicados depois)
MG;41335;BETIM;0316;0323;04/10/2026 17:03:09;04/10/2026 20:15:54;Totalizada;bu,log,rdv,vota;1a consulta HTTP 404 (arquivos publicados depois)
MG;41335;BETIM;0316;0328;04/10/2026 17:12:19;04/10/2026 20:14:58;Totalizada;bu,log,rdv,vota;1a consulta HTTP 404 (arquivos publicados depois)
MG;41335;BETIM;0316;0356;04/10/2026 17:06:36;04/10/2026 20:14:54;Totalizada;bu,log,rdv,vota;1a consulta HTTP 404 (arquivos publicados depois)
MG;41335;BETIM;0316;0362;04/10/2026 17:06:40;04/10/2026 20:14:58;Totalizada;bu,log,rdv,vota;1a consulta HTTP 404 (arquivos publicados depois)
MG;41335;BETIM;0316;0376;04/10/2026 17:04:08;04/10/2026 20:11:53;Totalizada;bu,log,rdv,vota;1a consulta HTTP 404 (arquivos publicados depois)
MG;41335;BETIM;0316;0383;04/10/2026 17:04:25;04/10/2026 20:51:15;Totalizada;bu,log,rdv,vota;1a consulta HTTP 404 (arquivos publicados depois)
MG;41335;BETIM;0316;0392;04/10/2026 17:16:24;04/10/2026 20:14:58;Totalizada;bu,log,rdv,vota;1a consulta HTTP 404 (arquivos publicados depois)
MG;41335;BETIM;0316;0398;04/10/2026 17:08:27;04/10/2026 20:14:54;Totalizada;bu,log,rdv,vota;1a consulta HTTP 404 (arquivos publicados depois)
MG;41335;BETIM;0316;0422;04/10/2026 17:05:26;04/10/2026 20:14:54;Totalizada;bu,log,rdv,vota;1a consulta HTTP 404 (arquivos publicados depois)
MG;41335;BETIM;0316;0425;04/10/2026 17:07:00;04/10/2026 20:14:55;Totalizada;bu,log,rdv,vota;1a consulta HTTP 404 (arquivos publicados depois)
MG;41335;BETIM;0316;0426;04/10/2026 17:11:37;04/10/2026 20:14:58;Totalizada;bu,log,rdv,vota;1a consulta HTTP 404 (arquivos publicados depois)
MG;41335;BETIM;0316;0551;04/10/2026 17:07:55;04/10/2026 20:59:11;Totalizada;bu,log,rdv,vota;1a consulta HTTP 404 (arquivos publicados depois)
MG;41335;BETIM;0316;0556;04/10/2026 17:03:31;04/10/2026 20:51:11;Totalizada;bu,log,rdv,vota;1a consulta HTTP 404 (arquivos publicados depois)
MG;41335;BETIM;0316;0593;04/10/2026 17:06:45;04/10/2026 20:51:11;Totalizada;bu,log,rdv,vota;1a consulta HTTP 404 (arquivos publicados depois)
MG;41335;BETIM;0316;0594;04/10/2026 17:07:08;04/10/2026 20:14:55;Totalizada;bu,log,rdv,vota;1a consulta HTTP 404 (arquivos publicados depois)
MG;41335;BETIM;0316;0609;04/10/2026 17:08:41;04/10/2026 20:14:55;Totalizada;bu,log,rdv,vota;1a consulta HTTP 404 (arquivos publicados depois)
MG;41335;BETIM;0316;0616;04/10/2026 17:11:12;04/10/2026 20:09:53;Totalizada;bu,log,rdv,vota;1a consulta HTTP 404 (arquivos publicados depois)
MG;41335;BETIM;0316;0640;04/10/2026 17:09:16;04/10/2026 20:09:54;Totalizada;bu,log,rdv,vota;1a consulta HTTP 404 (arquivos publicados depois)
MG;41335;BETIM;0316;0665;04/10/2026 17:07:53;04/10/2026 20:15:54;Totalizada;bu,log,rdv,vota;1a consulta HTTP 404 (arquivos publicados depois)
MG;41335;BETIM;0319;0058;04/10/2026 17:09:14;04/10/2026 20:10:57;Totalizada;bu,log,rdv,vota;1a consulta HTTP 404 (arquivos publicados depois)
MG;41335;BETIM;0319;0240;04/10/2026 17:04:01;04/10/2026 20:10:58;Totalizada;bu,log,rdv,vota;1a consulta HTTP 404 (arquivos publicados depois)
MG;41335;BETIM;0319;0397;04/10/2026 17:03:53;04/10/2026 20:07:54;Totalizada;bu,log,rdv,vota;1a consulta HTTP 404 (arquivos publicados depois)
MG;41602;SÃO JOÃO DAS MISSÕES;0166;0267;04/10/2026 23:55:38;05/10/2026 00:45:34;Totalizada;bu,log,rdv,vota;registro depois de 23h41 de 04/10
MG;41602;SÃO JOÃO DAS MISSÕES;0166;0282;04/10/2026 17:05:27;05/10/2026 00:45:35;Totalizada;bu,log,rdv,vota;registro depois de 23h41 de 04/10
MG;50075;PIEDADE DOS GERAIS;0047;0041;04/10/2026 22:23:23;04/10/2026 22:29:08;Totalizada;busa,logsa,rdv,sa;BU do Sistema de Apuracao (busa)
MG;53716;TEÓFILO OTONI;0269;0167;04/10/2026 17:33:26;04/10/2026 21:15:52;Totalizada;bu,log,rdv,vota;1a consulta HTTP 404 (arquivos publicados depois)
MG;53716;TEÓFILO OTONI;0269;0196;04/10/2026 17:06:13;04/10/2026 20:59:11;Totalizada;bu,log,rdv,vota;1a consulta HTTP 404 (arquivos publicados depois)
MG;53716;TEÓFILO OTONI;0269;0197;04/10/2026 17:54:45;04/10/2026 20:58:11;Totalizada;bu,log,rdv,vota;1a consulta HTTP 404 (arquivos publicados depois)
MG;53716;TEÓFILO OTONI;0269;0198;04/10/2026 17:33:27;04/10/2026 20:59:09;Totalizada;bu,log,rdv,vota;1a consulta HTTP 404 (arquivos publicados depois)
MG;53716;TEÓFILO OTONI;0269;0199;04/10/2026 19:37:38;04/10/2026 20:59:11;Totalizada;bu,log,rdv,vota;1a consulta HTTP 404 (arquivos publicados depois)
MG;53716;TEÓFILO OTONI;0269;0200;04/10/2026 17:17:38;04/10/2026 20:59:11;Totalizada;bu,log,rdv,vota;1a consulta HTTP 404 (arquivos publicados depois)
MG;53716;TEÓFILO OTONI;0269;0201;04/10/2026 17:15:55;04/10/2026 20:59:09;Totalizada;bu,log,rdv,vota;1a consulta HTTP 404 (arquivos publicados depois)
MG;53716;TEÓFILO OTONI;0269;0207;04/10/2026 17:06:36;04/10/2026 20:47:51;Totalizada;bu,log,rdv,vota;1a consulta HTTP 404 (arquivos publicados depois)
MG;53716;TEÓFILO OTONI;0269;0208;04/10/2026 17:12:53;04/10/2026 20:47:52;Totalizada;bu,log,rdv,vota;1a consulta HTTP 404 (arquivos publicados depois)
MG;53716;TEÓFILO OTONI;0269;0235;04/10/2026 18:02:40;04/10/2026 20:53:10;Totalizada;bu,log,rdv,vota;1a consulta HTTP 404 (arquivos publicados depois)
MG;53716;TEÓFILO OTONI;0269;0238;04/10/2026 19:12:36;04/10/2026 20:52:58;Totalizada;bu,log,rdv,vota;1a consulta HTTP 404 (arquivos publicados depois)
MG;53716;TEÓFILO OTONI;0269;0246;04/10/2026 18:57:07;04/10/2026 20:58:11;Totalizada;bu,log,rdv,vota;1a consulta HTTP 404 (arquivos publicados depois)
MG;53716;TEÓFILO OTONI;0269;0274;04/10/2026 19:37:25;04/10/2026 20:53:12;Totalizada;bu,log,rdv,vota;1a consulta HTTP 404 (arquivos publicados depois)
MG;53716;TEÓFILO OTONI;0269;0277;04/10/2026 17:19:07;04/10/2026 20:47:52;Totalizada;bu,log,rdv,vota;1a consulta HTTP 404 (arquivos publicados depois)
MG;53716;TEÓFILO OTONI;0269;0304;04/10/2026 18:58:15;04/10/2026 20:44:30;Totalizada;bu,log,rdv,vota;1a consulta HTTP 404 (arquivos publicados depois)
MG;53716;TEÓFILO OTONI;0269;0312;04/10/2026 18:24:44;04/10/2026 20:44:30;Totalizada;bu,log,rdv,vota;1a consulta HTTP 404 (arquivos publicados depois)
MG;53716;TEÓFILO OTONI;0269;0349;04/10/2026 17:30:05;04/10/2026 20:44:30;Totalizada;bu,log,rdv,vota;1a consulta HTTP 404 (arquivos publicados depois)
MG;53716;TEÓFILO OTONI;0269;0358;04/10/2026 19:13:03;04/10/2026 20:45:57;Totalizada;bu,log,rdv,vota;1a consulta HTTP 404 (arquivos publicados depois)
MG;54038;UBERLÂNDIA;0279;0204;04/10/2026 17:03:47;04/10/2026 20:54:09;Totalizada;bu,log,rdv,vota;1a consulta HTTP 404 (arquivos publicados depois)
MG;54038;UBERLÂNDIA;0279;0269;04/10/2026 17:03:09;04/10/2026 20:52:58;Totalizada;bu,log,rdv,vota;1a consulta HTTP 404 (arquivos publicados depois)
MG;54038;UBERLÂNDIA;0279;0287;04/10/2026 17:05:40;04/10/2026 20:54:07;Totalizada;bu,log,rdv,vota;1a consulta HTTP 404 (arquivos publicados depois)
MG;54038;UBERLÂNDIA;0279;0486;04/10/2026 17:05:43;04/10/2026 20:53:06;Totalizada;bu,log,rdv,vota;1a consulta HTTP 404 (arquivos publicados depois)
MG;54038;UBERLÂNDIA;0279;0625;04/10/2026 17:04:31;04/10/2026 20:55:59;Totalizada;bu,log,rdv,vota;1a consulta HTTP 404 (arquivos publicados depois)
PA;04057;AFUÁ;0016;0007;04/10/2026 18:10:22;05/10/2026 09:24:46;Totalizada;bu,log,rdv,vota;registro depois de 23h41 de 04/10
PA;04057;AFUÁ;0016;0008;04/10/2026 17:16:55;05/10/2026 09:32:23;Totalizada;bu,log,rdv,vota;registro depois de 23h41 de 04/10
PA;04057;AFUÁ;0016;0012;04/10/2026 17:07:42;05/10/2026 09:27:28;Totalizada;bu,log,rdv,vota;registro depois de 23h41 de 04/10
PA;04057;AFUÁ;0016;0016;04/10/2026 17:05:13;05/10/2026 09:39:07;Totalizada;bu,log,rdv,vota;registro depois de 23h41 de 04/10
PA;04057;AFUÁ;0016;0017;04/10/2026 17:44:37;05/10/2026 09:24:26;Totalizada;bu,log,rdv,vota;registro depois de 23h41 de 04/10
PA;04057;AFUÁ;0016;0022;04/10/2026 18:34:01;05/10/2026 09:24:35;Totalizada;bu,log,rdv,vota;registro depois de 23h41 de 04/10
PA;04057;AFUÁ;0016;0025;04/10/2026 18:57:46;05/10/2026 09:25:39;Totalizada;bu,log,rdv,vota;registro depois de 23h41 de 04/10
PA;04057;AFUÁ;0016;0069;04/10/2026 17:20:58;05/10/2026 09:28:35;Totalizada;bu,log,rdv,vota;registro depois de 23h41 de 04/10
PA;04057;AFUÁ;0016;0075;04/10/2026 17:15:17;05/10/2026 09:29:27;Totalizada;bu,log,rdv,vota;registro depois de 23h41 de 04/10
PA;04057;AFUÁ;0016;0078;04/10/2026 17:04:27;05/10/2026 09:23:49;Totalizada;bu,log,rdv,vota;registro depois de 23h41 de 04/10
PA;04057;AFUÁ;0016;0081;04/10/2026 18:37:11;05/10/2026 09:25:13;Totalizada;bu,log,rdv,vota;registro depois de 23h41 de 04/10
PA;04057;AFUÁ;0016;0083;04/10/2026 17:20:23;05/10/2026 09:31:21;Totalizada;bu,log,rdv,vota;registro depois de 23h41 de 04/10
PA;04057;AFUÁ;0016;0098;04/10/2026 18:12:51;05/10/2026 09:26:14;Totalizada;bu,log,rdv,vota;registro depois de 23h41 de 04/10
PA;04057;AFUÁ;0016;0099;04/10/2026 17:08:23;05/10/2026 09:38:37;Totalizada;bu,log,rdv,vota;registro depois de 23h41 de 04/10
PA;04057;AFUÁ;0016;0104;04/10/2026 17:17:03;05/10/2026 09:35:29;Totalizada;bu,log,rdv,vota;registro depois de 23h41 de 04/10
PA;04057;AFUÁ;0016;0109;04/10/2026 19:52:18;05/10/2026 09:36:05;Totalizada;bu,log,rdv,vota;registro depois de 23h41 de 04/10
PA;04057;AFUÁ;0016;0111;04/10/2026 17:12:04;05/10/2026 09:38:54;Totalizada;bu,log,rdv,vota;registro depois de 23h41 de 04/10
PA;04057;AFUÁ;0016;0121;04/10/2026 17:05:51;05/10/2026 09:25:02;Totalizada;bu,log,rdv,vota;registro depois de 23h41 de 04/10
PA;04057;AFUÁ;0016;0123;04/10/2026 17:42:34;05/10/2026 09:24:19;Totalizada;bu,log,rdv,vota;registro depois de 23h41 de 04/10
PA;04057;AFUÁ;0016;0127;04/10/2026 17:37:44;05/10/2026 09:25:27;Totalizada;bu,log,rdv,vota;registro depois de 23h41 de 04/10
PA;04057;AFUÁ;0016;0129;04/10/2026 18:12:03;05/10/2026 09:36:29;Totalizada;bu,log,rdv,vota;registro depois de 23h41 de 04/10
PA;04057;AFUÁ;0016;0132;04/10/2026 17:16:55;05/10/2026 09:27:02;Totalizada;bu,log,rdv,vota;registro depois de 23h41 de 04/10
PA;04057;AFUÁ;0016;0137;04/10/2026 17:05:57;05/10/2026 09:38:07;Totalizada;bu,log,rdv,vota;registro depois de 23h41 de 04/10
PA;04057;AFUÁ;0016;0140;04/10/2026 17:10:04;05/10/2026 09:30:08;Totalizada;bu,log,rdv,vota;registro depois de 23h41 de 04/10
PA;04278;BELÉM;0097;0001;04/10/2026 18:00:23;05/10/2026 13:41:26;Recebida;bu,imgbu,log,rdv,vota;registro depois de 23h41 de 04/10
PA;04278;BELÉM;0097;0002;04/10/2026 17:05:42;05/10/2026 13:41:26;Recebida;bu,imgbu,log,rdv,vota;registro depois de 23h41 de 04/10
PA;04278;BELÉM;0097;0003;04/10/2026 17:40:33;05/10/2026 13:41:27;Recebida;bu,imgbu,log,rdv,vota;registro depois de 23h41 de 04/10
PA;04278;BELÉM;0097;0004;04/10/2026 17:17:56;05/10/2026 13:41:27;Recebida;bu,imgbu,log,rdv,vota;registro depois de 23h41 de 04/10
PA;04278;BELÉM;0097;0005;04/10/2026 18:20:07;05/10/2026 13:41:28;Recebida;bu,imgbu,log,rdv,vota;registro depois de 23h41 de 04/10
PA;04278;BELÉM;0097;0006;04/10/2026 17:27:28;05/10/2026 13:41:29;Recebida;bu,imgbu,log,rdv,vota;registro depois de 23h41 de 04/10
PA;04278;BELÉM;0097;0007;04/10/2026 17:16:23;05/10/2026 14:13:18;Recebida;bu,imgbu,log,rdv,vota;registro depois de 23h41 de 04/10
PA;04278;BELÉM;0097;0008;04/10/2026 17:25:54;05/10/2026 14:13:19;Recebida;bu,imgbu,log,rdv,vota;registro depois de 23h41 de 04/10
PA;04278;BELÉM;0097;0009;04/10/2026 17:40:36;05/10/2026 14:08:02;Recebida;bu,imgbu,log,rdv,vota;registro depois de 23h41 de 04/10
PA;04278;BELÉM;0097;0010;04/10/2026 17:22:47;05/10/2026 14:08:03;Recebida;bu,imgbu,log,rdv,vota;registro depois de 23h41 de 04/10
PA;04278;BELÉM;0097;0011;04/10/2026 18:06:16;05/10/2026 14:08:03;Recebida;bu,imgbu,log,rdv,vota;registro depois de 23h41 de 04/10
PA;04278;BELÉM;0097;0012;04/10/2026 18:29:10;05/10/2026 14:08:04;Recebida;bu,imgbu,log,rdv,vota;registro depois de 23h41 de 04/10
PA;04278;BELÉM;0097;0013;04/10/2026 18:04:49;05/10/2026 13:41:30;Recebida;bu,imgbu,log,rdv,vota;registro depois de 23h41 de 04/10
PA;04278;BELÉM;0097;0014;04/10/2026 17:16:40;05/10/2026 14:18:35;Recebida;bu,imgbu,log,rdv,vota;registro depois de 23h41 de 04/10
PA;04278;BELÉM;0097;0015;04/10/2026 17:16:24;05/10/2026 13:41:30;Recebida;bu,imgbu,log,rdv,vota;registro depois de 23h41 de 04/10
PA;04278;BELÉM;0097;0016;04/10/2026 17:30:14;05/10/2026 13:41:31;Recebida;bu,imgbu,log,rdv,vota;registro depois de 23h41 de 04/10
PA;04278;BELÉM;0097;0017;04/10/2026 17:09:56;05/10/2026 13:41:32;Recebida;bu,imgbu,log,rdv,vota;registro depois de 23h41 de 04/10
PA;04278;BELÉM;0097;0018;04/10/2026 17:31:15;05/10/2026 14:18:36;Recebida;bu,imgbu,log,rdv,vota;registro depois de 23h41 de 04/10
PA;04278;BELÉM;0097;0019;04/10/2026 17:13:18;05/10/2026 13:57:26;Recebida;bu,imgbu,log,rdv,vota;registro depois de 23h41 de 04/10
PA;04278;BELÉM;0097;0020;04/10/2026 17:14:35;05/10/2026 13:57:27;Recebida;bu,imgbu,log,rdv,vota;registro depois de 23h41 de 04/10
PA;04278;BELÉM;0097;0021;04/10/2026 17:23:50;05/10/2026 13:57:27;Recebida;bu,imgbu,log,rdv,vota;registro depois de 23h41 de 04/10
PA;04278;BELÉM;0097;0022;04/10/2026 17:51:22;05/10/2026 13:57:28;Recebida;bu,imgbu,log,rdv,vota;registro depois de 23h41 de 04/10
PA;04278;BELÉM;0097;0023;04/10/2026 17:19:27;05/10/2026 13:57:29;Recebida;bu,imgbu,log,rdv,vota;registro depois de 23h41 de 04/10
PA;04278;BELÉM;0097;0024;04/10/2026 17:14:52;05/10/2026 13:57:29;Recebida;bu,imgbu,log,rdv,vota;registro depois de 23h41 de 04/10
PA;04278;BELÉM;0097;0025;04/10/2026 17:15:31;05/10/2026 13:57:30;Recebida;bu,imgbu,log,rdv,vota;registro depois de 23h41 de 04/10
PA;04278;BELÉM;0097;0026;04/10/2026 17:18:59;05/10/2026 13:57:31;Recebida;bu,imgbu,log,rdv,vota;registro depois de 23h41 de 04/10
PA;04278;BELÉM;0097;0027;04/10/2026 17:17:33;05/10/2026 14:02:38;Recebida;bu,imgbu,log,rdv,vota;registro depois de 23h41 de 04/10
PA;04278;BELÉM;0097;0028;04/10/2026 17:25:26;05/10/2026 14:13:19;Recebida;bu,imgbu,log,rdv,vota;registro depois de 23h41 de 04/10
PA;04278;BELÉM;0097;0029;04/10/2026 17:13:45;05/10/2026 14:13:20;Recebida;bu,imgbu,log,rdv,vota;registro depois de 23h41 de 04/10
PA;04278;BELÉM;0097;0030;04/10/2026 17:15:49;05/10/2026 14:02:38;Recebida;bu,imgbu,log,rdv,vota;registro depois de 23h41 de 04/10
PA;04278;BELÉM;0097;0031;04/10/2026 17:30:53;05/10/2026 14:02:39;Recebida;bu,imgbu,log,rdv,vota;registro depois de 23h41 de 04/10
PA;04278;BELÉM;0097;0032;04/10/2026 17:11:49;05/10/2026 14:02:40;Recebida;bu,imgbu,log,rdv,vota;registro depois de 23h41 de 04/10
PA;04278;BELÉM;0097;0033;04/10/2026 18:27:30;05/10/2026 14:02:40;Recebida;bu,imgbu,log,rdv,vota;registro depois de 23h41 de 04/10
PA;04278;BELÉM;0097;0034;04/10/2026 18:35:34;05/10/2026 14:02:41;Recebida;bu,imgbu,log,rdv,vota;registro depois de 23h41 de 04/10
PA;04278;BELÉM;0097;0035;04/10/2026 18:43:20;05/10/2026 14:18:36;Recebida;bu,imgbu,log,rdv,vota;registro depois de 23h41 de 04/10
PA;04278;BELÉM;0097;0036;04/10/2026 17:43:41;05/10/2026 14:18:37;Recebida;bu,imgbu,log,rdv,vota;registro depois de 23h41 de 04/10
PA;04278;BELÉM;0097;0037;04/10/2026 18:37:48;05/10/2026 14:13:21;Recebida;bu,imgbu,log,rdv,vota;registro depois de 23h41 de 04/10
PA;04278;BELÉM;0097;0038;04/10/2026 18:20:09;05/10/2026 14:18:38;Recebida;bu,imgbu,log,rdv,vota;registro depois de 23h41 de 04/10
PA;04278;BELÉM;0097;0039;04/10/2026 17:13:26;05/10/2026 14:13:21;Recebida;bu,imgbu,log,rdv,vota;registro depois de 23h41 de 04/10
PA;04278;BELÉM;0097;0040;04/10/2026 18:35:12;05/10/2026 14:08:05;Recebida;bu,imgbu,log,rdv,vota;registro depois de 23h41 de 04/10
PA;04278;BELÉM;0097;0041;04/10/2026 17:37:46;05/10/2026 14:18:38;Recebida;bu,imgbu,log,rdv,vota;registro depois de 23h41 de 04/10
PA;04278;BELÉM;0097;0042;04/10/2026 18:17:43;05/10/2026 14:18:39;Recebida;bu,imgbu,log,rdv,vota;registro depois de 23h41 de 04/10
PA;04278;BELÉM;0097;0043;04/10/2026 18:04:09;05/10/2026 14:13:22;Recebida;bu,imgbu,log,rdv,vota;registro depois de 23h41 de 04/10
PA;04278;BELÉM;0097;0044;04/10/2026 17:57:36;05/10/2026 14:13:23;Recebida;bu,imgbu,log,rdv,vota;registro depois de 23h41 de 04/10
PA;04278;BELÉM;0097;0045;04/10/2026 18:28:43;05/10/2026 14:13:24;Recebida;bu,imgbu,log,rdv,vota;registro depois de 23h41 de 04/10
PA;04278;BELÉM;0097;0046;04/10/2026 17:09:28;05/10/2026 14:13:24;Recebida;bu,imgbu,log,rdv,vota;registro depois de 23h41 de 04/10
PA;04278;BELÉM;0097;0047;04/10/2026 18:26:47;05/10/2026 14:13:25;Recebida;bu,imgbu,log,rdv,vota;registro depois de 23h41 de 04/10
PA;04278;BELÉM;0097;0048;04/10/2026 17:11:25;05/10/2026 14:02:42;Recebida;bu,imgbu,log,rdv,vota;registro depois de 23h41 de 04/10
PA;04278;BELÉM;0097;0049;04/10/2026 17:12:38;05/10/2026 14:13:26;Recebida;bu,imgbu,log,rdv,vota;registro depois de 23h41 de 04/10
PA;04278;BELÉM;0097;0050;04/10/2026 17:23:43;05/10/2026 14:18:40;Recebida;bu,imgbu,log,rdv,vota;registro depois de 23h41 de 04/10
PA;04278;BELÉM;0097;0051;04/10/2026 18:30:52;05/10/2026 13:41:32;Recebida;bu,imgbu,log,rdv,vota;registro depois de 23h41 de 04/10
PA;04278;BELÉM;0097;0052;04/10/2026 17:16:09;05/10/2026 14:18:40;Recebida;bu,imgbu,log,rdv,vota;registro depois de 23h41 de 04/10
PA;04278;BELÉM;0097;0053;04/10/2026 17:14:45;05/10/2026 14:13:26;Recebida;bu,imgbu,log,rdv,vota;registro depois de 23h41 de 04/10
PA;04278;BELÉM;0097;0054;04/10/2026 17:15:03;05/10/2026 14:18:41;Recebida;bu,imgbu,log,rdv,vota;registro depois de 23h41 de 04/10
PA;04278;BELÉM;0097;0055;04/10/2026 17:15:25;05/10/2026 14:13:27;Recebida;bu,imgbu,log,rdv,vota;registro depois de 23h41 de 04/10
PA;04278;BELÉM;0097;0056;04/10/2026 17:52:31;05/10/2026 14:13:27;Recebida;bu,imgbu,log,rdv,vota;registro depois de 23h41 de 04/10
PA;04278;BELÉM;0097;0057;04/10/2026 17:18:11;05/10/2026 14:02:43;Recebida;bu,imgbu,log,rdv,vota;registro depois de 23h41 de 04/10
PA;04278;BELÉM;0097;0059;04/10/2026 17:54:56;05/10/2026 14:02:43;Recebida;bu,imgbu,log,rdv,vota;registro depois de 23h41 de 04/10
PA;04278;BELÉM;0097;0060;04/10/2026 17:32:00;05/10/2026 13:51:46;Recebida;bu,imgbu,log,rdv,vota;registro depois de 23h41 de 04/10
PA;04278;BELÉM;0097;0061;04/10/2026 17:09:04;05/10/2026 13:57:31;Recebida;bu,imgbu,log,rdv,vota;registro depois de 23h41 de 04/10
PA;04278;BELÉM;0097;0062;04/10/2026 17:45:09;05/10/2026 13:51:46;Recebida;bu,imgbu,log,rdv,vota;registro depois de 23h41 de 04/10
PA;04278;BELÉM;0097;0063;04/10/2026 17:41:46;05/10/2026 13:41:33;Recebida;bu,imgbu,log,rdv,vota;registro depois de 23h41 de 04/10
PA;04278;BELÉM;0097;0064;04/10/2026 17:12:22;05/10/2026 13:51:47;Recebida;bu,imgbu,log,rdv,vota;registro depois de 23h41 de 04/10
PA;04278;BELÉM;0097;0065;04/10/2026 17:26:39;05/10/2026 14:02:44;Recebida;bu,imgbu,log,rdv,vota;registro depois de 23h41 de 04/10
PA;04278;BELÉM;0097;0189;04/10/2026 18:01:05;05/10/2026 14:18:42;Recebida;bu,imgbu,log,rdv,vota;registro depois de 23h41 de 04/10
PA;04278;BELÉM;0097;0197;04/10/2026 17:32:12;05/10/2026 14:08:05;Recebida;bu,imgbu,log,rdv,vota;registro depois de 23h41 de 04/10
PA;04278;BELÉM;0097;0198;04/10/2026 17:19:31;05/10/2026 14:02:45;Recebida;bu,imgbu,log,rdv,vota;registro depois de 23h41 de 04/10
PA;04278;BELÉM;0097;0200;04/10/2026 17:08:31;05/10/2026 13:41:34;Recebida;bu,imgbu,log,rdv,vota;registro depois de 23h41 de 04/10
PA;04278;BELÉM;0097;0205;04/10/2026 17:03:09;05/10/2026 14:08:06;Recebida;bu,imgbu,log,rdv,vota;registro depois de 23h41 de 04/10
PA;04278;BELÉM;0097;0206;04/10/2026 17:31:53;05/10/2026 14:02:45;Recebida;bu,imgbu,log,rdv,vota;registro depois de 23h41 de 04/10
PA;04278;BELÉM;0097;0210;04/10/2026 17:08:57;05/10/2026 14:08:07;Recebida;bu,imgbu,log,rdv,vota;registro depois de 23h41 de 04/10
PA;04278;BELÉM;0097;0211;04/10/2026 17:10:45;05/10/2026 13:57:32;Recebida;bu,imgbu,log,rdv,vota;registro depois de 23h41 de 04/10
PA;04278;BELÉM;0097;0212;04/10/2026 17:20:32;05/10/2026 13:57:33;Recebida;bu,imgbu,log,rdv,vota;registro depois de 23h41 de 04/10
PA;04278;BELÉM;0097;0213;04/10/2026 17:26:05;05/10/2026 14:02:46;Recebida;bu,imgbu,log,rdv,vota;registro depois de 23h41 de 04/10
PA;04278;BELÉM;0097;0216;04/10/2026 17:05:51;05/10/2026 14:08:07;Recebida;bu,imgbu,log,rdv,vota;registro depois de 23h41 de 04/10
PA;04278;BELÉM;0097;0219;04/10/2026 17:44:07;05/10/2026 13:57:33;Recebida;bu,imgbu,log,rdv,vota;registro depois de 23h41 de 04/10
PA;04278;BELÉM;0097;0225;04/10/2026 17:19:41;05/10/2026 14:02:47;Recebida;bu,imgbu,log,rdv,vota;registro depois de 23h41 de 04/10
PA;04278;BELÉM;0097;0226;04/10/2026 18:11:15;05/10/2026 13:41:34;Recebida;bu,imgbu,log,rdv,vota;registro depois de 23h41 de 04/10
PA;04278;BELÉM;0097;0227;04/10/2026 17:09:08;05/10/2026 14:18:42;Recebida;bu,imgbu,log,rdv,vota;registro depois de 23h41 de 04/10
PA;04278;BELÉM;0097;0228;04/10/2026 17:39:14;05/10/2026 13:51:48;Recebida;bu,imgbu,log,rdv,vota;registro depois de 23h41 de 04/10
PA;04278;BELÉM;0097;0230;04/10/2026 18:11:37;05/10/2026 13:51:48;Recebida;bu,imgbu,log,rdv,vota;registro depois de 23h41 de 04/10
PA;04278;BELÉM;0097;0231;04/10/2026 17:36:21;05/10/2026 14:08:08;Recebida;bu,imgbu,log,rdv,vota;registro depois de 23h41 de 04/10
PA;04278;BELÉM;0097;0235;04/10/2026 17:31:56;05/10/2026 14:02:47;Recebida;bu,imgbu,log,rdv,vota;registro depois de 23h41 de 04/10
PA;04278;BELÉM;0097;0236;04/10/2026 17:09:49;05/10/2026 13:57:34;Recebida;bu,imgbu,log,rdv,vota;registro depois de 23h41 de 04/10
PA;04278;BELÉM;0097;0238;04/10/2026 17:24:17;05/10/2026 14:02:48;Recebida;bu,imgbu,log,rdv,vota;registro depois de 23h41 de 04/10
PA;04278;BELÉM;0097;0240;04/10/2026 17:05:18;05/10/2026 13:57:35;Recebida;bu,imgbu,log,rdv,vota;registro depois de 23h41 de 04/10
PA;04278;BELÉM;0097;0243;04/10/2026 17:40:46;05/10/2026 14:13:28;Recebida;bu,imgbu,log,rdv,vota;registro depois de 23h41 de 04/10
PA;04278;BELÉM;0097;0245;04/10/2026 17:56:03;05/10/2026 13:51:49;Recebida;bu,imgbu,log,rdv,vota;registro depois de 23h41 de 04/10
PA;04278;BELÉM;0097;0250;04/10/2026 17:21:41;05/10/2026 13:51:51;Recebida;bu,imgbu,log,rdv,vota;registro depois de 23h41 de 04/10
PA;04278;BELÉM;0097;0251;04/10/2026 17:09:09;05/10/2026 13:51:52;Recebida;bu,imgbu,log,rdv,vota;registro depois de 23h41 de 04/10
PA;04278;BELÉM;0097;0255;04/10/2026 17:19:02;05/10/2026 14:13:29;Recebida;bu,imgbu,log,rdv,vota;registro depois de 23h41 de 04/10
PA;04278;BELÉM;0097;0257;04/10/2026 17:20:42;05/10/2026 14:02:48;Recebida;bu,imgbu,log,rdv,vota;registro depois de 23h41 de 04/10
PA;04278;BELÉM;0097;0265;04/10/2026 18:03:23;05/10/2026 14:13:29;Recebida;bu,imgbu,log,rdv,vota;registro depois de 23h41 de 04/10
PA;04278;BELÉM;0097;0266;04/10/2026 17:27:56;05/10/2026 14:02:49;Recebida;bu,imgbu,log,rdv,vota;registro depois de 23h41 de 04/10
PA;04278;BELÉM;0097;0267;04/10/2026 17:15:39;05/10/2026 13:51:52;Recebida;bu,imgbu,log,rdv,vota;registro depois de 23h41 de 04/10
PA;04278;BELÉM;0097;0269;04/10/2026 17:21:00;05/10/2026 13:57:35;Recebida;bu,imgbu,log,rdv,vota;registro depois de 23h41 de 04/10
PA;04278;BELÉM;0097;0270;04/10/2026 17:06:24;05/10/2026 14:08:09;Recebida;bu,imgbu,log,rdv,vota;registro depois de 23h41 de 04/10
PA;04278;BELÉM;0097;0273;04/10/2026 17:13:48;05/10/2026 14:02:50;Recebida;bu,imgbu,log,rdv,vota;registro depois de 23h41 de 04/10
PA;04278;BELÉM;0097;0274;04/10/2026 17:11:05;05/10/2026 14:13:30;Recebida;bu,imgbu,log,rdv,vota;registro depois de 23h41 de 04/10
PA;04278;BELÉM;0097;0277;04/10/2026 17:07:40;05/10/2026 14:18:43;Recebida;bu,imgbu,log,rdv,vota;registro depois de 23h41 de 04/10
PA;04278;BELÉM;0097;0278;04/10/2026 17:04:09;05/10/2026 13:57:36;Recebida;bu,imgbu,log,rdv,vota;registro depois de 23h41 de 04/10
PA;04278;BELÉM;0097;0280;04/10/2026 17:18:02;05/10/2026 13:51:52;Recebida;bu,imgbu,log,rdv,vota;registro depois de 23h41 de 04/10
PA;04278;BELÉM;0097;0281;04/10/2026 17:28:36;05/10/2026 14:02:51;Recebida;bu,imgbu,log,rdv,vota;registro depois de 23h41 de 04/10
PA;04278;BELÉM;0097;0283;04/10/2026 17:51:22;05/10/2026 14:13:31;Recebida;bu,imgbu,log,rdv,vota;registro depois de 23h41 de 04/10
PA;04278;BELÉM;0097;0284;04/10/2026 18:05:48;05/10/2026 14:13:31;Recebida;bu,imgbu,log,rdv,vota;registro depois de 23h41 de 04/10
PA;04278;BELÉM;0097;0286;04/10/2026 17:51:05;05/10/2026 14:02:51;Recebida;bu,imgbu,log,rdv,vota;registro depois de 23h41 de 04/10
PA;04278;BELÉM;0097;0290;04/10/2026 18:14:12;05/10/2026 14:18:44;Recebida;bu,imgbu,log,rdv,vota;registro depois de 23h41 de 04/10
PA;04278;BELÉM;0097;0292;04/10/2026 17:19:42;05/10/2026 13:57:37;Recebida;bu,imgbu,log,rdv,vota;registro depois de 23h41 de 04/10
PA;04278;BELÉM;0097;0294;04/10/2026 18:23:33;05/10/2026 14:18:44;Recebida;bu,imgbu,log,rdv,vota;registro depois de 23h41 de 04/10
PA;04278;BELÉM;0097;0301;04/10/2026 17:08:32;05/10/2026 14:08:09;Recebida;bu,imgbu,log,rdv,vota;registro depois de 23h41 de 04/10
PA;04278;BELÉM;0097;0303;04/10/2026 17:32:42;05/10/2026 14:02:52;Recebida;bu,imgbu,log,rdv,vota;registro depois de 23h41 de 04/10
PA;04278;BELÉM;0097;0304;04/10/2026 17:06:25;05/10/2026 14:02:53;Recebida;bu,imgbu,log,rdv,vota;registro depois de 23h41 de 04/10
PA;04278;BELÉM;0097;0305;04/10/2026 17:19:36;05/10/2026 13:51:53;Recebida;bu,imgbu,log,rdv,vota;registro depois de 23h41 de 04/10
PA;04278;BELÉM;0097;0306;04/10/2026 17:14:20;05/10/2026 13:51:53;Recebida;bu,imgbu,log,rdv,vota;registro depois de 23h41 de 04/10
PA;04278;BELÉM;0097;0307;04/10/2026 17:06:14;05/10/2026 14:02:53;Recebida;bu,imgbu,log,rdv,vota;registro depois de 23h41 de 04/10
PA;04278;BELÉM;0097;0308;04/10/2026 17:12:12;05/10/2026 13:51:54;Recebida;bu,imgbu,log,rdv,vota;registro depois de 23h41 de 04/10
PA;04278;BELÉM;0097;0309;04/10/2026 17:14:35;05/10/2026 13:57:37;Recebida;bu,imgbu,log,rdv,vota;registro depois de 23h41 de 04/10
PA;04278;BELÉM;0097;0310;04/10/2026 18:02:27;05/10/2026 14:08:10;Recebida;bu,imgbu,log,rdv,vota;registro depois de 23h41 de 04/10
PA;04278;BELÉM;0097;0311;04/10/2026 17:11:43;05/10/2026 13:57:38;Recebida;bu,imgbu,log,rdv,vota;registro depois de 23h41 de 04/10
PA;04278;BELÉM;0097;0312;04/10/2026 17:06:19;05/10/2026 14:08:11;Recebida;bu,imgbu,log,rdv,vota;registro depois de 23h41 de 04/10
PA;04278;BELÉM;0097;0313;04/10/2026 17:41:46;05/10/2026 14:08:11;Recebida;bu,imgbu,log,rdv,vota;registro depois de 23h41 de 04/10
PA;04278;BELÉM;0097;0314;04/10/2026 17:14:29;05/10/2026 13:57:39;Recebida;bu,imgbu,log,rdv,vota;registro depois de 23h41 de 04/10
PA;04278;BELÉM;0097;0315;04/10/2026 17:07:15;05/10/2026 14:08:12;Recebida;bu,imgbu,log,rdv,vota;registro depois de 23h41 de 04/10
PA;04278;BELÉM;0097;0316;04/10/2026 17:08:03;05/10/2026 13:57:39;Recebida;bu,imgbu,log,rdv,vota;registro depois de 23h41 de 04/10
PA;04278;BELÉM;0097;0317;04/10/2026 17:28:14;05/10/2026 13:57:40;Recebida;bu,imgbu,log,rdv,vota;registro depois de 23h41 de 04/10
PA;04278;BELÉM;0097;0318;04/10/2026 17:18:18;05/10/2026 14:02:54;Recebida;bu,imgbu,log,rdv,vota;registro depois de 23h41 de 04/10
PA;04278;BELÉM;0097;0319;04/10/2026 17:08:33;05/10/2026 14:08:13;Recebida;bu,imgbu,log,rdv,vota;registro depois de 23h41 de 04/10
PA;04278;BELÉM;0097;0320;04/10/2026 17:12:56;05/10/2026 14:13:32;Recebida;bu,imgbu,log,rdv,vota;registro depois de 23h41 de 04/10
PA;04278;BELÉM;0097;0321;04/10/2026 17:08:38;05/10/2026 14:18:45;Recebida;bu,imgbu,log,rdv,vota;registro depois de 23h41 de 04/10
PA;04278;BELÉM;0097;0322;04/10/2026 17:13:10;05/10/2026 14:18:46;Recebida;bu,imgbu,log,rdv,vota;registro depois de 23h41 de 04/10
PA;04278;BELÉM;0097;0323;04/10/2026 17:18:59;05/10/2026 14:18:46;Recebida;bu,imgbu,log,rdv,vota;registro depois de 23h41 de 04/10
PA;04278;BELÉM;0097;0324;04/10/2026 17:12:36;05/10/2026 14:18:47;Recebida;bu,imgbu,log,rdv,vota;registro depois de 23h41 de 04/10
PA;04278;BELÉM;0097;0325;04/10/2026 17:12:19;05/10/2026 14:18:48;Recebida;bu,imgbu,log,rdv,vota;registro depois de 23h41 de 04/10
PA;04278;BELÉM;0097;0326;04/10/2026 17:08:05;05/10/2026 14:18:48;Recebida;bu,imgbu,log,rdv,vota;registro depois de 23h41 de 04/10
PA;04278;BELÉM;0097;0327;04/10/2026 17:09:41;05/10/2026 14:18:49;Recebida;bu,imgbu,log,rdv,vota;registro depois de 23h41 de 04/10
PA;04278;BELÉM;0097;0328;04/10/2026 17:13:24;05/10/2026 14:18:50;Recebida;bu,imgbu,log,rdv,vota;registro depois de 23h41 de 04/10
PA;04278;BELÉM;0097;0329;04/10/2026 17:14:50;05/10/2026 14:18:50;Recebida;bu,imgbu,log,rdv,vota;registro depois de 23h41 de 04/10
PA;04278;BELÉM;0097;0330;04/10/2026 17:10:42;05/10/2026 14:18:51;Recebida;bu,imgbu,log,rdv,vota;registro depois de 23h41 de 04/10
PA;04278;BELÉM;0097;0332;04/10/2026 17:01:19;05/10/2026 13:51:55;Recebida;bu,imgbu,log,rdv,vota;registro depois de 23h41 de 04/10
PA;04278;BELÉM;0097;0333;04/10/2026 17:04:35;05/10/2026 13:51:55;Recebida;bu,imgbu,log,rdv,vota;registro depois de 23h41 de 04/10
PA;04278;BELÉM;0097;0334;04/10/2026 17:03:13;05/10/2026 13:51:56;Recebida;bu,imgbu,log,rdv,vota;registro depois de 23h41 de 04/10
PA;04278;BELÉM;0097;0335;04/10/2026 17:18:49;05/10/2026 13:51:57;Recebida;bu,imgbu,log,rdv,vota;registro depois de 23h41 de 04/10
PA;04278;BELÉM;0097;0336;04/10/2026 17:07:15;05/10/2026 13:51:58;Recebida;bu,imgbu,log,rdv,vota;registro depois de 23h41 de 04/10
PA;04278;BELÉM;0097;0337;04/10/2026 17:09:43;05/10/2026 13:51:58;Recebida;bu,imgbu,log,rdv,vota;registro depois de 23h41 de 04/10
PA;04278;BELÉM;0097;0338;04/10/2026 17:03:31;05/10/2026 13:52:00;Recebida;bu,imgbu,log,rdv,vota;registro depois de 23h41 de 04/10
PA;04278;BELÉM;0097;0339;04/10/2026 17:08:58;05/10/2026 13:52:00;Recebida;bu,imgbu,log,rdv,vota;registro depois de 23h41 de 04/10
PA;04278;BELÉM;0097;0340;04/10/2026 17:04:11;05/10/2026 13:52:01;Recebida;bu,imgbu,log,rdv,vota;registro depois de 23h41 de 04/10
PA;04278;BELÉM;0097;0341;04/10/2026 17:09:56;05/10/2026 13:52:02;Recebida;bu,imgbu,log,rdv,vota;registro depois de 23h41 de 04/10
PA;04278;BELÉM;0097;0342;04/10/2026 17:08:36;05/10/2026 13:52:02;Recebida;bu,imgbu,log,rdv,vota;registro depois de 23h41 de 04/10
PA;04278;BELÉM;0097;0343;04/10/2026 17:11:17;05/10/2026 13:52:03;Recebida;bu,imgbu,log,rdv,vota;registro depois de 23h41 de 04/10
PA;04278;BELÉM;0097;0344;04/10/2026 17:03:06;05/10/2026 13:52:04;Recebida;bu,imgbu,log,rdv,vota;registro depois de 23h41 de 04/10
PA;04278;BELÉM;0097;0345;04/10/2026 17:02:48;05/10/2026 13:52:04;Recebida;bu,imgbu,log,rdv,vota;registro depois de 23h41 de 04/10
PA;04278;BELÉM;0097;0346;04/10/2026 17:10:14;05/10/2026 13:41:35;Recebida;bu,imgbu,log,rdv,vota;registro depois de 23h41 de 04/10
PA;04278;BELÉM;0097;0347;04/10/2026 17:07:12;05/10/2026 13:52:05;Recebida;bu,imgbu,log,rdv,vota;registro depois de 23h41 de 04/10
PA;04278;BELÉM;0097;0348;04/10/2026 17:59:44;05/10/2026 14:02:54;Recebida;bu,imgbu,log,rdv,vota;registro depois de 23h41 de 04/10
PA;04278;BELÉM;0097;0349;04/10/2026 17:14:40;05/10/2026 14:02:55;Recebida;bu,imgbu,log,rdv,vota;registro depois de 23h41 de 04/10
PA;04278;BELÉM;0097;0350;04/10/2026 17:07:01;05/10/2026 14:08:13;Recebida;bu,imgbu,log,rdv,vota;registro depois de 23h41 de 04/10
PA;04278;BELÉM;0097;0351;04/10/2026 17:15:34;05/10/2026 14:08:14;Recebida;bu,imgbu,log,rdv,vota;registro depois de 23h41 de 04/10
PA;04278;BELÉM;0097;0352;04/10/2026 17:05:58;05/10/2026 13:57:41;Recebida;bu,imgbu,log,rdv,vota;registro depois de 23h41 de 04/10
PA;04278;BELÉM;0097;0353;04/10/2026 17:03:32;05/10/2026 14:02:56;Recebida;bu,imgbu,log,rdv,vota;registro depois de 23h41 de 04/10
PA;04278;BELÉM;0097;0354;04/10/2026 17:06:23;05/10/2026 14:02:56;Recebida;bu,imgbu,log,rdv,vota;registro depois de 23h41 de 04/10
PA;04278;BELÉM;0097;0355;04/10/2026 17:04:49;05/10/2026 14:08:14;Recebida;bu,imgbu,log,rdv,vota;registro depois de 23h41 de 04/10
PA;04278;BELÉM;0097;0356;04/10/2026 17:05:07;05/10/2026 14:08:15;Recebida;bu,imgbu,log,rdv,vota;registro depois de 23h41 de 04/10
PA;04278;BELÉM;0097;0357;04/10/2026 17:12:10;05/10/2026 14:08:16;Recebida;bu,imgbu,log,rdv,vota;registro depois de 23h41 de 04/10
PA;04278;BELÉM;0097;0358;04/10/2026 17:02:16;05/10/2026 13:52:06;Recebida;bu,imgbu,log,rdv,vota;registro depois de 23h41 de 04/10
PA;04278;BELÉM;0097;0359;04/10/2026 17:07:00;05/10/2026 14:08:17;Recebida;bu,imgbu,log,rdv,vota;registro depois de 23h41 de 04/10
PA;04278;BELÉM;0097;0360;04/10/2026 17:04:07;05/10/2026 13:57:41;Recebida;bu,imgbu,log,rdv,vota;registro depois de 23h41 de 04/10
PA;04278;BELÉM;0097;0361;04/10/2026 17:03:30;05/10/2026 14:08:17;Recebida;bu,imgbu,log,rdv,vota;registro depois de 23h41 de 04/10
PA;04278;BELÉM;0097;0362;04/10/2026 17:03:04;05/10/2026 14:08:18;Recebida;bu,imgbu,log,rdv,vota;registro depois de 23h41 de 04/10
PA;04278;BELÉM;0097;0363;04/10/2026 17:08:56;05/10/2026 14:08:19;Recebida;bu,imgbu,log,rdv,vota;registro depois de 23h41 de 04/10
PA;04278;BELÉM;0097;0364;04/10/2026 17:07:02;05/10/2026 13:57:42;Recebida;bu,imgbu,log,rdv,vota;registro depois de 23h41 de 04/10
PA;04278;BELÉM;0097;0365;04/10/2026 17:07:05;05/10/2026 14:08:19;Recebida;bu,imgbu,log,rdv,vota;registro depois de 23h41 de 04/10
PA;04278;BELÉM;0097;0366;04/10/2026 17:04:44;05/10/2026 14:08:20;Recebida;bu,imgbu,log,rdv,vota;registro depois de 23h41 de 04/10
PA;04278;BELÉM;0097;0367;04/10/2026 17:02:49;05/10/2026 14:08:21;Recebida;bu,imgbu,log,rdv,vota;registro depois de 23h41 de 04/10
PA;04278;BELÉM;0097;0370;04/10/2026 17:07:10;05/10/2026 13:57:43;Recebida;bu,imgbu,log,rdv,vota;registro depois de 23h41 de 04/10
PA;04278;BELÉM;0097;0371;04/10/2026 17:09:23;05/10/2026 13:57:44;Recebida;bu,imgbu,log,rdv,vota;registro depois de 23h41 de 04/10
PA;04278;BELÉM;0097;0374;04/10/2026 17:12:33;05/10/2026 14:08:21;Recebida;bu,imgbu,log,rdv,vota;registro depois de 23h41 de 04/10
PA;04278;BELÉM;0097;0375;04/10/2026 17:14:52;05/10/2026 13:52:06;Recebida;bu,imgbu,log,rdv,vota;registro depois de 23h41 de 04/10
PA;04278;BELÉM;0097;0376;04/10/2026 17:32:41;05/10/2026 13:52:07;Recebida;bu,imgbu,log,rdv,vota;registro depois de 23h41 de 04/10
PA;04278;BELÉM;0097;0377;04/10/2026 17:14:59;05/10/2026 13:57:44;Recebida;bu,imgbu,log,rdv,vota;registro depois de 23h41 de 04/10
PA;04278;BELÉM;0097;0378;04/10/2026 17:25:37;05/10/2026 14:02:57;Recebida;bu,imgbu,log,rdv,vota;registro depois de 23h41 de 04/10
PA;04278;BELÉM;0097;0379;04/10/2026 17:48:35;05/10/2026 14:08:22;Recebida;bu,imgbu,log,rdv,vota;registro depois de 23h41 de 04/10
PA;04278;BELÉM;0097;0380;04/10/2026 17:35:00;05/10/2026 14:02:58;Recebida;bu,imgbu,log,rdv,vota;registro depois de 23h41 de 04/10
PA;04278;BELÉM;0097;0381;04/10/2026 17:11:10;05/10/2026 13:57:45;Recebida;bu,imgbu,log,rdv,vota;registro depois de 23h41 de 04/10
PA;04278;BELÉM;0097;0382;04/10/2026 17:08:25;05/10/2026 14:02:58;Recebida;bu,imgbu,log,rdv,vota;registro depois de 23h41 de 04/10
PA;04278;BELÉM;0097;0383;04/10/2026 17:05:32;05/10/2026 14:08:22;Recebida;bu,imgbu,log,rdv,vota;registro depois de 23h41 de 04/10
PA;04278;BELÉM;0097;0384;04/10/2026 17:07:16;05/10/2026 14:08:23;Recebida;bu,imgbu,log,rdv,vota;registro depois de 23h41 de 04/10
PA;04278;BELÉM;0097;0385;04/10/2026 17:06:13;05/10/2026 13:57:45;Recebida;bu,imgbu,log,rdv,vota;registro depois de 23h41 de 04/10
PA;04278;BELÉM;0097;0386;04/10/2026 17:07:34;05/10/2026 13:41:36;Recebida;bu,imgbu,log,rdv,vota;registro depois de 23h41 de 04/10
PA;04278;BELÉM;0097;0387;04/10/2026 17:26:22;05/10/2026 13:41:36;Recebida;bu,imgbu,log,rdv,vota;registro depois de 23h41 de 04/10
PA;04278;BELÉM;0097;0388;04/10/2026 17:07:21;05/10/2026 14:18:52;Recebida;bu,imgbu,log,rdv,vota;registro depois de 23h41 de 04/10
PA;04278;BELÉM;0097;0389;04/10/2026 17:10:23;05/10/2026 14:18:52;Recebida;bu,imgbu,log,rdv,vota;registro depois de 23h41 de 04/10
PA;04278;BELÉM;0097;0390;04/10/2026 17:05:25;05/10/2026 13:45:24;Recebida;bu,imgbu,log,rdv,vota;registro depois de 23h41 de 04/10
PA;04278;BELÉM;0097;0391;04/10/2026 17:09:50;05/10/2026 13:41:37;Recebida;bu,imgbu,log,rdv,vota;registro depois de 23h41 de 04/10
PA;04278;BELÉM;0097;0392;04/10/2026 17:06:42;05/10/2026 13:41:38;Recebida;bu,imgbu,log,rdv,vota;registro depois de 23h41 de 04/10
PA;04278;BELÉM;0097;0393;04/10/2026 17:17:20;05/10/2026 13:41:38;Recebida;bu,imgbu,log,rdv,vota;registro depois de 23h41 de 04/10
PA;04278;BELÉM;0097;0394;04/10/2026 17:09:41;05/10/2026 14:18:53;Recebida;bu,imgbu,log,rdv,vota;registro depois de 23h41 de 04/10
PA;04278;BELÉM;0097;0395;04/10/2026 17:21:31;05/10/2026 13:41:39;Recebida;bu,imgbu,log,rdv,vota;registro depois de 23h41 de 04/10
PA;04278;BELÉM;0097;0396;04/10/2026 17:10:55;05/10/2026 14:18:53;Recebida;bu,imgbu,log,rdv,vota;registro depois de 23h41 de 04/10
PA;04278;BELÉM;0097;0397;04/10/2026 17:08:51;05/10/2026 14:18:54;Recebida;bu,imgbu,log,rdv,vota;registro depois de 23h41 de 04/10
PA;04278;BELÉM;0097;0398;04/10/2026 17:12:42;05/10/2026 13:41:40;Recebida;bu,imgbu,log,rdv,vota;registro depois de 23h41 de 04/10
PA;04278;BELÉM;0097;0399;04/10/2026 17:06:56;05/10/2026 13:41:40;Recebida;bu,imgbu,log,rdv,vota;registro depois de 23h41 de 04/10
PA;04278;BELÉM;0097;0400;04/10/2026 17:08:24;05/10/2026 14:18:55;Recebida;bu,imgbu,log,rdv,vota;registro depois de 23h41 de 04/10
PA;04278;BELÉM;0097;0401;04/10/2026 17:37:44;05/10/2026 14:02:59;Recebida;bu,imgbu,log,rdv,vota;registro depois de 23h41 de 04/10
PA;04278;BELÉM;0097;0402;04/10/2026 19:01:27;05/10/2026 14:13:33;Recebida;bu,imgbu,log,rdv,vota;registro depois de 23h41 de 04/10
PA;04278;BELÉM;0097;0403;04/10/2026 18:25:54;05/10/2026 14:13:33;Recebida;bu,imgbu,log,rdv,vota;registro depois de 23h41 de 04/10
PA;04278;BELÉM;0097;0404;04/10/2026 17:21:13;05/10/2026 14:13:34;Recebida;bu,imgbu,log,rdv,vota;registro depois de 23h41 de 04/10
PA;04278;BELÉM;0097;0405;04/10/2026 17:15:59;05/10/2026 14:13:35;Recebida;bu,imgbu,log,rdv,vota;registro depois de 23h41 de 04/10
PA;04278;BELÉM;0097;0406;04/10/2026 17:37:07;05/10/2026 14:03:00;Recebida;bu,imgbu,log,rdv,vota;registro depois de 23h41 de 04/10
PA;04278;BELÉM;0097;0407;04/10/2026 17:32:39;05/10/2026 14:03:00;Recebida;bu,imgbu,log,rdv,vota;registro depois de 23h41 de 04/10
PA;04278;BELÉM;0097;0408;04/10/2026 17:24:41;05/10/2026 14:13:35;Recebida;bu,imgbu,log,rdv,vota;registro depois de 23h41 de 04/10
PA;04278;BELÉM;0097;0409;04/10/2026 17:40:32;05/10/2026 14:03:01;Recebida;bu,imgbu,log,rdv,vota;registro depois de 23h41 de 04/10
PA;04278;BELÉM;0097;0410;04/10/2026 17:54:26;05/10/2026 14:03:02;Recebida;bu,imgbu,log,rdv,vota;registro depois de 23h41 de 04/10
PA;04278;BELÉM;0097;0411;04/10/2026 17:12:35;05/10/2026 14:13:36;Recebida;bu,imgbu,log,rdv,vota;registro depois de 23h41 de 04/10
PA;04278;BELÉM;0097;0412;04/10/2026 17:20:36;05/10/2026 14:13:37;Recebida;bu,imgbu,log,rdv,vota;registro depois de 23h41 de 04/10
PA;04278;BELÉM;0097;0413;04/10/2026 17:16:41;05/10/2026 14:08:24;Recebida;bu,imgbu,log,rdv,vota;registro depois de 23h41 de 04/10
PA;04278;BELÉM;0097;0414;04/10/2026 17:19:46;05/10/2026 14:13:37;Recebida;bu,imgbu,log,rdv,vota;registro depois de 23h41 de 04/10
PA;04278;BELÉM;0097;0415;04/10/2026 17:44:45;05/10/2026 14:08:24;Recebida;bu,imgbu,log,rdv,vota;registro depois de 23h41 de 04/10
PA;04278;BELÉM;0097;0416;04/10/2026 17:10:48;05/10/2026 14:13:38;Recebida;bu,imgbu,log,rdv,vota;registro depois de 23h41 de 04/10
PA;04278;BELÉM;0097;0417;04/10/2026 17:28:05;05/10/2026 14:13:39;Recebida;bu,imgbu,log,rdv,vota;registro depois de 23h41 de 04/10
PA;04278;BELÉM;0097;0418;04/10/2026 17:14:38;05/10/2026 14:13:39;Recebida;bu,imgbu,log,rdv,vota;registro depois de 23h41 de 04/10
PA;04278;BELÉM;0097;0419;04/10/2026 17:27:02;05/10/2026 14:13:40;Recebida;bu,imgbu,log,rdv,vota;registro depois de 23h41 de 04/10
PA;04278;BELÉM;0097;0420;04/10/2026 17:13:19;05/10/2026 14:13:41;Recebida;bu,imgbu,log,rdv,vota;registro depois de 23h41 de 04/10
PA;04278;BELÉM;0097;0421;04/10/2026 17:08:30;05/10/2026 14:18:55;Recebida;bu,imgbu,log,rdv,vota;registro depois de 23h41 de 04/10
PA;04278;BELÉM;0097;0422;04/10/2026 17:13:20;05/10/2026 14:18:56;Recebida;bu,imgbu,log,rdv,vota;registro depois de 23h41 de 04/10
PA;04278;BELÉM;0097;0423;04/10/2026 17:17:35;05/10/2026 14:18:57;Recebida;bu,imgbu,log,rdv,vota;registro depois de 23h41 de 04/10
PA;04278;BELÉM;0097;0424;04/10/2026 17:08:29;05/10/2026 14:18:57;Recebida;bu,imgbu,log,rdv,vota;registro depois de 23h41 de 04/10
PA;04278;BELÉM;0097;0425;04/10/2026 17:07:34;05/10/2026 14:18:58;Recebida;bu,imgbu,log,rdv,vota;registro depois de 23h41 de 04/10
PA;04278;BELÉM;0097;0426;04/10/2026 17:10:27;05/10/2026 14:18:58;Recebida;bu,imgbu,log,rdv,vota;registro depois de 23h41 de 04/10
PA;04278;BELÉM;0097;0427;04/10/2026 17:13:58;05/10/2026 14:18:59;Recebida;bu,imgbu,log,rdv,vota;registro depois de 23h41 de 04/10
PA;04278;BELÉM;0097;0428;04/10/2026 17:15:45;05/10/2026 14:19:00;Recebida;bu,imgbu,log,rdv,vota;registro depois de 23h41 de 04/10
PA;04278;BELÉM;0097;0429;04/10/2026 17:06:13;05/10/2026 14:19:00;Recebida;bu,imgbu,log,rdv,vota;registro depois de 23h41 de 04/10
PA;04278;BELÉM;0097;0430;04/10/2026 17:53:05;05/10/2026 14:13:41;Recebida;bu,imgbu,log,rdv,vota;registro depois de 23h41 de 04/10
PA;04278;BELÉM;0097;0431;04/10/2026 18:10:52;05/10/2026 14:13:42;Recebida;bu,imgbu,log,rdv,vota;registro depois de 23h41 de 04/10
PA;04278;BELÉM;0097;0432;04/10/2026 17:26:52;05/10/2026 14:13:43;Recebida;bu,imgbu,log,rdv,vota;registro depois de 23h41 de 04/10
PA;04278;BELÉM;0097;0433;04/10/2026 17:46:56;05/10/2026 14:13:43;Recebida;bu,imgbu,log,rdv,vota;registro depois de 23h41 de 04/10
PA;04278;BELÉM;0097;0434;04/10/2026 17:59:15;05/10/2026 14:13:44;Recebida;bu,imgbu,log,rdv,vota;registro depois de 23h41 de 04/10
PA;04278;BELÉM;0097;0435;04/10/2026 17:28:45;05/10/2026 14:08:25;Recebida;bu,imgbu,log,rdv,vota;registro depois de 23h41 de 04/10
PA;04278;BELÉM;0097;0436;04/10/2026 17:12:39;05/10/2026 13:41:41;Recebida;bu,imgbu,log,rdv,vota;registro depois de 23h41 de 04/10
PA;04278;BELÉM;0097;0437;04/10/2026 17:34:49;05/10/2026 13:52:08;Recebida;bu,imgbu,log,rdv,vota;registro depois de 23h41 de 04/10
PA;04278;BELÉM;0097;0438;04/10/2026 17:06:57;05/10/2026 13:52:08;Recebida;bu,imgbu,log,rdv,vota;registro depois de 23h41 de 04/10
PA;04278;BELÉM;0097;0439;04/10/2026 17:33:13;05/10/2026 14:08:26;Recebida;bu,imgbu,log,rdv,vota;registro depois de 23h41 de 04/10
PA;04278;BELÉM;0097;0440;04/10/2026 18:08:53;05/10/2026 14:08:26;Recebida;bu,imgbu,log,rdv,vota;registro depois de 23h41 de 04/10
PA;04278;BELÉM;0097;0441;04/10/2026 18:25:28;05/10/2026 14:13:45;Recebida;bu,imgbu,log,rdv,vota;registro depois de 23h41 de 04/10
PA;04278;BELÉM;0097;0442;04/10/2026 17:39:11;05/10/2026 13:57:46;Recebida;bu,imgbu,log,rdv,vota;registro depois de 23h41 de 04/10
PA;04278;BELÉM;0097;0443;04/10/2026 17:18:21;05/10/2026 14:08:27;Recebida;bu,imgbu,log,rdv,vota;registro depois de 23h41 de 04/10
PA;04278;BELÉM;0097;0444;04/10/2026 17:08:54;05/10/2026 14:19:01;Recebida;bu,imgbu,log,rdv,vota;registro depois de 23h41 de 04/10
PA;04278;BELÉM;0097;0445;04/10/2026 17:16:46;05/10/2026 13:52:09;Recebida;bu,imgbu,log,rdv,vota;registro depois de 23h41 de 04/10
PA;04278;BELÉM;0097;0446;04/10/2026 17:21:37;05/10/2026 13:41:42;Recebida;bu,imgbu,log,rdv,vota;registro depois de 23h41 de 04/10
PA;04278;BELÉM;0097;0447;04/10/2026 17:26:48;05/10/2026 14:08:28;Recebida;bu,imgbu,log,rdv,vota;registro depois de 23h41 de 04/10
PA;04278;BELÉM;0097;0448;04/10/2026 17:05:09;05/10/2026 13:57:46;Recebida;bu,imgbu,log,rdv,vota;registro depois de 23h41 de 04/10
PA;04278;BELÉM;0097;0449;04/10/2026 17:20:11;05/10/2026 13:57:47;Recebida;bu,imgbu,log,rdv,vota;registro depois de 23h41 de 04/10
PA;04278;BELÉM;0097;0450;04/10/2026 17:08:30;05/10/2026 13:41:42;Recebida;bu,imgbu,log,rdv,vota;registro depois de 23h41 de 04/10
PA;04278;BELÉM;0097;0451;04/10/2026 17:29:18;05/10/2026 14:13:45;Recebida;bu,imgbu,log,rdv,vota;registro depois de 23h41 de 04/10
PA;04278;BELÉM;0097;0452;04/10/2026 18:17:59;05/10/2026 14:08:28;Recebida;bu,imgbu,log,rdv,vota;registro depois de 23h41 de 04/10
PA;04278;BELÉM;0097;0453;04/10/2026 17:25:38;05/10/2026 13:52:10;Recebida;bu,imgbu,log,rdv,vota;registro depois de 23h41 de 04/10
PA;04278;BELÉM;0097;0454;04/10/2026 18:21:20;05/10/2026 14:13:46;Recebida;bu,imgbu,log,rdv,vota;registro depois de 23h41 de 04/10
PA;04278;BELÉM;0097;0455;04/10/2026 17:30:35;05/10/2026 13:41:43;Recebida;bu,imgbu,log,rdv,vota;registro depois de 23h41 de 04/10
PA;04278;BELÉM;0097;0456;04/10/2026 17:30:00;05/10/2026 13:57:48;Recebida;bu,imgbu,log,rdv,vota;registro depois de 23h41 de 04/10
PA;04278;BELÉM;0097;0457;04/10/2026 17:20:52;05/10/2026 13:52:11;Recebida;bu,imgbu,log,rdv,vota;registro depois de 23h41 de 04/10
PA;04278;BELÉM;0097;0458;04/10/2026 17:43:57;05/10/2026 14:19:02;Recebida;bu,imgbu,log,rdv,vota;registro depois de 23h41 de 04/10
PA;04278;BELÉM;0097;0459;04/10/2026 17:06:44;05/10/2026 14:19:02;Recebida;bu,imgbu,log,rdv,vota;registro depois de 23h41 de 04/10
PA;04278;BELÉM;0097;0460;04/10/2026 17:20:49;05/10/2026 13:57:48;Recebida;bu,imgbu,log,rdv,vota;registro depois de 23h41 de 04/10
PA;04278;BELÉM;0097;0461;04/10/2026 17:10:25;05/10/2026 13:52:12;Recebida;bu,imgbu,log,rdv,vota;registro depois de 23h41 de 04/10
PA;04278;BELÉM;0097;0462;04/10/2026 17:19:10;05/10/2026 14:08:29;Recebida;bu,imgbu,log,rdv,vota;registro depois de 23h41 de 04/10
PA;04278;BELÉM;0097;0463;04/10/2026 17:19:33;05/10/2026 13:41:44;Recebida;bu,imgbu,log,rdv,vota;registro depois de 23h41 de 04/10
PA;04278;BELÉM;0097;0464;04/10/2026 17:07:19;05/10/2026 13:52:13;Recebida;bu,imgbu,log,rdv,vota;registro depois de 23h41 de 04/10
PA;04278;BELÉM;0097;0465;04/10/2026 17:11:05;05/10/2026 14:03:02;Recebida;bu,imgbu,log,rdv,vota;registro depois de 23h41 de 04/10
PA;04278;BELÉM;0097;0466;04/10/2026 17:18:25;05/10/2026 14:03:03;Recebida;bu,imgbu,log,rdv,vota;registro depois de 23h41 de 04/10
PA;04278;BELÉM;0097;0467;04/10/2026 17:11:59;05/10/2026 13:52:13;Recebida;bu,imgbu,log,rdv,vota;registro depois de 23h41 de 04/10
PA;04278;BELÉM;0097;0468;04/10/2026 17:47:43;05/10/2026 14:19:03;Recebida;bu,imgbu,log,rdv,vota;registro depois de 23h41 de 04/10
PA;04278;BELÉM;0097;0469;04/10/2026 17:31:12;05/10/2026 14:19:04;Recebida;bu,imgbu,log,rdv,vota;registro depois de 23h41 de 04/10
PA;04278;BELÉM;0097;0470;04/10/2026 17:25:15;05/10/2026 13:41:44;Recebida;bu,imgbu,log,rdv,vota;registro depois de 23h41 de 04/10
PA;04278;BELÉM;0097;0471;04/10/2026 17:25:06;05/10/2026 13:41:45;Recebida;bu,imgbu,log,rdv,vota;registro depois de 23h41 de 04/10
PA;04278;BELÉM;0097;0472;04/10/2026 17:29:45;05/10/2026 14:08:30;Recebida;bu,imgbu,log,rdv,vota;registro depois de 23h41 de 04/10
PA;04278;BELÉM;0097;0473;04/10/2026 17:38:47;05/10/2026 14:19:04;Recebida;bu,imgbu,log,rdv,vota;registro depois de 23h41 de 04/10
PA;04278;BELÉM;0097;0474;04/10/2026 17:05:08;05/10/2026 13:52:14;Recebida;bu,imgbu,log,rdv,vota;registro depois de 23h41 de 04/10
PA;04278;BELÉM;0097;0475;04/10/2026 17:12:21;05/10/2026 14:13:47;Recebida;bu,imgbu,log,rdv,vota;registro depois de 23h41 de 04/10
PA;04278;BELÉM;0097;0476;04/10/2026 18:19:50;05/10/2026 14:03:04;Recebida;bu,imgbu,log,rdv,vota;registro depois de 23h41 de 04/10
PA;04278;BELÉM;0097;0477;04/10/2026 17:31:31;05/10/2026 13:41:46;Recebida;bu,imgbu,log,rdv,vota;registro depois de 23h41 de 04/10
PA;04278;BELÉM;0097;0478;04/10/2026 17:13:54;05/10/2026 14:13:47;Recebida;bu,imgbu,log,rdv,vota;registro depois de 23h41 de 04/10
PA;04278;BELÉM;0097;0479;04/10/2026 17:09:30;05/10/2026 13:57:49;Recebida;bu,imgbu,log,rdv,vota;registro depois de 23h41 de 04/10
PA;04278;BELÉM;0097;0480;04/10/2026 17:17:31;05/10/2026 13:57:50;Recebida;bu,imgbu,log,rdv,vota;registro depois de 23h41 de 04/10
PA;04278;BELÉM;0097;0481;04/10/2026 17:07:54;05/10/2026 13:57:50;Recebida;bu,imgbu,log,rdv,vota;registro depois de 23h41 de 04/10
PA;04278;BELÉM;0097;0482;04/10/2026 17:20:29;05/10/2026 13:41:46;Recebida;bu,imgbu,log,rdv,vota;registro depois de 23h41 de 04/10
PA;04278;BELÉM;0097;0483;04/10/2026 17:20:23;05/10/2026 13:52:15;Recebida;bu,imgbu,log,rdv,vota;registro depois de 23h41 de 04/10
PA;04278;BELÉM;0097;0484;04/10/2026 17:18:41;05/10/2026 14:19:05;Recebida;bu,imgbu,log,rdv,vota;registro depois de 23h41 de 04/10
PA;04278;BELÉM;0097;0485;04/10/2026 17:54:40;05/10/2026 14:19:05;Recebida;bu,imgbu,log,rdv,vota;registro depois de 23h41 de 04/10
PA;04278;BELÉM;0097;0486;04/10/2026 17:28:55;05/10/2026 13:41:47;Recebida;bu,imgbu,log,rdv,vota;registro depois de 23h41 de 04/10
PA;04278;BELÉM;0097;0487;04/10/2026 17:10:28;05/10/2026 13:52:15;Recebida;bu,imgbu,log,rdv,vota;registro depois de 23h41 de 04/10
PA;04278;BELÉM;0097;0488;04/10/2026 17:10:32;05/10/2026 13:57:51;Recebida;bu,imgbu,log,rdv,vota;registro depois de 23h41 de 04/10
PA;04278;BELÉM;0097;0489;04/10/2026 17:07:31;05/10/2026 14:03:04;Recebida;bu,imgbu,log,rdv,vota;registro depois de 23h41 de 04/10
PA;04278;BELÉM;0097;0490;04/10/2026 17:13:09;05/10/2026 13:41:48;Recebida;bu,imgbu,log,rdv,vota;registro depois de 23h41 de 04/10
PA;04278;BELÉM;0097;0491;04/10/2026 17:14:09;05/10/2026 13:57:52;Recebida;bu,imgbu,log,rdv,vota;registro depois de 23h41 de 04/10
PA;04278;BELÉM;0097;0492;04/10/2026 17:39:01;05/10/2026 13:41:48;Recebida;bu,imgbu,log,rdv,vota;registro depois de 23h41 de 04/10
PA;04278;BELÉM;0097;0493;04/10/2026 17:18:45;05/10/2026 14:03:05;Recebida;bu,imgbu,log,rdv,vota;registro depois de 23h41 de 04/10
PA;04278;BELÉM;0097;0494;04/10/2026 17:13:25;05/10/2026 13:41:49;Recebida;bu,imgbu,log,rdv,vota;registro depois de 23h41 de 04/10
PA;04278;BELÉM;0097;0495;04/10/2026 17:09:28;05/10/2026 14:19:06;Recebida;bu,imgbu,log,rdv,vota;registro depois de 23h41 de 04/10
PA;04278;BELÉM;0097;0496;04/10/2026 17:27:47;05/10/2026 13:52:16;Recebida;bu,imgbu,log,rdv,vota;registro depois de 23h41 de 04/10
PA;04278;BELÉM;0097;0497;04/10/2026 17:20:21;05/10/2026 13:57:52;Recebida;bu,imgbu,log,rdv,vota;registro depois de 23h41 de 04/10
PA;04278;BELÉM;0097;0498;04/10/2026 17:48:05;05/10/2026 14:08:30;Recebida;bu,imgbu,log,rdv,vota;registro depois de 23h41 de 04/10
PA;04278;BELÉM;0097;0499;04/10/2026 18:06:27;05/10/2026 14:13:48;Recebida;bu,imgbu,log,rdv,vota;registro depois de 23h41 de 04/10
PA;04278;BELÉM;0097;0500;04/10/2026 17:38:52;05/10/2026 14:03:06;Recebida;bu,imgbu,log,rdv,vota;registro depois de 23h41 de 04/10
PA;04278;BELÉM;0097;0501;04/10/2026 17:14:37;05/10/2026 14:13:49;Recebida;bu,imgbu,log,rdv,vota;registro depois de 23h41 de 04/10
PA;04278;BELÉM;0097;0502;04/10/2026 17:51:02;05/10/2026 14:19:07;Recebida;bu,imgbu,log,rdv,vota;registro depois de 23h41 de 04/10
PA;04278;BELÉM;0097;0503;04/10/2026 17:08:57;05/10/2026 13:57:53;Recebida;bu,imgbu,log,rdv,vota;registro depois de 23h41 de 04/10
PA;04278;BELÉM;0097;0504;04/10/2026 18:24:03;05/10/2026 14:19:07;Recebida;bu,imgbu,log,rdv,vota;registro depois de 23h41 de 04/10
PA;04278;BELÉM;0097;0505;04/10/2026 17:07:51;05/10/2026 14:08:31;Recebida;bu,imgbu,log,rdv,vota;registro depois de 23h41 de 04/10
PA;04278;BELÉM;0097;0506;04/10/2026 19:26:27;05/10/2026 14:13:49;Recebida;bu,imgbu,log,rdv,vota;registro depois de 23h41 de 04/10
PA;04278;BELÉM;0097;0507;04/10/2026 17:04:53;05/10/2026 14:03:06;Recebida;bu,imgbu,log,rdv,vota;registro depois de 23h41 de 04/10
PA;04278;BELÉM;0097;0508;04/10/2026 17:05:36;05/10/2026 13:41:50;Recebida;bu,imgbu,log,rdv,vota;registro depois de 23h41 de 04/10
PA;04278;BELÉM;0097;0509;04/10/2026 17:04:26;05/10/2026 14:08:32;Recebida;bu,imgbu,log,rdv,vota;registro depois de 23h41 de 04/10
PA;04278;BELÉM;0097;0510;04/10/2026 17:09:40;05/10/2026 14:19:08;Recebida;bu,imgbu,log,rdv,vota;registro depois de 23h41 de 04/10
PA;04278;BELÉM;0097;0511;04/10/2026 17:06:46;05/10/2026 13:52:17;Recebida;bu,imgbu,log,rdv,vota;registro depois de 23h41 de 04/10
PA;04278;BELÉM;0097;0513;04/10/2026 17:51:09;05/10/2026 14:03:07;Recebida;bu,imgbu,log,rdv,vota;registro depois de 23h41 de 04/10
PA;04278;BELÉM;0097;0514;04/10/2026 17:15:25;05/10/2026 13:57:54;Recebida;bu,imgbu,log,rdv,vota;registro depois de 23h41 de 04/10
PA;04278;BELÉM;0097;0515;04/10/2026 17:10:39;05/10/2026 13:57:54;Recebida;bu,imgbu,log,rdv,vota;registro depois de 23h41 de 04/10
PA;04278;BELÉM;0097;0517;04/10/2026 17:08:19;05/10/2026 13:52:17;Recebida;bu,imgbu,log,rdv,vota;registro depois de 23h41 de 04/10
PA;04278;BELÉM;0097;0518;04/10/2026 17:32:15;05/10/2026 14:19:09;Recebida;bu,imgbu,log,rdv,vota;registro depois de 23h41 de 04/10
PA;04278;BELÉM;0097;0519;04/10/2026 17:17:22;05/10/2026 14:03:08;Recebida;bu,imgbu,log,rdv,vota;registro depois de 23h41 de 04/10
PA;04278;BELÉM;0097;0520;04/10/2026 17:27:11;05/10/2026 14:19:09;Recebida;bu,imgbu,log,rdv,vota;registro depois de 23h41 de 04/10
PA;04278;BELÉM;0097;0521;04/10/2026 17:13:50;05/10/2026 14:19:10;Recebida;bu,imgbu,log,rdv,vota;registro depois de 23h41 de 04/10
PA;04278;BELÉM;0097;0522;04/10/2026 17:32:05;05/10/2026 13:57:55;Recebida;bu,imgbu,log,rdv,vota;registro depois de 23h41 de 04/10
PA;04278;BELÉM;0097;0523;04/10/2026 17:04:54;05/10/2026 13:52:18;Recebida;bu,imgbu,log,rdv,vota;registro depois de 23h41 de 04/10
PA;04278;BELÉM;0097;0524;04/10/2026 18:28:48;05/10/2026 14:08:32;Recebida;bu,imgbu,log,rdv,vota;registro depois de 23h41 de 04/10
PA;04278;BELÉM;0097;0525;04/10/2026 17:10:06;05/10/2026 14:08:33;Recebida;bu,imgbu,log,rdv,vota;registro depois de 23h41 de 04/10
PA;04278;BELÉM;0097;0526;04/10/2026 17:07:48;05/10/2026 14:03:08;Recebida;bu,imgbu,log,rdv,vota;registro depois de 23h41 de 04/10
PA;04278;BELÉM;0097;0527;04/10/2026 17:16:22;05/10/2026 13:57:55;Recebida;bu,imgbu,log,rdv,vota;registro depois de 23h41 de 04/10
PA;04278;BELÉM;0097;0528;04/10/2026 17:57:16;05/10/2026 13:52:19;Recebida;bu,imgbu,log,rdv,vota;registro depois de 23h41 de 04/10
PA;04278;BELÉM;0097;0529;04/10/2026 17:32:57;05/10/2026 13:41:50;Recebida;bu,imgbu,log,rdv,vota;registro depois de 23h41 de 04/10
PA;04278;BELÉM;0097;0530;04/10/2026 19:09:52;05/10/2026 14:13:50;Recebida;bu,imgbu,log,rdv,vota;registro depois de 23h41 de 04/10
PA;04278;BELÉM;0097;0531;04/10/2026 17:05:52;05/10/2026 13:52:19;Recebida;bu,imgbu,log,rdv,vota;registro depois de 23h41 de 04/10
PA;04278;BELÉM;0097;0532;04/10/2026 17:05:23;05/10/2026 13:41:51;Recebida;bu,imgbu,log,rdv,vota;registro depois de 23h41 de 04/10
PA;04278;BELÉM;0097;0533;04/10/2026 18:07:12;05/10/2026 14:19:11;Recebida;bu,imgbu,log,rdv,vota;registro depois de 23h41 de 04/10
PA;04278;BELÉM;0097;0534;04/10/2026 17:21:00;05/10/2026 14:19:12;Recebida;bu,imgbu,log,rdv,vota;registro depois de 23h41 de 04/10
PA;04278;BELÉM;0097;0535;04/10/2026 17:02:39;05/10/2026 14:08:33;Recebida;bu,imgbu,log,rdv,vota;registro depois de 23h41 de 04/10
PA;04278;BELÉM;0097;0536;04/10/2026 17:05:45;05/10/2026 13:52:20;Recebida;bu,imgbu,log,rdv,vota;registro depois de 23h41 de 04/10
PA;04278;BELÉM;0097;0537;04/10/2026 17:15:41;05/10/2026 13:57:56;Recebida;bu,imgbu,log,rdv,vota;registro depois de 23h41 de 04/10
PA;04278;BELÉM;0097;0538;04/10/2026 17:06:34;05/10/2026 14:03:09;Recebida;bu,imgbu,log,rdv,vota;registro depois de 23h41 de 04/10
PA;04278;BELÉM;0097;0539;04/10/2026 17:09:09;05/10/2026 13:57:57;Recebida;bu,imgbu,log,rdv,vota;registro depois de 23h41 de 04/10
PA;04278;BELÉM;0097;0540;04/10/2026 17:07:38;05/10/2026 13:57:57;Recebida;bu,imgbu,log,rdv,vota;registro depois de 23h41 de 04/10
PA;04278;BELÉM;0097;0541;04/10/2026 18:07:10;05/10/2026 13:41:52;Recebida;bu,imgbu,log,rdv,vota;registro depois de 23h41 de 04/10
PA;04278;BELÉM;0097;0542;04/10/2026 17:14:47;05/10/2026 14:19:12;Recebida;bu,imgbu,log,rdv,vota;registro depois de 23h41 de 04/10
PA;04278;BELÉM;0097;0543;04/10/2026 17:06:41;05/10/2026 14:03:10;Recebida;bu,imgbu,log,rdv,vota;registro depois de 23h41 de 04/10
PA;04278;BELÉM;0097;0544;04/10/2026 17:17:27;05/10/2026 14:03:10;Recebida;bu,imgbu,log,rdv,vota;registro depois de 23h41 de 04/10
PA;04278;BELÉM;0097;0545;04/10/2026 17:10:21;05/10/2026 14:19:13;Recebida;bu,imgbu,log,rdv,vota;registro depois de 23h41 de 04/10
PA;04278;BELÉM;0097;0546;04/10/2026 17:40:56;05/10/2026 14:13:51;Recebida;bu,imgbu,log,rdv,vota;registro depois de 23h41 de 04/10
PA;04278;BELÉM;0097;0547;04/10/2026 17:04:01;05/10/2026 13:41:52;Recebida;bu,imgbu,log,rdv,vota;registro depois de 23h41 de 04/10
PA;04278;BELÉM;0097;0549;04/10/2026 17:46:17;05/10/2026 13:57:59;Recebida;bu,imgbu,log,rdv,vota;registro depois de 23h41 de 04/10
PA;04278;BELÉM;0097;0550;04/10/2026 18:47:00;05/10/2026 13:41:53;Recebida;bu,imgbu,log,rdv,vota;registro depois de 23h41 de 04/10
PA;04278;BELÉM;0097;0551;04/10/2026 17:05:56;05/10/2026 13:41:54;Recebida;bu,imgbu,log,rdv,vota;registro depois de 23h41 de 04/10
PA;04278;BELÉM;0097;0553;04/10/2026 17:05:33;05/10/2026 13:52:20;Recebida;bu,imgbu,log,rdv,vota;registro depois de 23h41 de 04/10
PA;04278;BELÉM;0097;0556;04/10/2026 17:04:34;05/10/2026 14:08:34;Recebida;bu,imgbu,log,rdv,vota;registro depois de 23h41 de 04/10
PA;04278;BELÉM;0097;0557;04/10/2026 17:02:31;05/10/2026 14:19:13;Recebida;bu,imgbu,log,rdv,vota;registro depois de 23h41 de 04/10
PA;04430;CAPANEMA;0025;0006;04/10/2026 17:13:41;05/10/2026 13:19:01;Recebida;bu,imgbu,log,rdv,vota;registro depois de 23h41 de 04/10
PA;04430;CAPANEMA;0025;0008;04/10/2026 17:03:48;05/10/2026 13:19:10;Recebida;bu,imgbu,log,rdv,vota;registro depois de 23h41 de 04/10
PA;04430;CAPANEMA;0025;0011;04/10/2026 17:04:33;05/10/2026 12:42:49;Totalizada;bu,log,rdv,vota;registro depois de 23h41 de 04/10
PA;04430;CAPANEMA;0025;0012;04/10/2026 17:05:13;05/10/2026 13:19:18;Recebida;bu,imgbu,log,rdv,vota;registro depois de 23h41 de 04/10
PA;04430;CAPANEMA;0025;0016;04/10/2026 17:04:09;05/10/2026 13:19:26;Recebida;bu,imgbu,log,rdv,vota;registro depois de 23h41 de 04/10
PA;04430;CAPANEMA;0025;0017;04/10/2026 17:06:10;05/10/2026 12:41:52;Totalizada;bu,log,rdv,vota;registro depois de 23h41 de 04/10
PA;04430;CAPANEMA;0025;0018;04/10/2026 17:04:20;05/10/2026 12:43:50;Totalizada;bu,log,rdv,vota;registro depois de 23h41 de 04/10
PA;04430;CAPANEMA;0025;0019;04/10/2026 17:07:36;05/10/2026 12:42:29;Totalizada;bu,log,rdv,vota;registro depois de 23h41 de 04/10
PA;04430;CAPANEMA;0025;0020;04/10/2026 17:04:13;05/10/2026 13:19:36;Recebida;bu,imgbu,log,rdv,vota;registro depois de 23h41 de 04/10
PA;04430;CAPANEMA;0025;0023;04/10/2026 17:08:48;05/10/2026 13:19:48;Recebida;bu,imgbu,log,rdv,vota;registro depois de 23h41 de 04/10
PA;04430;CAPANEMA;0025;0026;04/10/2026 17:04:08;05/10/2026 12:44:20;Totalizada;bu,log,rdv,vota;registro depois de 23h41 de 04/10
PA;04430;CAPANEMA;0025;0029;04/10/2026 17:08:37;05/10/2026 12:43:41;Totalizada;bu,log,rdv,vota;registro depois de 23h41 de 04/10
PA;04430;CAPANEMA;0025;0031;04/10/2026 17:03:53;05/10/2026 12:48:16;Totalizada;bu,log,rdv,vota;registro depois de 23h41 de 04/10
PA;04430;CAPANEMA;0025;0032;04/10/2026 17:03:50;05/10/2026 12:48:40;Totalizada;bu,log,rdv,vota;registro depois de 23h41 de 04/10
PA;04430;CAPANEMA;0025;0033;04/10/2026 17:05:15;05/10/2026 13:13:57;Recebida;bu,imgbu,log,rdv,vota;registro depois de 23h41 de 04/10
PA;04430;CAPANEMA;0025;0037;04/10/2026 17:20:55;05/10/2026 13:14:05;Recebida;bu,imgbu,log,rdv,vota;registro depois de 23h41 de 04/10
PA;04430;CAPANEMA;0025;0038;04/10/2026 17:04:55;05/10/2026 13:14:25;Recebida;bu,imgbu,log,rdv,vota;registro depois de 23h41 de 04/10
PA;04430;CAPANEMA;0025;0039;04/10/2026 17:08:43;05/10/2026 12:45:30;Totalizada;bu,log,rdv,vota;registro depois de 23h41 de 04/10
PA;04430;CAPANEMA;0025;0040;04/10/2026 17:07:41;05/10/2026 13:14:36;Recebida;bu,imgbu,log,rdv,vota;registro depois de 23h41 de 04/10
PA;04430;CAPANEMA;0025;0042;04/10/2026 17:15:03;05/10/2026 13:14:45;Recebida;bu,imgbu,log,rdv,vota;registro depois de 23h41 de 04/10
PA;04430;CAPANEMA;0025;0044;04/10/2026 17:05:52;05/10/2026 13:14:54;Recebida;bu,imgbu,log,rdv,vota;registro depois de 23h41 de 04/10
PA;04430;CAPANEMA;0025;0045;04/10/2026 17:20:18;05/10/2026 13:15:02;Recebida;bu,imgbu,log,rdv,vota;registro depois de 23h41 de 04/10
PA;04430;CAPANEMA;0025;0047;04/10/2026 17:07:43;05/10/2026 12:47:23;Totalizada;bu,log,rdv,vota;registro depois de 23h41 de 04/10
PA;04430;CAPANEMA;0025;0049;04/10/2026 17:04:32;05/10/2026 12:42:11;Totalizada;bu,log,rdv,vota;registro depois de 23h41 de 04/10
PA;04430;CAPANEMA;0025;0051;04/10/2026 17:14:50;05/10/2026 13:15:40;Recebida;bu,imgbu,log,rdv,vota;registro depois de 23h41 de 04/10
PA;04430;CAPANEMA;0025;0052;04/10/2026 17:04:03;05/10/2026 13:15:48;Recebida;bu,imgbu,log,rdv,vota;registro depois de 23h41 de 04/10
PA;04430;CAPANEMA;0025;0054;04/10/2026 17:06:22;05/10/2026 13:15:56;Recebida;bu,imgbu,log,rdv,vota;registro depois de 23h41 de 04/10
PA;04430;CAPANEMA;0025;0057;04/10/2026 17:08:45;05/10/2026 12:47:41;Totalizada;bu,log,rdv,vota;registro depois de 23h41 de 04/10
PA;04430;CAPANEMA;0025;0059;04/10/2026 17:19:09;05/10/2026 13:16:06;Recebida;bu,imgbu,log,rdv,vota;registro depois de 23h41 de 04/10
PA;04430;CAPANEMA;0025;0067;04/10/2026 17:06:15;05/10/2026 13:16:12;Recebida;bu,imgbu,log,rdv,vota;registro depois de 23h41 de 04/10
PA;04430;CAPANEMA;0025;0068;04/10/2026 17:10:51;05/10/2026 13:16:21;Recebida;bu,imgbu,log,rdv,vota;registro depois de 23h41 de 04/10
PA;04430;CAPANEMA;0025;0070;04/10/2026 17:20:56;05/10/2026 13:16:28;Recebida;bu,imgbu,log,rdv,vota;registro depois de 23h41 de 04/10
PA;04430;CAPANEMA;0025;0071;04/10/2026 17:05:14;05/10/2026 13:12:16;Recebida;bu,imgbu,log,rdv,vota;registro depois de 23h41 de 04/10
PA;04430;CAPANEMA;0025;0072;04/10/2026 18:44:06;05/10/2026 12:47:11;Totalizada;bu,log,rdv,vota;registro depois de 23h41 de 04/10
PA;04430;CAPANEMA;0025;0075;04/10/2026 17:01:18;05/10/2026 13:12:24;Recebida;bu,imgbu,log,rdv,vota;registro depois de 23h41 de 04/10
PA;04430;CAPANEMA;0025;0078;04/10/2026 17:03:49;05/10/2026 12:47:32;Totalizada;bu,log,rdv,vota;registro depois de 23h41 de 04/10
PA;04430;CAPANEMA;0025;0079;04/10/2026 17:05:15;05/10/2026 13:12:33;Recebida;bu,imgbu,log,rdv,vota;registro depois de 23h41 de 04/10
PA;04430;CAPANEMA;0025;0171;04/10/2026 17:13:34;05/10/2026 13:12:39;Recebida;bu,imgbu,log,rdv,vota;registro depois de 23h41 de 04/10
PA;04430;CAPANEMA;0025;0172;04/10/2026 17:56:23;05/10/2026 13:12:47;Recebida;bu,imgbu,log,rdv,vota;registro depois de 23h41 de 04/10
PA;04430;CAPANEMA;0025;0175;04/10/2026 17:04:32;05/10/2026 13:12:55;Recebida;bu,imgbu,log,rdv,vota;registro depois de 23h41 de 04/10
PA;04430;CAPANEMA;0025;0176;04/10/2026 17:27:27;05/10/2026 13:13:01;Recebida;bu,imgbu,log,rdv,vota;registro depois de 23h41 de 04/10
PA;04430;CAPANEMA;0025;0177;04/10/2026 17:09:26;05/10/2026 13:13:09;Recebida;bu,imgbu,log,rdv,vota;registro depois de 23h41 de 04/10
PA;04430;CAPANEMA;0025;0181;04/10/2026 17:06:57;05/10/2026 12:54:35;Recebida;bu,imgbu,log,rdv,vota;registro depois de 23h41 de 04/10
PA;04430;CAPANEMA;0025;0186;04/10/2026 17:03:55;05/10/2026 12:54:24;Totalizada;bu,log,rdv,vota;registro depois de 23h41 de 04/10
PA;04430;CAPANEMA;0025;0192;04/10/2026 17:05:12;05/10/2026 12:54:12;Totalizada;bu,log,rdv,vota;registro depois de 23h41 de 04/10
PA;04430;CAPANEMA;0025;0197;04/10/2026 18:33:18;05/10/2026 12:54:02;Totalizada;bu,log,rdv,vota;registro depois de 23h41 de 04/10
PA;04430;CAPANEMA;0025;0199;04/10/2026 19:14:10;05/10/2026 12:44:00;Totalizada;bu,log,rdv,vota;registro depois de 23h41 de 04/10
PA;04430;CAPANEMA;0025;0202;04/10/2026 17:39:16;05/10/2026 12:53:50;Totalizada;bu,log,rdv,vota;registro depois de 23h41 de 04/10
PA;04430;CAPANEMA;0025;0207;04/10/2026 17:09:10;05/10/2026 12:53:42;Totalizada;bu,log,rdv,vota;registro depois de 23h41 de 04/10
PA;04430;CAPANEMA;0025;0208;04/10/2026 17:02:19;05/10/2026 12:53:32;Totalizada;bu,log,rdv,vota;registro depois de 23h41 de 04/10
PA;04430;CAPANEMA;0025;0209;04/10/2026 17:04:20;05/10/2026 12:44:38;Totalizada;bu,log,rdv,vota;registro depois de 23h41 de 04/10
PA;04430;CAPANEMA;0025;0213;04/10/2026 17:04:05;05/10/2026 12:53:20;Totalizada;bu,log,rdv,vota;registro depois de 23h41 de 04/10
PA;04430;CAPANEMA;0025;0216;04/10/2026 17:18:27;05/10/2026 12:45:16;Totalizada;bu,log,rdv,vota;registro depois de 23h41 de 04/10
PA;04430;CAPANEMA;0025;0219;04/10/2026 17:08:20;05/10/2026 12:53:12;Totalizada;bu,log,rdv,vota;registro depois de 23h41 de 04/10
PA;04430;CAPANEMA;0025;0220;04/10/2026 17:02:42;05/10/2026 13:10:56;Recebida;bu,imgbu,log,rdv,vota;registro depois de 23h41 de 04/10
PA;04430;CAPANEMA;0025;0221;04/10/2026 17:04:14;05/10/2026 13:11:06;Recebida;bu,imgbu,log,rdv,vota;registro depois de 23h41 de 04/10
PA;04430;CAPANEMA;0025;0224;04/10/2026 17:06:33;05/10/2026 13:11:14;Recebida;bu,imgbu,log,rdv,vota;registro depois de 23h41 de 04/10
PA;04430;CAPANEMA;0025;0226;04/10/2026 17:06:22;05/10/2026 13:11:22;Recebida;bu,imgbu,log,rdv,vota;registro depois de 23h41 de 04/10
PA;04430;CAPANEMA;0025;0227;04/10/2026 17:07:10;05/10/2026 13:11:30;Recebida;bu,imgbu,log,rdv,vota;registro depois de 23h41 de 04/10
PA;04430;CAPANEMA;0025;0229;04/10/2026 17:27:11;05/10/2026 13:11:38;Recebida;bu,imgbu,log,rdv,vota;registro depois de 23h41 de 04/10
PA;04430;CAPANEMA;0025;0230;04/10/2026 17:59:14;05/10/2026 13:23:23;Recebida;bu,imgbu,log,rdv,vota;registro depois de 23h41 de 04/10
PA;04430;CAPANEMA;0025;0233;04/10/2026 17:04:54;05/10/2026 13:23:15;Recebida;bu,imgbu,log,rdv,vota;registro depois de 23h41 de 04/10
PA;04430;CAPANEMA;0025;0237;04/10/2026 17:34:01;05/10/2026 12:47:49;Totalizada;bu,log,rdv,vota;registro depois de 23h41 de 04/10
PA;04430;CAPANEMA;0025;0242;04/10/2026 17:36:39;05/10/2026 12:46:01;Totalizada;bu,log,rdv,vota;registro depois de 23h41 de 04/10
PA;04430;CAPANEMA;0025;0244;04/10/2026 17:11:07;05/10/2026 12:48:08;Totalizada;bu,log,rdv,vota;registro depois de 23h41 de 04/10
PA;04430;CAPANEMA;0025;0246;04/10/2026 17:09:36;05/10/2026 13:23:07;Recebida;bu,imgbu,log,rdv,vota;registro depois de 23h41 de 04/10
PA;04430;CAPANEMA;0025;0247;04/10/2026 17:06:16;05/10/2026 12:40:28;Totalizada;bu,log,rdv,vota;registro depois de 23h41 de 04/10
PA;04430;CAPANEMA;0025;0248;04/10/2026 17:05:20;05/10/2026 13:22:57;Recebida;bu,imgbu,log,rdv,vota;registro depois de 23h41 de 04/10
PA;04430;CAPANEMA;0025;0249;04/10/2026 17:09:35;05/10/2026 12:41:29;Totalizada;bu,log,rdv,vota;registro depois de 23h41 de 04/10
PA;04430;CAPANEMA;0025;0251;04/10/2026 18:55:56;05/10/2026 13:22:47;Recebida;bu,imgbu,log,rdv,vota;registro depois de 23h41 de 04/10
PA;04430;CAPANEMA;0025;0254;04/10/2026 17:42:12;05/10/2026 12:45:00;Totalizada;bu,log,rdv,vota;registro depois de 23h41 de 04/10
PA;04430;CAPANEMA;0025;0255;04/10/2026 17:13:26;05/10/2026 13:22:27;Recebida;bu,imgbu,log,rdv,vota;registro depois de 23h41 de 04/10
PA;04430;CAPANEMA;0025;0258;04/10/2026 17:10:29;05/10/2026 13:22:15;Recebida;bu,imgbu,log,rdv,vota;registro depois de 23h41 de 04/10
PA;04430;CAPANEMA;0025;0259;04/10/2026 17:12:34;05/10/2026 12:41:20;Totalizada;bu,log,rdv,vota;registro depois de 23h41 de 04/10
PA;04430;CAPANEMA;0025;0261;04/10/2026 17:06:35;05/10/2026 13:21:49;Recebida;bu,imgbu,log,rdv,vota;registro depois de 23h41 de 04/10
PA;04430;CAPANEMA;0025;0263;04/10/2026 17:50:48;05/10/2026 13:21:41;Recebida;bu,imgbu,log,rdv,vota;registro depois de 23h41 de 04/10
PA;04430;CAPANEMA;0025;0264;04/10/2026 17:06:59;05/10/2026 13:21:33;Recebida;bu,imgbu,log,rdv,vota;registro depois de 23h41 de 04/10
PA;04430;CAPANEMA;0025;0265;04/10/2026 17:08:13;05/10/2026 13:21:20;Recebida;bu,imgbu,log,rdv,vota;registro depois de 23h41 de 04/10
PA;04430;CAPANEMA;0025;0266;04/10/2026 17:03:55;05/10/2026 13:20:38;Recebida;bu,imgbu,log,rdv,vota;registro depois de 23h41 de 04/10
PA;04430;CAPANEMA;0025;0267;04/10/2026 17:11:25;05/10/2026 13:20:28;Recebida;bu,imgbu,log,rdv,vota;registro depois de 23h41 de 04/10
PA;04430;CAPANEMA;0025;0270;04/10/2026 17:14:11;05/10/2026 12:41:00;Totalizada;bu,log,rdv,vota;registro depois de 23h41 de 04/10
PA;04430;CAPANEMA;0025;0273;04/10/2026 17:06:46;05/10/2026 13:17:01;Recebida;bu,imgbu,log,rdv,vota;registro depois de 23h41 de 04/10
PA;04430;CAPANEMA;0025;0279;04/10/2026 17:52:12;05/10/2026 13:17:11;Recebida;bu,imgbu,log,rdv,vota;registro depois de 23h41 de 04/10
PA;04430;CAPANEMA;0025;0280;04/10/2026 17:16:31;05/10/2026 13:17:19;Recebida;bu,imgbu,log,rdv,vota;registro depois de 23h41 de 04/10
PA;04430;CAPANEMA;0025;0282;04/10/2026 17:09:28;05/10/2026 12:47:58;Totalizada;bu,log,rdv,vota;registro depois de 23h41 de 04/10
PA;04430;CAPANEMA;0025;0283;04/10/2026 17:05:01;05/10/2026 13:17:29;Recebida;bu,imgbu,log,rdv,vota;registro depois de 23h41 de 04/10
PA;04430;CAPANEMA;0025;0284;04/10/2026 18:37:44;05/10/2026 12:44:08;Totalizada;bu,log,rdv,vota;registro depois de 23h41 de 04/10
PA;04430;CAPANEMA;0025;0285;04/10/2026 17:22:26;05/10/2026 12:41:41;Totalizada;bu,log,rdv,vota;registro depois de 23h41 de 04/10
PA;04430;CAPANEMA;0025;0325;04/10/2026 17:06:40;05/10/2026 13:05:28;Recebida;bu,imgbu,log,rdv,vota;registro depois de 23h41 de 04/10
PA;04430;CAPANEMA;0025;0326;04/10/2026 17:21:56;05/10/2026 12:48:26;Totalizada;bu,log,rdv,vota;registro depois de 23h41 de 04/10
PA;04430;CAPANEMA;0025;0327;04/10/2026 18:08:32;05/10/2026 13:05:36;Recebida;bu,imgbu,log,rdv,vota;registro depois de 23h41 de 04/10
PA;04430;CAPANEMA;0025;0332;04/10/2026 17:06:46;05/10/2026 13:05:50;Recebida;bu,imgbu,log,rdv,vota;registro depois de 23h41 de 04/10
PA;04430;CAPANEMA;0025;0336;04/10/2026 17:03:04;05/10/2026 12:43:05;Totalizada;bu,log,rdv,vota;registro depois de 23h41 de 04/10
PA;04430;CAPANEMA;0025;0338;04/10/2026 17:05:04;05/10/2026 13:06:04;Recebida;bu,imgbu,log,rdv,vota;registro depois de 23h41 de 04/10
PA;04430;CAPANEMA;0025;0341;04/10/2026 17:22:11;05/10/2026 13:17:55;Recebida;bu,imgbu,log,rdv,vota;registro depois de 23h41 de 04/10
PA;04430;CAPANEMA;0025;0342;04/10/2026 17:56:00;05/10/2026 13:18:03;Recebida;bu,imgbu,log,rdv,vota;registro depois de 23h41 de 04/10
PA;04430;CAPANEMA;0025;0346;04/10/2026 17:03:24;05/10/2026 13:18:11;Recebida;bu,imgbu,log,rdv,vota;registro depois de 23h41 de 04/10
PA;04430;CAPANEMA;0025;0350;04/10/2026 17:25:32;05/10/2026 13:06:12;Recebida;bu,imgbu,log,rdv,vota;registro depois de 23h41 de 04/10
PA;04430;CAPANEMA;0025;0355;04/10/2026 17:06:05;05/10/2026 13:18:19;Recebida;bu,imgbu,log,rdv,vota;registro depois de 23h41 de 04/10
PA;04430;CAPANEMA;0025;0356;04/10/2026 18:01:10;05/10/2026 13:06:20;Recebida;bu,imgbu,log,rdv,vota;registro depois de 23h41 de 04/10
PA;04430;CAPANEMA;0025;0358;04/10/2026 17:05:44;05/10/2026 13:18:27;Recebida;bu,imgbu,log,rdv,vota;registro depois de 23h41 de 04/10
PA;04448;BREU BRANCO;0103;0021;04/10/2026 17:03:53;05/10/2026 10:49:33;Totalizada;bu,log,rdv,vota;registro depois de 23h41 de 04/10
PA;04499;CHAVES;0017;0030;04/10/2026 17:16:44;05/10/2026 09:45:27;Totalizada;bu,log,rdv,vota;registro depois de 23h41 de 04/10
PA;04499;CHAVES;0017;0057;04/10/2026 17:22:56;05/10/2026 12:56:13;Recebida;bu,imgbu,log,rdv,vota;registro depois de 23h41 de 04/10
PA;04499;CHAVES;0017;0058;04/10/2026 17:26:32;05/10/2026 10:49:32;Totalizada;bu,log,rdv,vota;registro depois de 23h41 de 04/10
PA;04618;GURUPÁ;0026;0004;04/10/2026 17:03:38;05/10/2026 11:06:20;Totalizada;bu,log,rdv,vota;registro depois de 23h41 de 04/10
PA;04618;GURUPÁ;0026;0005;04/10/2026 17:36:26;05/10/2026 11:17:07;Totalizada;bu,log,rdv,vota;registro depois de 23h41 de 04/10
PA;04618;GURUPÁ;0026;0006;04/10/2026 17:07:14;05/10/2026 15:20:01;Recebida;bu,imgbu,log,rdv,vota;registro depois de 23h41 de 04/10
PA;04618;GURUPÁ;0026;0007;04/10/2026 17:02:57;05/10/2026 13:12:14;Recebida;bu,imgbu,log,rdv,vota;registro depois de 23h41 de 04/10
PA;04618;GURUPÁ;0026;0008;04/10/2026 17:59:13;05/10/2026 13:12:16;Recebida;bu,imgbu,log,rdv,vota;registro depois de 23h41 de 04/10
PA;04618;GURUPÁ;0026;0009;04/10/2026 20:41:11;05/10/2026 15:14:07;Recebida;bu,imgbu,log,rdv,vota;registro depois de 23h41 de 04/10
PA;04618;GURUPÁ;0026;0011;04/10/2026 17:05:19;05/10/2026 15:14:08;Recebida;bu,imgbu,log,rdv,vota;registro depois de 23h41 de 04/10
PA;04618;GURUPÁ;0026;0015;04/10/2026 17:14:13;05/10/2026 11:17:09;Totalizada;bu,log,rdv,vota;registro depois de 23h41 de 04/10
PA;04618;GURUPÁ;0026;0037;04/10/2026 17:03:14;05/10/2026 15:24:50;Recebida;bu,imgbu,log,rdv,vota;registro depois de 23h41 de 04/10
PA;04618;GURUPÁ;0026;0040;04/10/2026 17:16:12;05/10/2026 13:12:18;Recebida;bu,imgbu,log,rdv,vota;registro depois de 23h41 de 04/10
PA;04618;GURUPÁ;0026;0047;04/10/2026 17:58:47;05/10/2026 11:08:25;Totalizada;bu,log,rdv,vota;registro depois de 23h41 de 04/10
PA;04618;GURUPÁ;0026;0048;04/10/2026 17:02:27;05/10/2026 11:08:26;Totalizada;bu,log,rdv,vota;registro depois de 23h41 de 04/10
PA;04618;GURUPÁ;0026;0049;04/10/2026 17:01:53;05/10/2026 15:09:11;Recebida;bu,imgbu,log,rdv,vota;registro depois de 23h41 de 04/10
PA;04618;GURUPÁ;0026;0050;04/10/2026 17:03:30;05/10/2026 13:12:19;Recebida;bu,imgbu,log,rdv,vota;registro depois de 23h41 de 04/10
PA;04618;GURUPÁ;0026;0051;04/10/2026 17:05:15;05/10/2026 13:12:21;Recebida;bu,imgbu,log,rdv,vota;registro depois de 23h41 de 04/10
PA;04618;GURUPÁ;0026;0053;04/10/2026 17:03:38;05/10/2026 15:09:13;Recebida;bu,imgbu,log,rdv,vota;registro depois de 23h41 de 04/10
PA;04618;GURUPÁ;0026;0054;04/10/2026 17:07:29;05/10/2026 15:09:16;Recebida;bu,imgbu,log,rdv,vota;registro depois de 23h41 de 04/10
PA;04618;GURUPÁ;0026;0056;04/10/2026 17:49:34;05/10/2026 11:08:28;Totalizada;bu,log,rdv,vota;registro depois de 23h41 de 04/10
PA;04618;GURUPÁ;0026;0064;04/10/2026 17:14:50;05/10/2026 15:14:09;Recebida;bu,imgbu,log,rdv,vota;registro depois de 23h41 de 04/10
PA;04618;GURUPÁ;0026;0070;04/10/2026 17:05:16;05/10/2026 11:08:30;Totalizada;bu,log,rdv,vota;registro depois de 23h41 de 04/10
PA;04618;GURUPÁ;0026;0072;04/10/2026 18:10:33;05/10/2026 11:17:10;Totalizada;bu,log,rdv,vota;registro depois de 23h41 de 04/10
PA;04618;GURUPÁ;0026;0074;04/10/2026 17:07:40;05/10/2026 11:17:12;Totalizada;bu,log,rdv,vota;registro depois de 23h41 de 04/10
PA;04618;GURUPÁ;0026;0077;04/10/2026 18:47:33;05/10/2026 11:17:14;Totalizada;bu,log,rdv,vota;registro depois de 23h41 de 04/10
PA;04618;GURUPÁ;0026;0078;04/10/2026 17:02:12;05/10/2026 15:20:03;Recebida;bu,imgbu,log,rdv,vota;registro depois de 23h41 de 04/10
PA;04618;GURUPÁ;0026;0079;04/10/2026 17:15:33;05/10/2026 13:12:23;Recebida;bu,imgbu,log,rdv,vota;registro depois de 23h41 de 04/10
PA;04618;GURUPÁ;0026;0088;04/10/2026 17:54:15;05/10/2026 13:12:24;Recebida;bu,imgbu,log,rdv,vota;registro depois de 23h41 de 04/10
PA;04618;GURUPÁ;0026;0090;04/10/2026 17:05:50;05/10/2026 13:12:26;Recebida;bu,imgbu,log,rdv,vota;registro depois de 23h41 de 04/10
PA;04618;GURUPÁ;0026;0091;04/10/2026 17:05:43;05/10/2026 11:08:31;Totalizada;bu,log,rdv,vota;registro depois de 23h41 de 04/10
PA;04618;GURUPÁ;0026;0096;04/10/2026 17:07:55;05/10/2026 13:12:27;Recebida;bu,imgbu,log,rdv,vota;registro depois de 23h41 de 04/10
PA;04618;GURUPÁ;0026;0098;04/10/2026 17:02:21;05/10/2026 15:20:04;Recebida;bu,imgbu,log,rdv,vota;registro depois de 23h41 de 04/10
PA;04618;GURUPÁ;0026;0099;04/10/2026 17:08:06;05/10/2026 15:20:06;Recebida;bu,imgbu,log,rdv,vota;registro depois de 23h41 de 04/10
PA;04618;GURUPÁ;0026;0100;04/10/2026 17:03:52;05/10/2026 15:20:08;Recebida;bu,imgbu,log,rdv,vota;registro depois de 23h41 de 04/10
PA;04618;GURUPÁ;0026;0101;04/10/2026 17:09:10;05/10/2026 13:12:29;Recebida;bu,imgbu,log,rdv,vota;registro depois de 23h41 de 04/10
PA;04618;GURUPÁ;0026;0102;04/10/2026 17:05:40;05/10/2026 13:12:31;Recebida;bu,imgbu,log,rdv,vota;registro depois de 23h41 de 04/10
PA;04618;GURUPÁ;0026;0103;04/10/2026 17:32:24;05/10/2026 13:12:32;Recebida;bu,imgbu,log,rdv,vota;registro depois de 23h41 de 04/10
PA;04618;GURUPÁ;0026;0104;04/10/2026 17:04:16;05/10/2026 11:17:16;Totalizada;bu,log,rdv,vota;registro depois de 23h41 de 04/10
PA;04618;GURUPÁ;0026;0105;04/10/2026 17:05:26;05/10/2026 11:17:17;Totalizada;bu,log,rdv,vota;registro depois de 23h41 de 04/10
PA;04618;GURUPÁ;0026;0111;04/10/2026 17:05:02;05/10/2026 13:12:34;Recebida;bu,imgbu,log,rdv,vota;registro depois de 23h41 de 04/10
PA;04618;GURUPÁ;0026;0114;04/10/2026 17:04:17;05/10/2026 11:05:19;Totalizada;bu,log,rdv,vota;registro depois de 23h41 de 04/10
PA;04618;GURUPÁ;0026;0116;04/10/2026 17:05:16;05/10/2026 13:12:35;Recebida;bu,imgbu,log,rdv,vota;registro depois de 23h41 de 04/10
PA;04774;JURUTI;0105;0025;04/10/2026 17:04:31;05/10/2026 12:21:24;Totalizada;bu,log,rdv,vota;registro depois de 23h41 de 04/10
PA;04774;JURUTI;0105;0026;04/10/2026 17:07:29;05/10/2026 12:22:03;Totalizada;bu,log,rdv,vota;registro depois de 23h41 de 04/10
PA;04774;JURUTI;0105;0027;04/10/2026 19:25:51;05/10/2026 12:22:44;Totalizada;bu,log,rdv,vota;registro depois de 23h41 de 04/10
PA;04774;JURUTI;0105;0028;04/10/2026 19:06:40;05/10/2026 12:23:34;Totalizada;bu,log,rdv,vota;registro depois de 23h41 de 04/10
PA;04774;JURUTI;0105;0029;04/10/2026 18:58:12;05/10/2026 12:25:06;Totalizada;bu,log,rdv,vota;registro depois de 23h41 de 04/10
PA;04774;JURUTI;0105;0030;04/10/2026 19:08:49;05/10/2026 12:26:37;Totalizada;bu,log,rdv,vota;registro depois de 23h41 de 04/10
PA;04774;JURUTI;0105;0031;04/10/2026 19:58:49;05/10/2026 12:27:42;Totalizada;bu,log,rdv,vota;registro depois de 23h41 de 04/10
PA;04774;JURUTI;0105;0032;04/10/2026 20:01:40;05/10/2026 12:28:25;Totalizada;bu,log,rdv,vota;registro depois de 23h41 de 04/10
PA;04774;JURUTI;0105;0033;04/10/2026 18:48:21;05/10/2026 12:29:14;Totalizada;bu,log,rdv,vota;registro depois de 23h41 de 04/10
PA;04774;JURUTI;0105;0071;04/10/2026 18:06:26;05/10/2026 12:31:26;Totalizada;bu,log,rdv,vota;registro depois de 23h41 de 04/10
PA;04774;JURUTI;0105;0072;04/10/2026 18:45:13;05/10/2026 12:35:31;Totalizada;bu,log,rdv,vota;registro depois de 23h41 de 04/10
PA;04774;JURUTI;0105;0073;04/10/2026 20:13:06;05/10/2026 12:39:43;Totalizada;bu,log,rdv,vota;registro depois de 23h41 de 04/10
PA;04774;JURUTI;0105;0078;04/10/2026 17:07:14;05/10/2026 09:17:07;Totalizada;bu,log,rdv,vota;registro depois de 23h41 de 04/10
PA;04774;JURUTI;0105;0081;04/10/2026 17:07:22;05/10/2026 09:22:13;Totalizada;bu,log,rdv,vota;registro depois de 23h41 de 04/10
PA;04774;JURUTI;0105;0090;04/10/2026 17:20:53;05/10/2026 12:44:34;Totalizada;bu,log,rdv,vota;registro depois de 23h41 de 04/10
PA;04774;JURUTI;0105;0092;04/10/2026 17:04:55;05/10/2026 09:20:57;Totalizada;bu,log,rdv,vota;registro depois de 23h41 de 04/10
PA;04774;JURUTI;0105;0094;04/10/2026 17:05:25;05/10/2026 08:58:10;Totalizada;bu,log,rdv,vota;registro depois de 23h41 de 04/10
PA;04774;JURUTI;0105;0107;04/10/2026 17:05:53;05/10/2026 12:46:15;Totalizada;bu,log,rdv,vota;registro depois de 23h41 de 04/10
PA;04774;JURUTI;0105;0108;04/10/2026 17:26:22;05/10/2026 12:48:15;Totalizada;bu,log,rdv,vota;registro depois de 23h41 de 04/10
PA;04774;JURUTI;0105;0126;04/10/2026 17:31:54;05/10/2026 12:43:11;Totalizada;bu,log,rdv,vota;registro depois de 23h41 de 04/10
PA;04774;JURUTI;0105;0127;04/10/2026 19:31:21;05/10/2026 12:30:04;Totalizada;bu,log,rdv,vota;registro depois de 23h41 de 04/10
PA;04774;JURUTI;0105;0132;04/10/2026 17:03:39;05/10/2026 12:49:03;Totalizada;bu,log,rdv,vota;registro depois de 23h41 de 04/10
PA;04774;JURUTI;0105;0133;04/10/2026 17:05:47;05/10/2026 12:33:11;Totalizada;bu,log,rdv,vota;registro depois de 23h41 de 04/10
PA;04855;MARACANÃ;0031;0087;04/10/2026 22:30:03;04/10/2026 23:54:49;Totalizada;bu,log,rdv,vota;registro depois de 23h41 de 04/10
PA;04936;MOJU;0037;0023;04/10/2026 17:46:54;05/10/2026 08:51:42;Totalizada;bu,log,rdv,vota;registro depois de 23h41 de 04/10
PA;04936;MOJU;0037;0038;04/10/2026 19:08:22;05/10/2026 08:54:17;Totalizada;bu,log,rdv,vota;registro depois de 23h41 de 04/10
PA;04936;MOJU;0037;0066;04/10/2026 17:31:22;05/10/2026 08:52:32;Totalizada;bu,log,rdv,vota;registro depois de 23h41 de 04/10
PA;04936;MOJU;0037;0137;04/10/2026 18:13:35;05/10/2026 08:54:30;Totalizada;bu,log,rdv,vota;registro depois de 23h41 de 04/10
PA;04936;MOJU;0037;0157;04/10/2026 19:32:22;05/10/2026 08:54:01;Totalizada;bu,log,rdv,vota;registro depois de 23h41 de 04/10
PA;04936;MOJU;0037;0158;04/10/2026 19:15:36;05/10/2026 08:53:48;Totalizada;bu,log,rdv,vota;registro depois de 23h41 de 04/10
PA;04936;MOJU;0037;0161;04/10/2026 18:30:46;05/10/2026 08:54:46;Totalizada;bu,log,rdv,vota;registro depois de 23h41 de 04/10
PA;04936;MOJU;0037;0173;04/10/2026 17:08:58;05/10/2026 08:53:35;Totalizada;bu,log,rdv,vota;registro depois de 23h41 de 04/10
PA;04936;MOJU;0037;0236;04/10/2026 17:33:42;05/10/2026 08:52:55;Totalizada;bu,log,rdv,vota;registro depois de 23h41 de 04/10
PA;04936;MOJU;0037;0308;04/10/2026 17:06:49;05/10/2026 08:53:13;Totalizada;bu,log,rdv,vota;registro depois de 23h41 de 04/10
PA;05037;OEIRAS DO PARÁ;0045;0002;04/10/2026 17:32:15;05/10/2026 14:44:32;Recebida;bu,imgbu,log,rdv,vota;registro depois de 23h41 de 04/10
PA;05037;OEIRAS DO PARÁ;0045;0003;04/10/2026 18:41:52;05/10/2026 14:27:49;Recebida;bu,imgbu,log,rdv,vota;registro depois de 23h41 de 04/10
PA;05037;OEIRAS DO PARÁ;0045;0004;04/10/2026 18:32:38;05/10/2026 14:35:57;Recebida;bu,imgbu,log,rdv,vota;registro depois de 23h41 de 04/10
PA;05037;OEIRAS DO PARÁ;0045;0005;04/10/2026 18:55:07;05/10/2026 14:42:37;Recebida;bu,imgbu,log,rdv,vota;registro depois de 23h41 de 04/10
PA;05037;OEIRAS DO PARÁ;0045;0006;04/10/2026 19:02:54;05/10/2026 14:42:55;Recebida;bu,imgbu,log,rdv,vota;registro depois de 23h41 de 04/10
PA;05037;OEIRAS DO PARÁ;0045;0007;04/10/2026 18:43:59;05/10/2026 14:41:53;Recebida;bu,imgbu,log,rdv,vota;registro depois de 23h41 de 04/10
PA;05037;OEIRAS DO PARÁ;0045;0010;04/10/2026 18:07:58;05/10/2026 14:42:47;Recebida;bu,imgbu,log,rdv,vota;registro depois de 23h41 de 04/10
PA;05037;OEIRAS DO PARÁ;0045;0015;04/10/2026 17:38:04;05/10/2026 14:42:05;Recebida;bu,imgbu,log,rdv,vota;registro depois de 23h41 de 04/10
PA;05037;OEIRAS DO PARÁ;0045;0016;04/10/2026 18:35:15;05/10/2026 13:31:49;Recebida;bu,imgbu,log,rdv,vota;registro depois de 23h41 de 04/10
PA;05037;OEIRAS DO PARÁ;0045;0017;04/10/2026 17:25:16;05/10/2026 14:26:08;Recebida;bu,imgbu,log,rdv,vota;registro depois de 23h41 de 04/10
PA;05037;OEIRAS DO PARÁ;0045;0018;04/10/2026 17:30:44;05/10/2026 13:30:38;Recebida;bu,imgbu,log,rdv,vota;registro depois de 23h41 de 04/10
PA;05037;OEIRAS DO PARÁ;0045;0020;04/10/2026 17:47:10;05/10/2026 14:28:18;Recebida;bu,imgbu,log,rdv,vota;registro depois de 23h41 de 04/10
PA;05037;OEIRAS DO PARÁ;0045;0021;04/10/2026 18:23:43;05/10/2026 14:42:28;Recebida;bu,imgbu,log,rdv,vota;registro depois de 23h41 de 04/10
PA;05037;OEIRAS DO PARÁ;0045;0022;04/10/2026 19:09:11;05/10/2026 14:27:09;Recebida;bu,imgbu,log,rdv,vota;registro depois de 23h41 de 04/10
PA;05037;OEIRAS DO PARÁ;0045;0023;04/10/2026 17:04:31;05/10/2026 13:32:08;Recebida;bu,imgbu,log,rdv,vota;registro depois de 23h41 de 04/10
PA;05037;OEIRAS DO PARÁ;0045;0028;04/10/2026 19:04:07;05/10/2026 13:33:24;Recebida;bu,imgbu,log,rdv,vota;registro depois de 23h41 de 04/10
PA;05037;OEIRAS DO PARÁ;0045;0031;04/10/2026 17:09:06;05/10/2026 14:26:51;Recebida;bu,imgbu,log,rdv,vota;registro depois de 23h41 de 04/10
PA;05037;OEIRAS DO PARÁ;0045;0033;04/10/2026 17:44:02;05/10/2026 13:33:42;Recebida;bu,imgbu,log,rdv,vota;registro depois de 23h41 de 04/10
PA;05037;OEIRAS DO PARÁ;0045;0034;04/10/2026 18:42:20;05/10/2026 14:27:40;Recebida;bu,imgbu,log,rdv,vota;registro depois de 23h41 de 04/10
PA;05037;OEIRAS DO PARÁ;0045;0037;04/10/2026 18:08:47;05/10/2026 13:31:16;Recebida;bu,imgbu,log,rdv,vota;registro depois de 23h41 de 04/10
PA;05037;OEIRAS DO PARÁ;0045;0038;04/10/2026 17:16:35;05/10/2026 13:32:00;Recebida;bu,imgbu,log,rdv,vota;registro depois de 23h41 de 04/10
PA;05037;OEIRAS DO PARÁ;0045;0040;04/10/2026 18:51:32;05/10/2026 14:26:38;Recebida;bu,imgbu,log,rdv,vota;registro depois de 23h41 de 04/10
PA;05037;OEIRAS DO PARÁ;0045;0042;04/10/2026 19:06:57;05/10/2026 14:27:59;Recebida;bu,imgbu,log,rdv,vota;registro depois de 23h41 de 04/10
PA;05037;OEIRAS DO PARÁ;0045;0043;04/10/2026 17:18:15;05/10/2026 13:29:18;Recebida;bu,imgbu,log,rdv,vota;registro depois de 23h41 de 04/10
PA;05037;OEIRAS DO PARÁ;0045;0045;04/10/2026 18:27:15;05/10/2026 13:33:13;Recebida;bu,imgbu,log,rdv,vota;registro depois de 23h41 de 04/10
PA;05037;OEIRAS DO PARÁ;0045;0047;04/10/2026 17:13:56;05/10/2026 13:34:02;Recebida;bu,imgbu,log,rdv,vota;registro depois de 23h41 de 04/10
PA;05037;OEIRAS DO PARÁ;0045;0048;04/10/2026 19:42:28;05/10/2026 13:32:17;Recebida;bu,imgbu,log,rdv,vota;registro depois de 23h41 de 04/10
PA;05037;OEIRAS DO PARÁ;0045;0049;04/10/2026 18:46:12;05/10/2026 13:34:21;Recebida;bu,imgbu,log,rdv,vota;registro depois de 23h41 de 04/10
PA;05037;OEIRAS DO PARÁ;0045;0050;04/10/2026 17:06:37;05/10/2026 14:27:29;Recebida;bu,imgbu,log,rdv,vota;registro depois de 23h41 de 04/10
PA;05037;OEIRAS DO PARÁ;0045;0053;04/10/2026 17:08:23;05/10/2026 13:33:04;Recebida;bu,imgbu,log,rdv,vota;registro depois de 23h41 de 04/10
PA;05037;OEIRAS DO PARÁ;0045;0054;04/10/2026 18:35:07;05/10/2026 13:30:17;Recebida;bu,imgbu,log,rdv,vota;registro depois de 23h41 de 04/10
PA;05037;OEIRAS DO PARÁ;0045;0056;04/10/2026 17:04:32;05/10/2026 14:28:53;Recebida;bu,imgbu,log,rdv,vota;registro depois de 23h41 de 04/10
PA;05037;OEIRAS DO PARÁ;0045;0057;04/10/2026 17:04:20;05/10/2026 14:28:45;Recebida;bu,imgbu,log,rdv,vota;registro depois de 23h41 de 04/10
PA;05037;OEIRAS DO PARÁ;0045;0058;04/10/2026 17:05:35;05/10/2026 13:30:27;Recebida;bu,imgbu,log,rdv,vota;registro depois de 23h41 de 04/10
PA;05037;OEIRAS DO PARÁ;0045;0059;04/10/2026 19:41:20;05/10/2026 14:29:11;Recebida;bu,imgbu,log,rdv,vota;registro depois de 23h41 de 04/10
PA;05037;OEIRAS DO PARÁ;0045;0060;04/10/2026 17:41:36;05/10/2026 14:28:27;Recebida;bu,imgbu,log,rdv,vota;registro depois de 23h41 de 04/10
PA;05037;OEIRAS DO PARÁ;0045;0061;04/10/2026 17:47:17;05/10/2026 13:31:05;Recebida;bu,imgbu,log,rdv,vota;registro depois de 23h41 de 04/10
PA;05037;OEIRAS DO PARÁ;0045;0063;04/10/2026 17:21:50;05/10/2026 13:29:45;Recebida;bu,imgbu,log,rdv,vota;registro depois de 23h41 de 04/10
PA;05037;OEIRAS DO PARÁ;0045;0064;04/10/2026 19:00:36;05/10/2026 13:30:47;Recebida;bu,imgbu,log,rdv,vota;registro depois de 23h41 de 04/10
PA;05037;OEIRAS DO PARÁ;0045;0066;04/10/2026 17:04:50;05/10/2026 14:27:19;Recebida;bu,imgbu,log,rdv,vota;registro depois de 23h41 de 04/10
PA;05037;OEIRAS DO PARÁ;0045;0067;04/10/2026 18:47:29;05/10/2026 13:32:27;Recebida;bu,imgbu,log,rdv,vota;registro depois de 23h41 de 04/10
PA;05037;OEIRAS DO PARÁ;0045;0068;04/10/2026 17:12:01;05/10/2026 13:30:09;Recebida;bu,imgbu,log,rdv,vota;registro depois de 23h41 de 04/10
PA;05037;OEIRAS DO PARÁ;0045;0071;04/10/2026 17:18:04;05/10/2026 14:28:37;Recebida;bu,imgbu,log,rdv,vota;registro depois de 23h41 de 04/10
PA;05037;OEIRAS DO PARÁ;0045;0072;04/10/2026 18:01:39;05/10/2026 13:32:55;Recebida;bu,imgbu,log,rdv,vota;registro depois de 23h41 de 04/10
PA;05037;OEIRAS DO PARÁ;0045;0073;04/10/2026 17:04:08;05/10/2026 13:32:47;Recebida;bu,imgbu,log,rdv,vota;registro depois de 23h41 de 04/10
PA;05037;OEIRAS DO PARÁ;0045;0074;04/10/2026 18:01:30;05/10/2026 13:29:53;Recebida;bu,imgbu,log,rdv,vota;registro depois de 23h41 de 04/10
PA;05037;OEIRAS DO PARÁ;0045;0077;04/10/2026 17:04:52;05/10/2026 13:34:13;Recebida;bu,imgbu,log,rdv,vota;registro depois de 23h41 de 04/10
PA;05037;OEIRAS DO PARÁ;0045;0080;04/10/2026 17:15:37;05/10/2026 14:27:01;Recebida;bu,imgbu,log,rdv,vota;registro depois de 23h41 de 04/10
PA;05037;OEIRAS DO PARÁ;0045;0082;04/10/2026 17:07:07;05/10/2026 14:26:18;Recebida;bu,imgbu,log,rdv,vota;registro depois de 23h41 de 04/10
PA;05037;OEIRAS DO PARÁ;0045;0083;04/10/2026 18:44:01;05/10/2026 13:30:01;Recebida;bu,imgbu,log,rdv,vota;registro depois de 23h41 de 04/10
PA;05037;OEIRAS DO PARÁ;0045;0085;04/10/2026 17:06:22;05/10/2026 14:42:15;Recebida;bu,imgbu,log,rdv,vota;registro depois de 23h41 de 04/10
PA;05037;OEIRAS DO PARÁ;0045;0086;04/10/2026 18:15:41;05/10/2026 14:28:07;Recebida;bu,imgbu,log,rdv,vota;registro depois de 23h41 de 04/10
PA;05037;OEIRAS DO PARÁ;0045;0087;04/10/2026 17:02:44;05/10/2026 13:30:57;Recebida;bu,imgbu,log,rdv,vota;registro depois de 23h41 de 04/10
PA;05037;OEIRAS DO PARÁ;0045;0088;04/10/2026 17:11:16;05/10/2026 14:26:28;Recebida;bu,imgbu,log,rdv,vota;registro depois de 23h41 de 04/10
PA;05037;OEIRAS DO PARÁ;0045;0089;04/10/2026 17:08:01;05/10/2026 13:33:51;Recebida;bu,imgbu,log,rdv,vota;registro depois de 23h41 de 04/10
PA;05037;OEIRAS DO PARÁ;0045;0090;04/10/2026 18:30:51;05/10/2026 13:33:32;Recebida;bu,imgbu,log,rdv,vota;registro depois de 23h41 de 04/10
PA;05037;OEIRAS DO PARÁ;0045;0091;04/10/2026 18:01:05;05/10/2026 13:31:41;Recebida;bu,imgbu,log,rdv,vota;registro depois de 23h41 de 04/10
PA;05037;OEIRAS DO PARÁ;0045;0092;04/10/2026 17:05:57;05/10/2026 13:31:23;Recebida;bu,imgbu,log,rdv,vota;registro depois de 23h41 de 04/10
PA;05037;OEIRAS DO PARÁ;0045;0093;04/10/2026 17:09:46;05/10/2026 14:29:02;Recebida;bu,imgbu,log,rdv,vota;registro depois de 23h41 de 04/10
PA;05037;OEIRAS DO PARÁ;0045;0094;04/10/2026 17:07:25;05/10/2026 13:32:37;Recebida;bu,imgbu,log,rdv,vota;registro depois de 23h41 de 04/10
PA;05037;OEIRAS DO PARÁ;0045;0095;04/10/2026 17:04:46;05/10/2026 13:31:31;Recebida;bu,imgbu,log,rdv,vota;registro depois de 23h41 de 04/10
PA;05193;PRAINHA;0092;0044;04/10/2026 17:17:52;05/10/2026 10:10:51;Totalizada;bu,log,rdv,vota;registro depois de 23h41 de 04/10
PA;05193;PRAINHA;0092;0102;04/10/2026 17:06:53;05/10/2026 10:09:05;Totalizada;bu,log,rdv,vota;registro depois de 23h41 de 04/10
PA;05215;PRIMAVERA;0033;0155;04/10/2026 18:59:57;05/10/2026 15:07:31;Recebida;bu,imgbu,log,rdv,vota;registro depois de 23h41 de 04/10
PE;23574;CABO DE SANTO AGOSTINHO;0015;0014;04/10/2026 17:22:10;05/10/2026 10:49:34;Totalizada;bu,log,rdv,vota;registro depois de 23h41 de 04/10
PE;23574;CABO DE SANTO AGOSTINHO;0015;0015;04/10/2026 17:20:32;05/10/2026 10:49:34;Totalizada;bu,log,rdv,vota;registro depois de 23h41 de 04/10
PE;23574;CABO DE SANTO AGOSTINHO;0015;0022;04/10/2026 18:10:32;05/10/2026 10:49:33;Totalizada;bu,log,rdv,vota;registro depois de 23h41 de 04/10
PE;23574;CABO DE SANTO AGOSTINHO;0015;0027;04/10/2026 17:57:22;05/10/2026 10:49:34;Totalizada;bu,log,rdv,vota;registro depois de 23h41 de 04/10
PE;23574;CABO DE SANTO AGOSTINHO;0015;0028;04/10/2026 18:41:22;05/10/2026 10:49:33;Totalizada;bu,log,rdv,vota;registro depois de 23h41 de 04/10
PE;23574;CABO DE SANTO AGOSTINHO;0015;0030;04/10/2026 17:14:21;05/10/2026 10:49:33;Totalizada;bu,log,rdv,vota;registro depois de 23h41 de 04/10
PE;23574;CABO DE SANTO AGOSTINHO;0015;0042;04/10/2026 17:24:58;05/10/2026 10:49:34;Totalizada;bu,log,rdv,vota;registro depois de 23h41 de 04/10
PE;23574;CABO DE SANTO AGOSTINHO;0015;0043;04/10/2026 18:08:26;05/10/2026 10:49:33;Totalizada;bu,log,rdv,vota;registro depois de 23h41 de 04/10
PE;23574;CABO DE SANTO AGOSTINHO;0015;0044;04/10/2026 17:29:52;05/10/2026 10:49:34;Totalizada;bu,log,rdv,vota;registro depois de 23h41 de 04/10
PE;23574;CABO DE SANTO AGOSTINHO;0015;0045;04/10/2026 18:07:38;05/10/2026 10:49:34;Totalizada;bu,log,rdv,vota;registro depois de 23h41 de 04/10
PE;23574;CABO DE SANTO AGOSTINHO;0015;0059;04/10/2026 17:03:57;05/10/2026 10:49:34;Totalizada;bu,log,rdv,vota;registro depois de 23h41 de 04/10
PE;23574;CABO DE SANTO AGOSTINHO;0015;0060;04/10/2026 17:47:34;05/10/2026 10:49:34;Totalizada;bu,log,rdv,vota;registro depois de 23h41 de 04/10
PE;23574;CABO DE SANTO AGOSTINHO;0015;0061;04/10/2026 17:23:40;05/10/2026 10:49:33;Totalizada;bu,log,rdv,vota;registro depois de 23h41 de 04/10
PE;23574;CABO DE SANTO AGOSTINHO;0015;0062;04/10/2026 17:09:41;05/10/2026 10:49:33;Totalizada;bu,log,rdv,vota;registro depois de 23h41 de 04/10
PE;23574;CABO DE SANTO AGOSTINHO;0015;0063;04/10/2026 17:08:33;05/10/2026 10:49:33;Totalizada;bu,log,rdv,vota;registro depois de 23h41 de 04/10
PE;23574;CABO DE SANTO AGOSTINHO;0015;0064;04/10/2026 17:07:11;05/10/2026 10:49:34;Totalizada;bu,log,rdv,vota;registro depois de 23h41 de 04/10
PE;23574;CABO DE SANTO AGOSTINHO;0015;0069;04/10/2026 18:25:46;05/10/2026 10:49:34;Totalizada;bu,log,rdv,vota;registro depois de 23h41 de 04/10
PE;23574;CABO DE SANTO AGOSTINHO;0015;0070;04/10/2026 18:25:39;05/10/2026 10:49:35;Totalizada;bu,log,rdv,vota;registro depois de 23h41 de 04/10
PE;23574;CABO DE SANTO AGOSTINHO;0015;0071;04/10/2026 18:22:35;05/10/2026 10:49:35;Totalizada;bu,log,rdv,vota;registro depois de 23h41 de 04/10
PE;23574;CABO DE SANTO AGOSTINHO;0015;0073;04/10/2026 18:23:18;05/10/2026 10:49:35;Totalizada;bu,log,rdv,vota;registro depois de 23h41 de 04/10
PE;23574;CABO DE SANTO AGOSTINHO;0015;0074;04/10/2026 18:22:29;05/10/2026 10:49:35;Totalizada;bu,log,rdv,vota;registro depois de 23h41 de 04/10
PE;23574;CABO DE SANTO AGOSTINHO;0015;0075;04/10/2026 18:21:55;05/10/2026 10:49:35;Totalizada;bu,log,rdv,vota;registro depois de 23h41 de 04/10
PE;23574;CABO DE SANTO AGOSTINHO;0015;0077;04/10/2026 17:26:48;05/10/2026 10:49:35;Totalizada;bu,log,rdv,vota;registro depois de 23h41 de 04/10
PE;23574;CABO DE SANTO AGOSTINHO;0015;0078;04/10/2026 18:07:17;05/10/2026 10:49:35;Totalizada;bu,log,rdv,vota;registro depois de 23h41 de 04/10
PE;23574;CABO DE SANTO AGOSTINHO;0015;0079;04/10/2026 17:31:24;05/10/2026 10:49:35;Totalizada;bu,log,rdv,vota;registro depois de 23h41 de 04/10
PE;23574;CABO DE SANTO AGOSTINHO;0015;0087;04/10/2026 17:43:36;05/10/2026 10:49:33;Totalizada;bu,log,rdv,vota;registro depois de 23h41 de 04/10
PE;23574;CABO DE SANTO AGOSTINHO;0015;0088;04/10/2026 18:21:59;05/10/2026 10:49:33;Totalizada;bu,log,rdv,vota;registro depois de 23h41 de 04/10
PE;23574;CABO DE SANTO AGOSTINHO;0015;0100;04/10/2026 17:32:47;05/10/2026 10:49:35;Totalizada;bu,log,rdv,vota;registro depois de 23h41 de 04/10
PE;23574;CABO DE SANTO AGOSTINHO;0015;0103;04/10/2026 17:33:21;05/10/2026 10:49:35;Totalizada;bu,log,rdv,vota;registro depois de 23h41 de 04/10
PE;23574;CABO DE SANTO AGOSTINHO;0015;0105;04/10/2026 17:44:21;05/10/2026 10:49:34;Totalizada;bu,log,rdv,vota;registro depois de 23h41 de 04/10
PE;23574;CABO DE SANTO AGOSTINHO;0015;0122;04/10/2026 17:11:43;05/10/2026 10:49:35;Totalizada;bu,log,rdv,vota;registro depois de 23h41 de 04/10
PE;23574;CABO DE SANTO AGOSTINHO;0015;0123;04/10/2026 17:15:34;05/10/2026 10:49:33;Totalizada;bu,log,rdv,vota;registro depois de 23h41 de 04/10
PE;23574;CABO DE SANTO AGOSTINHO;0015;0125;04/10/2026 17:07:48;05/10/2026 10:49:34;Totalizada;bu,log,rdv,vota;registro depois de 23h41 de 04/10
PE;23574;CABO DE SANTO AGOSTINHO;0015;0135;04/10/2026 17:52:31;05/10/2026 10:49:32;Totalizada;bu,log,rdv,vota;registro depois de 23h41 de 04/10
PE;23574;CABO DE SANTO AGOSTINHO;0015;0140;04/10/2026 17:06:36;05/10/2026 10:49:34;Totalizada;bu,log,rdv,vota;registro depois de 23h41 de 04/10
PE;23574;CABO DE SANTO AGOSTINHO;0015;0151;04/10/2026 18:18:12;05/10/2026 10:49:33;Totalizada;bu,log,rdv,vota;registro depois de 23h41 de 04/10
PE;23574;CABO DE SANTO AGOSTINHO;0015;0154;04/10/2026 17:07:11;05/10/2026 10:49:34;Totalizada;bu,log,rdv,vota;registro depois de 23h41 de 04/10
PE;23574;CABO DE SANTO AGOSTINHO;0015;0160;04/10/2026 17:52:43;05/10/2026 10:49:34;Totalizada;bu,log,rdv,vota;registro depois de 23h41 de 04/10
PE;23574;CABO DE SANTO AGOSTINHO;0015;0164;04/10/2026 17:34:14;05/10/2026 10:49:33;Totalizada;bu,log,rdv,vota;registro depois de 23h41 de 04/10
PE;23574;CABO DE SANTO AGOSTINHO;0015;0174;04/10/2026 17:04:21;05/10/2026 10:49:34;Totalizada;bu,log,rdv,vota;registro depois de 23h41 de 04/10
PE;23574;CABO DE SANTO AGOSTINHO;0015;0176;04/10/2026 17:21:38;05/10/2026 10:49:33;Totalizada;bu,log,rdv,vota;registro depois de 23h41 de 04/10
PE;23574;CABO DE SANTO AGOSTINHO;0015;0181;04/10/2026 17:04:26;05/10/2026 10:49:35;Totalizada;bu,log,rdv,vota;registro depois de 23h41 de 04/10
PE;23574;CABO DE SANTO AGOSTINHO;0015;0186;04/10/2026 17:05:40;05/10/2026 10:49:35;Totalizada;bu,log,rdv,vota;registro depois de 23h41 de 04/10
PE;23574;CABO DE SANTO AGOSTINHO;0015;0188;04/10/2026 17:03:42;05/10/2026 10:49:36;Totalizada;bu,log,rdv,vota;registro depois de 23h41 de 04/10
PE;23574;CABO DE SANTO AGOSTINHO;0015;0189;04/10/2026 17:05:00;05/10/2026 10:49:33;Totalizada;bu,log,rdv,vota;registro depois de 23h41 de 04/10
PE;23574;CABO DE SANTO AGOSTINHO;0015;0191;04/10/2026 17:08:36;05/10/2026 10:49:33;Totalizada;bu,log,rdv,vota;registro depois de 23h41 de 04/10
PE;23574;CABO DE SANTO AGOSTINHO;0015;0199;04/10/2026 17:46:17;05/10/2026 10:49:34;Totalizada;bu,log,rdv,vota;registro depois de 23h41 de 04/10
PE;23574;CABO DE SANTO AGOSTINHO;0015;0200;04/10/2026 17:03:45;05/10/2026 10:49:35;Totalizada;bu,log,rdv,vota;registro depois de 23h41 de 04/10
PE;23574;CABO DE SANTO AGOSTINHO;0015;0205;04/10/2026 17:17:33;05/10/2026 10:49:34;Totalizada;bu,log,rdv,vota;registro depois de 23h41 de 04/10
PE;23574;CABO DE SANTO AGOSTINHO;0015;0209;04/10/2026 17:04:41;05/10/2026 10:49:35;Totalizada;bu,log,rdv,vota;registro depois de 23h41 de 04/10
PE;23574;CABO DE SANTO AGOSTINHO;0121;0048;04/10/2026 18:31:24;05/10/2026 14:40:45;Recebida;bu,imgbu,log,rdv,vota;registro depois de 23h41 de 04/10
PE;24775;LIMOEIRO;0024;0118;04/10/2026 17:20:53;05/10/2026 10:49:33;Totalizada;bu,log,rdv,vota;registro depois de 23h41 de 04/10
PE;25135;PAULISTA;0114;0113;04/10/2026 17:05:35;05/10/2026 13:31:57;Recebida;bu,imgbu,log,rdv,vota;registro depois de 23h41 de 04/10
PE;25135;PAULISTA;0114;0115;04/10/2026 17:09:52;05/10/2026 13:31:07;Recebida;bu,imgbu,log,rdv,vota;registro depois de 23h41 de 04/10
PE;25135;PAULISTA;0114;0146;04/10/2026 18:02:53;05/10/2026 13:24:10;Recebida;bu,imgbu,log,rdv,vota;registro depois de 23h41 de 04/10
PE;25135;PAULISTA;0114;0150;04/10/2026 17:57:27;05/10/2026 13:31:38;Recebida;bu,imgbu,log,rdv,vota;registro depois de 23h41 de 04/10
PE;25135;PAULISTA;0114;0158;04/10/2026 17:42:35;05/10/2026 13:31:49;Recebida;bu,imgbu,log,rdv,vota;registro depois de 23h41 de 04/10
PE;25135;PAULISTA;0114;0161;04/10/2026 17:26:07;05/10/2026 13:31:30;Recebida;bu,imgbu,log,rdv,vota;registro depois de 23h41 de 04/10
PE;25135;PAULISTA;0114;0163;04/10/2026 17:09:57;05/10/2026 13:31:22;Recebida;bu,imgbu,log,rdv,vota;registro depois de 23h41 de 04/10
PE;25313;RECIFE;0003;0756;04/10/2026 17:45:45;05/10/2026 12:30:41;Totalizada;bu,log,rdv,vota;registro depois de 23h41 de 04/10
SP;63134;CARAPICUÍBA;0388;0147;04/10/2026 17:13:56;04/10/2026 20:59:04;Totalizada;bu,log,rdv,vota;1a consulta HTTP 404 (arquivos publicados depois)
SP;63134;CARAPICUÍBA;0388;0148;04/10/2026 17:25:01;04/10/2026 21:04:25;Totalizada;bu,log,rdv,vota;1a consulta HTTP 404 (arquivos publicados depois)
SP;63134;CARAPICUÍBA;0388;0155;04/10/2026 17:23:47;04/10/2026 21:04:27;Totalizada;bu,log,rdv,vota;1a consulta HTTP 404 (arquivos publicados depois)
SP;63134;CARAPICUÍBA;0388;0181;04/10/2026 17:15:10;04/10/2026 21:04:27;Totalizada;bu,log,rdv,vota;1a consulta HTTP 404 (arquivos publicados depois)
SP;63134;CARAPICUÍBA;0388;0254;04/10/2026 17:09:30;04/10/2026 21:00:08;Totalizada;bu,log,rdv,vota;1a consulta HTTP 404 (arquivos publicados depois)
SP;63134;CARAPICUÍBA;0388;0299;04/10/2026 17:20:07;04/10/2026 21:14:06;Totalizada;bu,log,rdv,vota;1a consulta HTTP 404 (arquivos publicados depois)
SP;63134;CARAPICUÍBA;0388;0300;04/10/2026 17:43:08;04/10/2026 21:00:07;Totalizada;bu,log,rdv,vota;1a consulta HTTP 404 (arquivos publicados depois)
SP;63134;CARAPICUÍBA;0388;0360;04/10/2026 17:13:51;04/10/2026 20:59:04;Totalizada;bu,log,rdv,vota;1a consulta HTTP 404 (arquivos publicados depois)
SP;63134;CARAPICUÍBA;0388;0371;04/10/2026 17:21:56;04/10/2026 21:04:28;Totalizada;bu,log,rdv,vota;1a consulta HTTP 404 (arquivos publicados depois)
SP;63134;CARAPICUÍBA;0388;0413;04/10/2026 17:14:16;04/10/2026 21:00:07;Totalizada;bu,log,rdv,vota;1a consulta HTTP 404 (arquivos publicados depois)
SP;63134;CARAPICUÍBA;0388;0419;04/10/2026 17:07:31;04/10/2026 21:04:29;Totalizada;bu,log,rdv,vota;1a consulta HTTP 404 (arquivos publicados depois)
SP;63134;CARAPICUÍBA;0388;0554;04/10/2026 17:15:25;04/10/2026 20:59:04;Totalizada;bu,log,rdv,vota;1a consulta HTTP 404 (arquivos publicados depois)
ZZ;29173;KATMANDU;0001;0494;04/10/2026 18:41:01;04/10/2026 20:00:57;Totalizada;busa,logsa,rdv,sa;BU do Sistema de Apuracao (busa)
ZZ;29254;ABIDJÃ;0001;0001;04/10/2026 17:36:50;04/10/2026 20:00:58;Totalizada;busa,logsa,rdv,sa;BU do Sistema de Apuracao (busa)
ZZ;29270;ACCRA;0001;0003;04/10/2026 17:44:55;04/10/2026 20:00:59;Totalizada;busa,logsa,rdv,sa;BU do Sistema de Apuracao (busa)
ZZ;29297;ANCARA;0001;0495;04/10/2026 17:53:29;04/10/2026 20:00:59;Totalizada;busa,logsa,rdv,sa;BU do Sistema de Apuracao (busa)
ZZ;29300;ARGEL;0001;0006;04/10/2026 17:58:25;04/10/2026 20:00:57;Totalizada;busa,logsa,rdv,sa;BU do Sistema de Apuracao (busa)
ZZ;29394;BISSAU;0001;0028;04/10/2026 18:11:14;04/10/2026 20:00:57;Totalizada;busa,logsa,rdv,sa;BU do Sistema de Apuracao (busa)
ZZ;29564;CIUDAD GUAYANA;0001;0091;04/10/2026 21:38:33;04/10/2026 21:41:37;Totalizada;busa,logsa,rdv,sa;BU do Sistema de Apuracao (busa)
ZZ;29580;CONCEPCIÓN;0001;0096;04/10/2026 18:16:51;04/10/2026 20:00:57;Totalizada;busa,logsa,rdv,sa;BU do Sistema de Apuracao (busa)
ZZ;29645;DÍLI;0001;0380;04/10/2026 18:29:00;04/10/2026 20:00:59;Totalizada;busa,logsa,rdv,sa;BU do Sistema de Apuracao (busa)
ZZ;29750;HANÓI;0001;1703;04/10/2026 18:36:22;04/10/2026 20:00:57;Totalizada;busa,logsa,rdv,sa;BU do Sistema de Apuracao (busa)
ZZ;29777;HAVANA;0001;0127;04/10/2026 21:52:17;04/10/2026 22:06:16;Totalizada;busa,logsa,rdv,sa;BU do Sistema de Apuracao (busa)
ZZ;29858;KIEV;0001;1183;04/10/2026 18:47:09;04/10/2026 20:00:57;Totalizada;busa,logsa,rdv,sa;BU do Sistema de Apuracao (busa)
ZZ;29912;LAGOS;0001;0150;04/10/2026 18:52:48;04/10/2026 20:00:57;Totalizada;busa,logsa,rdv,sa;BU do Sistema de Apuracao (busa)
ZZ;30163;MOSCOU;0001;0647;04/10/2026 21:21:55;04/10/2026 21:25:53;Totalizada;busa,logsa,rdv,sa;BU do Sistema de Apuracao (busa)
ZZ;30171;MUMBAI;0001;1340;04/10/2026 21:27:13;04/10/2026 21:30:20;Totalizada;busa,logsa,rdv,sa;BU do Sistema de Apuracao (busa)
ZZ;30295;PASO LOS LIBRES;0001;0348;04/10/2026 19:46:00;04/10/2026 20:50:08;Totalizada;busa,logsa,rdv,sa;BU do Sistema de Apuracao (busa)
ZZ;30325;PORT OF SPAIN;0001;0352;04/10/2026 19:10:18;04/10/2026 20:01:02;Totalizada;busa,logsa,rdv,sa;BU do Sistema de Apuracao (busa)
ZZ;30333;PORTO PRÍNCIPE;0001;0353;04/10/2026 20:08:54;04/10/2026 20:48:15;Totalizada;busa,logsa,rdv,sa;BU do Sistema de Apuracao (busa)
ZZ;30430;RIO BRANCO;0001;0384;04/10/2026 21:31:58;04/10/2026 21:35:09;Totalizada;busa,logsa,rdv,sa;BU do Sistema de Apuracao (busa)
ZZ;30546;SÓFIA;0001;1764;04/10/2026 20:30:30;04/10/2026 20:56:59;Totalizada;busa,logsa,rdv,sa;BU do Sistema de Apuracao (busa)
ZZ;30597;TEERÃ;0001;1182;04/10/2026 20:20:30;04/10/2026 20:56:04;Totalizada;busa,logsa,rdv,sa;BU do Sistema de Apuracao (busa)
ZZ;30686;TRÍPOLI;0001;0443;04/10/2026 21:47:25;04/10/2026 21:50:08;Totalizada;busa,logsa,rdv,sa;BU do Sistema de Apuracao (busa)
ZZ;30708;TUNIS;0001;0444;04/10/2026 21:43:25;04/10/2026 21:46:41;Totalizada;busa,logsa,rdv,sa;BU do Sistema de Apuracao (busa)
ZZ;30821;WINDHOEK;0001;1524;04/10/2026 20:38:22;04/10/2026 20:59:02;Totalizada;busa,logsa,rdv,sa;BU do Sistema de Apuracao (busa)
ZZ;38962;DAR ES SALAAM;0001;0558;04/10/2026 18:24:16;04/10/2026 20:00:57;Totalizada;busa,logsa,rdv,sa;BU do Sistema de Apuracao (busa)
ZZ;39102;MASCATE;0001;0712;04/10/2026 18:58:14;04/10/2026 20:00:57;Totalizada;busa,logsa,rdv,sa;BU do Sistema de Apuracao (busa)
ZZ;99155;PUERTO IGUAZÚ;0001;1504;04/10/2026 20:14:22;04/10/2026 20:52:01;Totalizada;busa,logsa,rdv,sa;BU do Sistema de Apuracao (busa)
ZZ;99180;NASSAU;0001;1228;04/10/2026 20:02:22;04/10/2026 20:51:01;Totalizada;busa,logsa,rdv,sa;BU do Sistema de Apuracao (busa)
ZZ;99473;BAREIN;0001;1327;04/10/2026 18:05:09;04/10/2026 20:00:57;Totalizada;busa,logsa,rdv,sa;BU do Sistema de Apuracao (busa)
