UF;mun;zona;secao;grupo;motivo;linhas;eventos;primeiro;ultimo;ALERTA;ERRO;urna_serie;gera_bu;gera_log;encerra_votacao;n_reinicios;n_cartao_ou_media;n_contingencia_ou_substituta
AM;02119;0026;0020;anexo;registro depois de 23h41 de 04/10;5740;5740;25/09/2026 09:55:55;04/10/2026 16:28:17;26;0;02337621;04/10/2026 16:28:12;04/10/2026 16:28:17;04/10/2026 06:44:05;4;2;1
AM;02119;0026;0029;anexo;registro depois de 23h41 de 04/10;6487;6487;25/09/2026 09:40:51;04/10/2026 18:21:12;10;0;02250803;04/10/2026 18:21:07;04/10/2026 18:21:12;04/10/2026 06:45:00;4;2;1
AM;02119;0026;0032;anexo;registro depois de 23h41 de 04/10;7310;7310;25/09/2026 09:50:42;04/10/2026 21:01:15;13;0;02355935;04/10/2026 21:01:10;04/10/2026 21:01:15;04/10/2026 07:03:08;4;2;1
AM;02330;0010;0027;anexo;registro depois de 23h41 de 04/10;6489;6489;17/09/2026 16:12:25;04/10/2026 18:45:30;15;0;02018591;04/10/2026 18:45:25;04/10/2026 18:45:30;04/10/2026 06:57:59;3;2;1
AM;02496;0041;0043;anexo;registro depois de 23h41 de 04/10;8363;8363;17/09/2026 16:19:54;04/10/2026 20:58:29;18;0;02016689;04/10/2026 20:58:24;04/10/2026 20:58:29;04/10/2026 05:21:52;5;2;1
AM;98477;0036;0030;anexo;registro depois de 23h41 de 04/10;8575;8575;29/09/2026 16:14:52;04/10/2026 21:17:41;13;0;02351929;04/10/2026 21:17:36;04/10/2026 21:17:41;04/10/2026 05:42:05;6;2;2
AM;98477;0036;0061;anexo;registro depois de 23h41 de 04/10;8078;8078;29/09/2026 18:14:49;04/10/2026 19:57:59;101;0;02332683;04/10/2026 19:57:55;04/10/2026 19:57:59;04/10/2026 05:43:12;4;2;1
BA;34436;0066;0238;anexo;registro depois de 23h41 de 04/10;9449;9449;23/09/2026 10:53:18;04/10/2026 23:07:25;62;0;02250908;04/10/2026 23:07:20;04/10/2026 23:07:25;04/10/2026 07:37:34;9;2;1
BA;37397;0119;0055;anexo;registro depois de 23h41 de 04/10;8539;8539;21/09/2026 10:42:36;04/10/2026 19:15:47;38;0;02341872;04/10/2026 19:15:42;04/10/2026 19:15:47;04/10/2026 07:55:23;6;2;1
BA;37397;0119;0060;anexo;registro depois de 23h41 de 04/10;9506;9506;21/09/2026 10:52:52;04/10/2026 22:11:47;38;0;02272948;04/10/2026 22:11:42;04/10/2026 22:11:47;04/10/2026 07:20:32;6;2;1
BA;37397;0119;0069;anexo;registro depois de 23h41 de 04/10;6988;6988;21/09/2026 11:56:53;04/10/2026 17:57:42;37;0;02392513;04/10/2026 17:57:37;04/10/2026 17:57:42;04/10/2026 07:22:23;6;2;1
BA;37397;0119;0072;anexo;registro depois de 23h41 de 04/10;7624;7624;21/09/2026 12:16:52;04/10/2026 19:52:44;29;0;02273989;04/10/2026 19:52:39;04/10/2026 19:52:44;04/10/2026 08:14:08;6;2;1
BA;37397;0119;0087;anexo;registro depois de 23h41 de 04/10;6652;6652;21/09/2026 12:41:16;04/10/2026 18:21:22;31;0;02374825;04/10/2026 18:21:16;04/10/2026 18:21:22;04/10/2026 07:10:46;5;2;1
BA;37931;0115;0152;anexo;registro depois de 23h41 de 04/10;7161;7161;01/10/2026 09:34:04;04/10/2026 17:38:20;22;0;02354245;04/10/2026 17:38:15;04/10/2026 17:38:20;04/10/2026 08:02:31;5;2;1
MA;07471;0020;0134;anexo;registro depois de 23h41 de 04/10;4418;4418;29/09/2026 14:03:46;04/10/2026 17:05:34;18;0;02287257;04/10/2026 17:05:29;04/10/2026 17:05:34;04/10/2026 08:12:53;4;2;1
MA;07471;0020;0136;anexo;registro depois de 23h41 de 04/10;4651;4651;29/09/2026 14:08:27;04/10/2026 17:14:36;15;0;02286571;04/10/2026 17:14:31;04/10/2026 17:14:36;04/10/2026 08:01:29;4;2;1
MA;07471;0020;0138;anexo;registro depois de 23h41 de 04/10;2567;2567;29/09/2026 11:39:20;04/10/2026 17:19:23;23;0;02257273;04/10/2026 17:19:18;04/10/2026 17:19:23;04/10/2026 07:21:32;4;2;1
MA;07471;0020;0140;anexo;registro depois de 23h41 de 04/10;3990;3990;29/09/2026 11:31:17;04/10/2026 17:05:39;25;0;02254527;04/10/2026 17:05:34;04/10/2026 17:05:39;04/10/2026 07:44:55;4;2;1
MA;07471;0020;0141;anexo;registro depois de 23h41 de 04/10;3728;3728;29/09/2026 11:36:01;04/10/2026 17:07:16;3;0;02268033;04/10/2026 17:07:11;04/10/2026 17:07:16;04/10/2026 07:36:06;4;2;1
MA;07471;0020;0142;anexo;registro depois de 23h41 de 04/10;7773;7773;29/09/2026 11:44:04;04/10/2026 22:00:32;25;0;02279165;04/10/2026 22:00:27;04/10/2026 22:00:32;04/10/2026 09:32:07;4;2;1
MA;07471;0020;0155;anexo;registro depois de 23h41 de 04/10;3814;3814;29/09/2026 12:18:00;04/10/2026 17:04:20;12;0;02287469;04/10/2026 17:04:16;04/10/2026 17:04:20;04/10/2026 08:02:58;4;2;1
MA;07471;0020;0171;anexo;registro depois de 23h41 de 04/10;6100;6100;29/09/2026 15:00:34;04/10/2026 17:22:29;24;0;02421605;04/10/2026 17:22:24;04/10/2026 17:22:29;04/10/2026 07:11:21;4;2;1
MA;07471;0020;0184;anexo;registro depois de 23h41 de 04/10;3552;3552;29/09/2026 12:31:20;04/10/2026 17:05:28;19;0;02281301;04/10/2026 17:05:24;04/10/2026 17:05:28;04/10/2026 07:49:15;4;2;1
MA;07471;0020;0219;anexo;registro depois de 23h41 de 04/10;2569;2569;29/09/2026 15:17:23;04/10/2026 17:02:53;7;0;02282417;04/10/2026 17:02:49;04/10/2026 17:02:53;04/10/2026 08:05:50;4;2;1
MA;07471;0020;0237;anexo;registro depois de 23h41 de 04/10;4161;4161;29/09/2026 15:05:42;04/10/2026 17:07:15;17;0;02253563;04/10/2026 17:07:10;04/10/2026 17:07:15;04/10/2026 07:07:35;4;2;1
MA;09490;0020;0001;anexo;registro depois de 23h41 de 04/10;4896;4896;29/09/2026 09:15:46;04/10/2026 17:02:43;2;0;02256569;04/10/2026 17:02:38;04/10/2026 17:02:43;04/10/2026 07:26:22;4;2;1
MA;09490;0020;0002;anexo;registro depois de 23h41 de 04/10;5040;5040;29/09/2026 09:22:59;04/10/2026 17:06:19;39;0;02312008;04/10/2026 17:06:14;04/10/2026 17:06:19;04/10/2026 07:41:05;4;2;1
MA;09490;0020;0003;anexo;registro depois de 23h41 de 04/10;5144;5144;29/09/2026 09:26:30;04/10/2026 17:11:51;19;0;02267092;04/10/2026 17:11:46;04/10/2026 17:11:51;04/10/2026 07:42:03;4;2;1
MA;09490;0020;0004;anexo;registro depois de 23h41 de 04/10;5065;5065;29/09/2026 09:31:16;04/10/2026 17:06:44;30;0;02308626;04/10/2026 17:06:39;04/10/2026 17:06:44;04/10/2026 08:05:17;4;2;1
MA;09490;0020;0005;anexo;registro depois de 23h41 de 04/10;5186;5186;29/09/2026 09:35:05;04/10/2026 17:03:52;22;1;02307645;04/10/2026 17:03:47;04/10/2026 17:03:52;04/10/2026 07:33:32;5;3;1
MA;09490;0020;0006;anexo;registro depois de 23h41 de 04/10;5470;5470;29/09/2026 09:41:32;04/10/2026 17:07:00;26;0;02253706;04/10/2026 17:06:55;04/10/2026 17:07:00;04/10/2026 08:03:26;4;2;1
MA;09490;0020;0007;anexo;registro depois de 23h41 de 04/10;6093;6093;29/09/2026 13:46:24;04/10/2026 17:05:19;15;0;02270066;04/10/2026 17:05:14;04/10/2026 17:05:19;04/10/2026 07:57:57;4;2;1
MA;09490;0020;0008;anexo;registro depois de 23h41 de 04/10;5768;5768;29/09/2026 13:48:48;04/10/2026 17:08:21;22;0;02255725;04/10/2026 17:08:16;04/10/2026 17:08:21;04/10/2026 07:45:23;6;3;1
MA;09490;0020;0009;anexo;registro depois de 23h41 de 04/10;4854;4854;29/09/2026 14:06:00;04/10/2026 17:06:28;22;0;02293627;04/10/2026 17:06:23;04/10/2026 17:06:28;04/10/2026 07:59:34;4;2;1
MA;09490;0020;0010;anexo;registro depois de 23h41 de 04/10;4969;4969;29/09/2026 14:09:27;04/10/2026 17:04:19;19;0;02255430;04/10/2026 17:04:14;04/10/2026 17:04:19;04/10/2026 07:41:14;4;2;1
MA;09490;0020;0011;anexo;registro depois de 23h41 de 04/10;4748;4748;29/09/2026 14:13:41;04/10/2026 17:04:45;31;0;02259421;04/10/2026 17:04:40;04/10/2026 17:04:45;04/10/2026 07:49:36;4;2;1
MA;09490;0020;0014;anexo;registro depois de 23h41 de 04/10;5063;5063;29/09/2026 13:44:30;04/10/2026 17:05:22;34;0;02265262;04/10/2026 17:05:18;04/10/2026 17:05:22;04/10/2026 07:52:30;6;3;2
MA;09490;0020;0015;anexo;registro depois de 23h41 de 04/10;5675;5675;29/09/2026 13:50:50;04/10/2026 17:06:18;10;0;02266420;04/10/2026 17:06:13;04/10/2026 17:06:18;04/10/2026 07:59:10;5;2;1
MA;09490;0020;0016;anexo;registro depois de 23h41 de 04/10;4945;4945;29/09/2026 09:48:28;04/10/2026 17:07:34;11;0;02310553;04/10/2026 17:07:29;04/10/2026 17:07:34;04/10/2026 07:25:35;5;2;1
MA;09490;0020;0017;anexo;registro depois de 23h41 de 04/10;4970;4970;29/09/2026 09:52:46;04/10/2026 17:07:51;24;0;02308291;04/10/2026 17:07:46;04/10/2026 17:07:51;04/10/2026 07:55:06;4;2;1
MA;09490;0020;0018;anexo;registro depois de 23h41 de 04/10;5344;5344;29/09/2026 09:58:13;04/10/2026 17:09:43;23;0;02284889;04/10/2026 17:09:38;04/10/2026 17:09:43;04/10/2026 07:18:14;4;2;1
MA;09490;0020;0019;anexo;registro depois de 23h41 de 04/10;5207;5207;29/09/2026 09:43:07;04/10/2026 17:08:25;9;0;02254147;04/10/2026 17:08:20;04/10/2026 17:08:25;04/10/2026 07:53:07;4;2;1
MA;09490;0020;0020;anexo;registro depois de 23h41 de 04/10;6038;6038;29/09/2026 10:10:09;04/10/2026 17:36:03;22;0;02284228;04/10/2026 17:35:58;04/10/2026 17:36:03;04/10/2026 08:04:12;5;2;1
MA;09490;0020;0021;anexo;registro depois de 23h41 de 04/10;6044;6044;29/09/2026 10:14:28;04/10/2026 17:24:25;37;0;02254684;04/10/2026 17:24:20;04/10/2026 17:24:25;04/10/2026 07:41:42;4;2;1
MA;09490;0020;0022;anexo;registro depois de 23h41 de 04/10;5283;5283;29/09/2026 10:18:20;04/10/2026 17:13:21;16;0;02283634;04/10/2026 17:13:16;04/10/2026 17:13:21;04/10/2026 08:07:11;4;2;1
MA;09490;0020;0023;anexo;registro depois de 23h41 de 04/10;5267;5267;29/09/2026 13:55:47;04/10/2026 17:15:26;9;0;02262466;04/10/2026 17:15:21;04/10/2026 17:15:26;04/10/2026 07:52:44;5;2;1
MA;09490;0020;0024;anexo;registro depois de 23h41 de 04/10;4951;4951;29/09/2026 13:59:45;04/10/2026 17:04:22;10;0;02287270;04/10/2026 17:04:17;04/10/2026 17:04:22;04/10/2026 08:14:58;6;2;1
MA;09490;0020;0025;anexo;registro depois de 23h41 de 04/10;5179;5179;29/09/2026 14:02:53;04/10/2026 17:10:06;29;0;02288333;04/10/2026 17:10:02;04/10/2026 17:10:06;04/10/2026 07:52:16;5;2;1
MA;09490;0020;0026;anexo;registro depois de 23h41 de 04/10;4789;4789;29/09/2026 14:24:11;04/10/2026 17:07:22;19;0;02302149;04/10/2026 17:07:18;04/10/2026 17:07:22;04/10/2026 07:44:59;5;2;1
MA;09490;0020;0027;anexo;registro depois de 23h41 de 04/10;4667;4667;29/09/2026 14:27:43;04/10/2026 17:06:10;17;0;02415746;04/10/2026 17:06:05;04/10/2026 17:06:10;04/10/2026 07:49:29;4;2;1
MA;09490;0020;0028;anexo;registro depois de 23h41 de 04/10;5062;5062;29/09/2026 14:31:09;04/10/2026 17:07:30;21;0;02305387;04/10/2026 17:07:25;04/10/2026 17:07:30;04/10/2026 07:59:07;4;2;1
MA;09490;0020;0029;anexo;registro depois de 23h41 de 04/10;6335;6335;29/09/2026 10:52:23;04/10/2026 18:07:15;27;0;02307375;04/10/2026 18:07:10;04/10/2026 18:07:15;04/10/2026 08:01:56;4;2;1
MA;09490;0020;0030;anexo;registro depois de 23h41 de 04/10;5808;5808;29/09/2026 09:18:51;04/10/2026 18:37:26;28;0;02287795;04/10/2026 18:37:21;04/10/2026 18:37:26;04/10/2026 08:07:56;5;2;1
MA;09490;0020;0031;anexo;registro depois de 23h41 de 04/10;6291;6291;29/09/2026 10:58:04;04/10/2026 17:54:35;22;0;02256847;04/10/2026 17:54:30;04/10/2026 17:54:35;04/10/2026 07:48:57;4;2;1
MA;09490;0020;0032;anexo;registro depois de 23h41 de 04/10;5177;5177;29/09/2026 09:23:49;04/10/2026 17:08:38;17;0;02256259;04/10/2026 17:08:33;04/10/2026 17:08:38;04/10/2026 07:55:19;5;2;1
MA;09490;0020;0033;anexo;registro depois de 23h41 de 04/10;5225;5225;29/09/2026 09:28:07;04/10/2026 17:46:19;16;0;02301013;04/10/2026 17:46:14;04/10/2026 17:46:19;04/10/2026 07:44:36;6;2;1
MA;09490;0020;0034;anexo;registro depois de 23h41 de 04/10;4702;4702;29/09/2026 09:32:47;04/10/2026 17:14:07;29;0;02301275;04/10/2026 17:14:02;04/10/2026 17:14:07;04/10/2026 08:12:29;4;2;1
MA;09490;0020;0041;anexo;registro depois de 23h41 de 04/10;4554;4554;29/09/2026 09:41:09;04/10/2026 17:07:59;15;0;02291942;04/10/2026 17:07:54;04/10/2026 17:07:59;04/10/2026 07:25:37;4;2;1
MA;09490;0020;0049;anexo;registro depois de 23h41 de 04/10;4811;4811;29/09/2026 09:49:26;04/10/2026 17:05:28;21;0;02290361;04/10/2026 17:05:23;04/10/2026 17:05:28;04/10/2026 07:49:34;4;2;1
MG;40932;0270;0009;anexo;registro depois de 23h41 de 04/10;5255;5255;23/09/2026 08:27:30;04/10/2026 17:06:43;6;0;02129093;04/10/2026 17:06:38;04/10/2026 17:06:43;04/10/2026 07:40:02;4;2;1
MG;41238;0039;0168;anexo;BU do Sistema de Apuracao (busa);388;388;22/09/2026 15:11:08;04/10/2026 22:09:18;1;0;02254078;;;04/10/2026 20:59:15;4;3;13
MG;41335;0316;0157;anexo;1a consulta HTTP 404 (arquivos publicados depois);6571;6571;24/09/2026 11:30:29;04/10/2026 17:08:56;14;0;02401854;04/10/2026 17:08:51;04/10/2026 17:08:56;04/10/2026 07:24:04;5;2;1
MG;41335;0316;0158;anexo;1a consulta HTTP 404 (arquivos publicados depois);6582;6582;24/09/2026 11:34:03;04/10/2026 17:21:24;30;0;02461038;04/10/2026 17:21:19;04/10/2026 17:21:24;04/10/2026 07:27:11;4;2;1
MG;41335;0316;0159;anexo;1a consulta HTTP 404 (arquivos publicados depois);6354;6354;24/09/2026 11:38:34;04/10/2026 17:09:18;7;0;02458883;04/10/2026 17:09:13;04/10/2026 17:09:18;04/10/2026 07:38:21;4;2;1
MG;41335;0316;0160;anexo;1a consulta HTTP 404 (arquivos publicados depois);6399;6399;24/09/2026 11:42:55;04/10/2026 17:11:09;29;0;02268173;04/10/2026 17:11:04;04/10/2026 17:11:09;04/10/2026 08:01:47;4;2;1
MG;41335;0316;0228;anexo;1a consulta HTTP 404 (arquivos publicados depois);6456;6456;24/09/2026 11:46:32;04/10/2026 17:14:15;13;0;02253621;04/10/2026 17:14:10;04/10/2026 17:14:15;04/10/2026 07:29:34;4;2;1
MG;41335;0316;0230;anexo;1a consulta HTTP 404 (arquivos publicados depois);6885;6885;24/09/2026 11:50:27;04/10/2026 17:39:26;19;0;02439170;04/10/2026 17:39:21;04/10/2026 17:39:26;04/10/2026 07:30:08;5;2;1
MG;41335;0316;0231;anexo;1a consulta HTTP 404 (arquivos publicados depois);6409;6409;24/09/2026 11:54:00;04/10/2026 17:19:50;33;0;02326101;04/10/2026 17:19:45;04/10/2026 17:19:50;04/10/2026 07:59:48;4;2;1
MG;41335;0316;0250;anexo;1a consulta HTTP 404 (arquivos publicados depois);6198;6198;24/09/2026 11:57:03;04/10/2026 17:16:20;30;0;02326428;04/10/2026 17:16:15;04/10/2026 17:16:20;04/10/2026 07:21:16;4;2;1
MG;41335;0316;0272;anexo;1a consulta HTTP 404 (arquivos publicados depois);6182;6182;24/09/2026 12:00:57;04/10/2026 17:32:45;23;0;02421946;04/10/2026 17:32:40;04/10/2026 17:32:45;04/10/2026 07:52:37;4;2;1
MG;41335;0316;0286;anexo;1a consulta HTTP 404 (arquivos publicados depois);6485;6485;25/09/2026 10:52:14;04/10/2026 17:06:02;46;0;02400649;04/10/2026 17:05:57;04/10/2026 17:06:02;04/10/2026 07:34:24;4;2;1
MG;41335;0316;0293;anexo;1a consulta HTTP 404 (arquivos publicados depois);6037;6037;24/09/2026 12:04:56;04/10/2026 17:21:49;14;0;02297236;04/10/2026 17:21:43;04/10/2026 17:21:49;04/10/2026 07:43:40;4;2;1
MG;41335;0316;0323;anexo;1a consulta HTTP 404 (arquivos publicados depois);5586;5586;25/09/2026 10:57:07;04/10/2026 17:04:20;7;0;02264809;04/10/2026 17:04:15;04/10/2026 17:04:20;04/10/2026 07:37:04;4;2;1
MG;41335;0316;0328;anexo;1a consulta HTTP 404 (arquivos publicados depois);6408;6408;24/09/2026 12:15:33;04/10/2026 17:13:07;19;0;02418302;04/10/2026 17:13:02;04/10/2026 17:13:07;04/10/2026 07:38:06;4;2;1
MG;41335;0316;0356;anexo;1a consulta HTTP 404 (arquivos publicados depois);6029;6029;24/09/2026 12:19:50;04/10/2026 17:07:29;20;0;02405116;04/10/2026 17:07:23;04/10/2026 17:07:29;04/10/2026 07:37:44;4;2;1
MG;41335;0316;0362;anexo;1a consulta HTTP 404 (arquivos publicados depois);6086;6086;25/09/2026 11:00:14;04/10/2026 17:07:32;16;0;02413131;04/10/2026 17:07:27;04/10/2026 17:07:32;04/10/2026 08:04:25;4;2;1
MG;41335;0316;0376;anexo;1a consulta HTTP 404 (arquivos publicados depois);6012;6012;24/09/2026 12:24:06;04/10/2026 17:05:37;23;0;02457810;04/10/2026 17:05:32;04/10/2026 17:05:37;04/10/2026 07:41:19;4;2;1
MG;41335;0316;0383;anexo;1a consulta HTTP 404 (arquivos publicados depois);5783;5783;24/09/2026 10:27:37;04/10/2026 17:06:03;12;0;02419539;04/10/2026 17:05:58;04/10/2026 17:06:03;04/10/2026 07:35:20;4;2;1
MG;41335;0316;0392;anexo;1a consulta HTTP 404 (arquivos publicados depois);6979;6979;25/09/2026 11:05:39;04/10/2026 17:17:33;33;0;02325010;04/10/2026 17:17:28;04/10/2026 17:17:33;04/10/2026 07:50:13;5;2;1
MG;41335;0316;0398;anexo;1a consulta HTTP 404 (arquivos publicados depois);5751;5751;24/09/2026 12:32:06;04/10/2026 17:09:27;12;0;02318449;04/10/2026 17:09:22;04/10/2026 17:09:27;04/10/2026 07:45:45;4;2;1
MG;41335;0316;0422;anexo;1a consulta HTTP 404 (arquivos publicados depois);5865;5865;25/09/2026 11:09:32;04/10/2026 17:06:12;16;0;02318287;04/10/2026 17:06:08;04/10/2026 17:06:12;04/10/2026 07:25:31;4;2;1
MG;41335;0316;0425;anexo;1a consulta HTTP 404 (arquivos publicados depois);5160;5160;25/09/2026 11:15:34;04/10/2026 17:07:56;19;0;02441837;04/10/2026 17:07:51;04/10/2026 17:07:56;04/10/2026 08:02:05;4;2;1
MG;41335;0316;0426;anexo;1a consulta HTTP 404 (arquivos publicados depois);5543;5543;24/09/2026 12:35:40;04/10/2026 17:12:28;12;0;02297584;04/10/2026 17:12:23;04/10/2026 17:12:28;04/10/2026 07:36:00;4;2;1
MG;41335;0316;0551;anexo;1a consulta HTTP 404 (arquivos publicados depois);6540;6540;25/09/2026 11:17:48;04/10/2026 17:09:03;26;0;02445374;04/10/2026 17:08:58;04/10/2026 17:09:03;04/10/2026 07:45:31;4;2;1
MG;41335;0316;0556;anexo;1a consulta HTTP 404 (arquivos publicados depois);5871;5871;25/09/2026 11:38:59;04/10/2026 17:04:40;20;0;02322940;04/10/2026 17:04:35;04/10/2026 17:04:40;04/10/2026 08:00:49;4;2;1
MG;41335;0316;0593;anexo;1a consulta HTTP 404 (arquivos publicados depois);4981;4981;24/09/2026 10:36:45;04/10/2026 17:07:32;22;0;02464100;04/10/2026 17:07:27;04/10/2026 17:07:32;04/10/2026 07:39:12;4;2;1
MG;41335;0316;0594;anexo;1a consulta HTTP 404 (arquivos publicados depois);5650;5650;24/09/2026 12:38:46;04/10/2026 17:08:04;37;0;02273648;04/10/2026 17:07:59;04/10/2026 17:08:04;04/10/2026 07:41:47;4;2;1
MG;41335;0316;0609;anexo;1a consulta HTTP 404 (arquivos publicados depois);5569;5569;25/09/2026 11:19:57;04/10/2026 17:09:39;22;0;02470748;04/10/2026 17:09:34;04/10/2026 17:09:39;04/10/2026 07:56:24;4;2;1
MG;41335;0316;0616;anexo;1a consulta HTTP 404 (arquivos publicados depois);5229;5229;24/09/2026 12:43:29;04/10/2026 17:12:24;25;0;02417896;04/10/2026 17:12:19;04/10/2026 17:12:24;04/10/2026 07:49:57;4;2;1
MG;41335;0316;0640;anexo;1a consulta HTTP 404 (arquivos publicados depois);6317;6317;24/09/2026 12:48:06;04/10/2026 17:10:23;47;0;02407278;04/10/2026 17:10:18;04/10/2026 17:10:23;04/10/2026 07:38:33;4;2;1
MG;41335;0316;0665;anexo;1a consulta HTTP 404 (arquivos publicados depois);3374;3374;25/09/2026 11:23:53;04/10/2026 17:08:43;17;0;02327417;04/10/2026 17:08:38;04/10/2026 17:08:43;04/10/2026 07:25:50;5;3;1
MG;41335;0319;0058;anexo;1a consulta HTTP 404 (arquivos publicados depois);3825;3825;23/09/2026 09:17:37;04/10/2026 17:10:27;10;0;02417333;04/10/2026 17:10:22;04/10/2026 17:10:27;04/10/2026 08:09:55;6;2;1
MG;41335;0319;0240;anexo;1a consulta HTTP 404 (arquivos publicados depois);5971;5971;23/09/2026 10:59:29;04/10/2026 17:05:02;18;1;02275851;04/10/2026 17:04:57;04/10/2026 17:05:02;04/10/2026 07:14:56;4;2;1
MG;41335;0319;0397;anexo;1a consulta HTTP 404 (arquivos publicados depois);5846;5846;22/09/2026 11:08:41;04/10/2026 17:05:01;16;0;02408029;04/10/2026 17:04:56;04/10/2026 17:05:01;04/10/2026 08:08:01;4;2;1
MG;41602;0166;0267;anexo;registro depois de 23h41 de 04/10;8319;8319;22/09/2026 10:57:43;04/10/2026 23:57:12;38;1;02059832;04/10/2026 23:57:07;04/10/2026 23:57:12;04/10/2026 09:58:54;8;2;1
MG;41602;0166;0282;anexo;registro depois de 23h41 de 04/10;4914;4914;22/09/2026 11:12:44;04/10/2026 17:06:22;7;0;02129261;04/10/2026 17:06:17;04/10/2026 17:06:22;04/10/2026 07:39:47;4;2;1
MG;50075;0047;0041;anexo;BU do Sistema de Apuracao (busa);440;440;22/09/2026 10:22:03;04/10/2026 22:25:31;1;2;02458923;;;04/10/2026 21:15:13;5;2;14
MG;53716;0269;0167;anexo;1a consulta HTTP 404 (arquivos publicados depois);6342;6342;19/09/2026 14:59:57;04/10/2026 17:34:12;23;0;02093675;04/10/2026 17:34:08;04/10/2026 17:34:12;04/10/2026 07:48:42;4;2;1
MG;53716;0269;0196;anexo;1a consulta HTTP 404 (arquivos publicados depois);5606;5606;19/09/2026 16:19:55;04/10/2026 17:07:00;30;0;02065507;04/10/2026 17:06:55;04/10/2026 17:07:00;04/10/2026 08:01:59;4;2;1
MG;53716;0269;0197;anexo;1a consulta HTTP 404 (arquivos publicados depois);4947;4947;19/09/2026 16:24:41;04/10/2026 17:55:20;27;0;02055197;04/10/2026 17:55:15;04/10/2026 17:55:20;04/10/2026 07:48:09;5;2;1
MG;53716;0269;0198;anexo;1a consulta HTTP 404 (arquivos publicados depois);5339;5339;19/09/2026 16:28:45;04/10/2026 17:34:18;31;0;02089457;04/10/2026 17:34:13;04/10/2026 17:34:18;04/10/2026 07:36:54;4;2;1
MG;53716;0269;0199;anexo;1a consulta HTTP 404 (arquivos publicados depois);6330;6330;19/09/2026 16:33:11;04/10/2026 19:38:43;34;0;02098419;04/10/2026 19:38:38;04/10/2026 19:38:43;04/10/2026 08:07:54;5;2;1
MG;53716;0269;0200;anexo;1a consulta HTTP 404 (arquivos publicados depois);5355;5355;19/09/2026 16:37:39;04/10/2026 17:19:17;52;0;02058131;04/10/2026 17:19:12;04/10/2026 17:19:17;04/10/2026 07:40:19;4;2;1
MG;53716;0269;0201;anexo;1a consulta HTTP 404 (arquivos publicados depois);5293;5293;19/09/2026 17:19:22;04/10/2026 17:16:54;21;0;02067297;04/10/2026 17:16:50;04/10/2026 17:16:54;04/10/2026 07:53:36;4;2;1
MG;53716;0269;0207;anexo;1a consulta HTTP 404 (arquivos publicados depois);5241;5241;19/09/2026 12:30:41;04/10/2026 17:07:42;28;0;02053990;04/10/2026 17:07:37;04/10/2026 17:07:42;04/10/2026 07:44:29;4;2;1
MG;53716;0269;0208;anexo;1a consulta HTTP 404 (arquivos publicados depois);5800;5800;19/09/2026 12:34:35;04/10/2026 17:13:37;33;0;02085770;04/10/2026 17:13:32;04/10/2026 17:13:37;04/10/2026 07:46:03;4;2;1
MG;53716;0269;0235;anexo;1a consulta HTTP 404 (arquivos publicados depois);5828;5828;19/09/2026 15:10:13;04/10/2026 18:04:39;11;0;02054974;04/10/2026 18:04:34;04/10/2026 18:04:39;04/10/2026 07:49:54;5;2;1
MG;53716;0269;0238;anexo;1a consulta HTTP 404 (arquivos publicados depois);7085;7085;19/09/2026 15:00:17;04/10/2026 19:13:28;20;0;02132203;04/10/2026 19:13:22;04/10/2026 19:13:28;04/10/2026 07:41:12;4;2;1
MG;53716;0269;0246;anexo;1a consulta HTTP 404 (arquivos publicados depois);5818;5818;19/09/2026 16:04:36;04/10/2026 18:58:09;19;0;02054986;04/10/2026 18:58:05;04/10/2026 18:58:09;04/10/2026 07:33:01;4;2;1
MG;53716;0269;0274;anexo;1a consulta HTTP 404 (arquivos publicados depois);7368;7368;19/09/2026 14:10:09;04/10/2026 19:38:11;23;0;02132413;04/10/2026 19:38:06;04/10/2026 19:38:11;04/10/2026 07:34:22;4;2;1
MG;53716;0269;0277;anexo;1a consulta HTTP 404 (arquivos publicados depois);6310;6310;19/09/2026 14:19:35;04/10/2026 17:20:00;27;0;02011517;04/10/2026 17:19:55;04/10/2026 17:20:00;04/10/2026 07:14:37;4;2;1
MG;53716;0269;0304;anexo;1a consulta HTTP 404 (arquivos publicados depois);6919;6919;19/09/2026 17:15:02;04/10/2026 18:58:51;25;0;02055300;04/10/2026 18:58:46;04/10/2026 18:58:51;04/10/2026 07:34:09;4;2;1
MG;53716;0269;0312;anexo;1a consulta HTTP 404 (arquivos publicados depois);6387;6387;20/09/2026 08:39:15;04/10/2026 18:25:39;30;0;02065321;04/10/2026 18:25:34;04/10/2026 18:25:39;04/10/2026 07:45:29;4;2;1
MG;53716;0269;0349;anexo;1a consulta HTTP 404 (arquivos publicados depois);6512;6512;20/09/2026 08:51:28;04/10/2026 17:30:56;23;1;02084895;04/10/2026 17:30:51;04/10/2026 17:30:56;04/10/2026 07:49:15;4;2;1
MG;53716;0269;0358;anexo;1a consulta HTTP 404 (arquivos publicados depois);7068;7068;20/09/2026 09:39:15;04/10/2026 19:14:09;80;0;02077666;04/10/2026 19:14:04;04/10/2026 19:14:09;04/10/2026 08:03:28;4;2;1
MG;54038;0279;0204;anexo;1a consulta HTTP 404 (arquivos publicados depois);6298;6298;23/09/2026 08:54:52;04/10/2026 17:04:33;29;0;02079796;04/10/2026 17:04:28;04/10/2026 17:04:33;04/10/2026 07:35:15;4;2;1
MG;54038;0279;0269;anexo;1a consulta HTTP 404 (arquivos publicados depois);6125;6125;23/09/2026 08:44:05;04/10/2026 17:04:01;15;0;02133708;04/10/2026 17:03:56;04/10/2026 17:04:01;04/10/2026 07:56:47;4;2;1
MG;54038;0279;0287;anexo;1a consulta HTTP 404 (arquivos publicados depois);5886;5886;23/09/2026 09:12:21;04/10/2026 17:06:36;24;0;02129924;04/10/2026 17:06:31;04/10/2026 17:06:36;04/10/2026 07:49:04;4;2;1
MG;54038;0279;0486;anexo;1a consulta HTTP 404 (arquivos publicados depois);5619;5619;23/09/2026 09:59:06;04/10/2026 17:07:44;13;0;02086532;04/10/2026 17:07:39;04/10/2026 17:07:44;04/10/2026 08:01:20;4;2;1
MG;54038;0279;0625;anexo;1a consulta HTTP 404 (arquivos publicados depois);5164;5164;23/09/2026 10:52:25;04/10/2026 17:05:24;8;0;02133905;04/10/2026 17:05:19;04/10/2026 17:05:24;04/10/2026 07:38:01;4;2;1
PA;04057;0016;0007;anexo;registro depois de 23h41 de 04/10;6238;6238;22/09/2026 08:29:57;04/10/2026 18:11:17;17;0;02386070;04/10/2026 18:11:12;04/10/2026 18:11:17;04/10/2026 07:50:11;4;2;1
PA;04057;0016;0008;anexo;registro depois de 23h41 de 04/10;4399;4399;02/10/2026 11:03:37;04/10/2026 17:19:24;11;0;02423459;04/10/2026 17:19:19;04/10/2026 17:19:24;04/10/2026 08:07:08;4;2;1
PA;04057;0016;0012;anexo;registro depois de 23h41 de 04/10;5429;5429;02/10/2026 10:51:00;04/10/2026 17:08:31;10;0;02423583;04/10/2026 17:08:26;04/10/2026 17:08:31;04/10/2026 07:45:45;5;2;1
PA;04057;0016;0016;anexo;registro depois de 23h41 de 04/10;4794;4794;22/09/2026 09:11:56;04/10/2026 17:05:52;14;1;02417647;04/10/2026 17:05:47;04/10/2026 17:05:52;04/10/2026 07:33:56;5;2;1
PA;04057;0016;0017;anexo;registro depois de 23h41 de 04/10;6103;6103;12/11/2026 08:25:04;04/10/2026 17:45:39;30;0;02417403;04/10/2026 17:45:34;04/10/2026 17:45:39;04/10/2026 07:26:51;4;2;1
PA;04057;0016;0022;anexo;registro depois de 23h41 de 04/10;5999;5999;22/09/2026 09:44:58;04/10/2026 18:35:15;6;0;02418369;04/10/2026 18:35:10;04/10/2026 18:35:15;04/10/2026 08:01:28;4;2;1
PA;04057;0016;0025;anexo;registro depois de 23h41 de 04/10;6565;6565;22/09/2026 09:58:55;04/10/2026 18:58:20;45;0;02417996;04/10/2026 18:58:15;04/10/2026 18:58:20;04/10/2026 07:59:36;4;2;1
PA;04057;0016;0069;anexo;registro depois de 23h41 de 04/10;5850;5850;22/09/2026 11:06:04;04/10/2026 17:22:19;31;0;02422403;04/10/2026 17:22:14;04/10/2026 17:22:19;04/10/2026 07:52:42;6;2;1
PA;04057;0016;0075;anexo;registro depois de 23h41 de 04/10;5577;5577;22/09/2026 11:26:32;04/10/2026 17:16:14;17;1;02398808;04/10/2026 17:16:10;04/10/2026 17:16:14;04/10/2026 07:42:18;5;2;1
PA;04057;0016;0078;anexo;registro depois de 23h41 de 04/10;4541;4541;22/09/2026 11:34:35;04/10/2026 17:05:08;16;0;02417728;04/10/2026 17:05:03;04/10/2026 17:05:08;04/10/2026 07:53:16;4;2;1
PA;04057;0016;0081;anexo;registro depois de 23h41 de 04/10;6554;6554;22/09/2026 12:33:33;04/10/2026 18:38:00;18;0;02384389;04/10/2026 18:37:55;04/10/2026 18:38:00;04/10/2026 07:55:50;4;2;1
PA;04057;0016;0083;anexo;registro depois de 23h41 de 04/10;4475;4475;22/09/2026 12:37:55;04/10/2026 17:21:33;8;0;02387998;04/10/2026 17:21:28;04/10/2026 17:21:33;04/10/2026 08:01:25;4;2;1
PA;04057;0016;0098;anexo;registro depois de 23h41 de 04/10;6326;6326;22/09/2026 13:16:28;04/10/2026 18:13:51;42;0;02406893;04/10/2026 18:13:46;04/10/2026 18:13:51;04/10/2026 07:32:17;6;2;1
PA;04057;0016;0099;anexo;registro depois de 23h41 de 04/10;4726;4726;22/09/2026 13:20:53;04/10/2026 17:08:59;18;0;02417732;04/10/2026 17:08:54;04/10/2026 17:08:59;04/10/2026 08:02:29;4;2;1
PA;04057;0016;0104;anexo;registro depois de 23h41 de 04/10;4897;4897;22/09/2026 13:40:32;04/10/2026 17:17:49;8;0;02406542;04/10/2026 17:17:44;04/10/2026 17:17:49;04/10/2026 07:44:01;4;2;1
PA;04057;0016;0109;anexo;registro depois de 23h41 de 04/10;6646;6646;22/09/2026 14:02:20;04/10/2026 19:53:16;18;0;02398950;04/10/2026 19:53:11;04/10/2026 19:53:16;04/10/2026 07:40:03;4;2;1
PA;04057;0016;0111;anexo;registro depois de 23h41 de 04/10;5803;5803;22/09/2026 14:10:45;04/10/2026 17:12:37;31;0;02415165;04/10/2026 17:12:33;04/10/2026 17:12:37;04/10/2026 07:16:27;4;2;1
PA;04057;0016;0121;anexo;registro depois de 23h41 de 04/10;4616;4616;22/09/2026 14:48:50;04/10/2026 17:06:43;48;0;02419802;04/10/2026 17:06:38;04/10/2026 17:06:43;04/10/2026 07:54:36;4;2;1
PA;04057;0016;0123;anexo;registro depois de 23h41 de 04/10;6056;6056;22/09/2026 14:57:32;04/10/2026 17:43:24;8;0;02392294;04/10/2026 17:43:19;04/10/2026 17:43:24;04/10/2026 07:47:18;4;2;1
PA;04057;0016;0127;anexo;registro depois de 23h41 de 04/10;5888;5888;22/09/2026 15:19:37;04/10/2026 17:38:28;23;0;02437894;04/10/2026 17:38:23;04/10/2026 17:38:28;04/10/2026 07:36:45;4;2;1
PA;04057;0016;0129;anexo;registro depois de 23h41 de 04/10;5835;5835;22/09/2026 15:27:12;04/10/2026 18:12:41;35;0;02416466;04/10/2026 18:12:36;04/10/2026 18:12:41;04/10/2026 07:20:21;4;2;1
PA;04057;0016;0132;anexo;registro depois de 23h41 de 04/10;5400;5400;22/09/2026 15:40:55;04/10/2026 17:17:37;20;0;02440083;04/10/2026 17:17:32;04/10/2026 17:17:37;04/10/2026 07:33:17;5;2;1
PA;04057;0016;0137;anexo;registro depois de 23h41 de 04/10;3339;3339;22/09/2026 16:02:13;04/10/2026 17:06:40;9;0;02331861;04/10/2026 17:06:35;04/10/2026 17:06:40;04/10/2026 07:20:34;4;2;1
PA;04057;0016;0140;anexo;registro depois de 23h41 de 04/10;3020;3020;22/09/2026 16:11:03;04/10/2026 17:10:48;6;0;02417698;04/10/2026 17:10:43;04/10/2026 17:10:48;04/10/2026 07:31:19;7;3;2
PA;04278;0097;0001;anexo;registro depois de 23h41 de 04/10;7073;7073;24/09/2026 08:39:43;04/10/2026 18:01:30;36;1;02155650;04/10/2026 18:01:25;04/10/2026 18:01:30;04/10/2026 07:35:35;5;2;1
PA;04278;0097;0002;anexo;registro depois de 23h41 de 04/10;6381;6381;24/09/2026 08:52:37;04/10/2026 17:07:27;16;0;02168893;04/10/2026 17:07:22;04/10/2026 17:07:27;04/10/2026 07:47:00;5;2;1
PA;04278;0097;0003;anexo;registro depois de 23h41 de 04/10;6844;6844;24/09/2026 08:56:51;04/10/2026 17:41:29;17;0;02162986;04/10/2026 17:41:24;04/10/2026 17:41:29;04/10/2026 07:46:28;5;2;1
PA;04278;0097;0004;anexo;registro depois de 23h41 de 04/10;6607;6607;24/09/2026 09:00:46;04/10/2026 17:18:37;23;0;02168698;04/10/2026 17:18:32;04/10/2026 17:18:37;04/10/2026 07:22:36;5;2;1
PA;04278;0097;0005;anexo;registro depois de 23h41 de 04/10;507;0;;;0;0;;;;;0;0;0
PA;04278;0097;0006;anexo;registro depois de 23h41 de 04/10;7005;7005;24/09/2026 09:08:10;04/10/2026 17:28:15;4;0;02169458;04/10/2026 17:28:10;04/10/2026 17:28:15;04/10/2026 07:47:07;5;2;1
PA;04278;0097;0007;anexo;registro depois de 23h41 de 04/10;7533;7533;24/09/2026 09:11:33;04/10/2026 17:17:15;35;0;02150374;04/10/2026 17:17:10;04/10/2026 17:17:15;04/10/2026 07:41:33;6;2;1
PA;04278;0097;0008;anexo;registro depois de 23h41 de 04/10;7499;7499;24/09/2026 09:15:03;04/10/2026 17:26:39;38;0;02168660;04/10/2026 17:26:34;04/10/2026 17:26:39;04/10/2026 07:18:25;6;2;1
PA;04278;0097;0009;anexo;registro depois de 23h41 de 04/10;7607;7607;24/09/2026 09:18:20;04/10/2026 17:41:25;39;0;02170638;04/10/2026 17:41:20;04/10/2026 17:41:25;04/10/2026 07:32:44;5;2;1
PA;04278;0097;0010;anexo;registro depois de 23h41 de 04/10;7527;7527;24/09/2026 09:22:08;04/10/2026 17:23:35;11;0;02157219;04/10/2026 17:23:30;04/10/2026 17:23:35;04/10/2026 07:39:44;5;2;1
PA;04278;0097;0011;anexo;registro depois de 23h41 de 04/10;7591;7591;24/09/2026 09:25:11;04/10/2026 18:07:00;12;0;02157034;04/10/2026 18:06:56;04/10/2026 18:07:00;04/10/2026 07:32:25;5;2;1
PA;04278;0097;0012;anexo;registro depois de 23h41 de 04/10;7660;7660;24/09/2026 09:27:35;04/10/2026 18:30:38;13;0;02169933;04/10/2026 18:30:33;04/10/2026 18:30:38;04/10/2026 07:09:24;6;2;1
PA;04278;0097;0013;anexo;registro depois de 23h41 de 04/10;7393;7393;24/09/2026 09:32:10;04/10/2026 18:06:03;57;0;02157434;04/10/2026 18:05:58;04/10/2026 18:06:03;04/10/2026 07:48:00;5;2;1
PA;04278;0097;0014;anexo;registro depois de 23h41 de 04/10;7184;7184;24/09/2026 09:35:24;04/10/2026 17:17:40;18;0;02191991;04/10/2026 17:17:35;04/10/2026 17:17:40;04/10/2026 07:37:23;5;2;1
PA;04278;0097;0015;anexo;registro depois de 23h41 de 04/10;6830;6830;24/09/2026 09:38:51;04/10/2026 17:17:06;10;0;02140928;04/10/2026 17:17:01;04/10/2026 17:17:06;04/10/2026 07:52:41;5;2;1
PA;04278;0097;0016;anexo;registro depois de 23h41 de 04/10;7401;7401;24/09/2026 09:36:24;04/10/2026 17:31:02;18;0;02181800;04/10/2026 17:30:57;04/10/2026 17:31:02;04/10/2026 08:05:07;5;2;1
PA;04278;0097;0017;anexo;registro depois de 23h41 de 04/10;6940;6940;24/09/2026 09:44:38;04/10/2026 17:12:41;36;0;02154134;04/10/2026 17:12:36;04/10/2026 17:12:41;04/10/2026 07:54:10;5;2;1
PA;04278;0097;0018;anexo;registro depois de 23h41 de 04/10;7201;7201;24/09/2026 09:46:55;04/10/2026 17:31:59;26;0;02205483;04/10/2026 17:31:54;04/10/2026 17:31:59;04/10/2026 07:30:38;5;2;1
PA;04278;0097;0019;anexo;registro depois de 23h41 de 04/10;6531;6531;24/09/2026 09:51:06;04/10/2026 17:14:08;25;0;02157059;04/10/2026 17:14:03;04/10/2026 17:14:08;04/10/2026 07:33:51;4;2;1
PA;04278;0097;0020;anexo;registro depois de 23h41 de 04/10;6397;6397;24/09/2026 09:54:17;04/10/2026 17:16:19;18;0;02169158;04/10/2026 17:16:14;04/10/2026 17:16:19;04/10/2026 07:37:52;5;2;1
PA;04278;0097;0021;anexo;registro depois de 23h41 de 04/10;6807;6807;24/09/2026 09:55:20;04/10/2026 17:26:22;25;0;02199395;04/10/2026 17:26:17;04/10/2026 17:26:22;04/10/2026 07:30:09;5;2;1
PA;04278;0097;0022;anexo;registro depois de 23h41 de 04/10;6923;6923;24/09/2026 09:58:48;04/10/2026 17:52:19;36;0;02155929;04/10/2026 17:52:14;04/10/2026 17:52:19;04/10/2026 07:37:12;5;2;1
PA;04278;0097;0023;anexo;registro depois de 23h41 de 04/10;6610;6610;24/09/2026 10:01:17;04/10/2026 17:20:16;33;0;02155859;04/10/2026 17:20:11;04/10/2026 17:20:16;04/10/2026 07:31:20;5;2;1
PA;04278;0097;0024;anexo;registro depois de 23h41 de 04/10;6357;6357;24/09/2026 10:05:02;04/10/2026 17:15:57;68;0;02192410;04/10/2026 17:15:52;04/10/2026 17:15:57;04/10/2026 07:28:34;5;2;1
PA;04278;0097;0025;anexo;registro depois de 23h41 de 04/10;6871;6871;24/09/2026 10:09:03;04/10/2026 17:16:59;27;0;02180628;04/10/2026 17:16:54;04/10/2026 17:16:59;04/10/2026 07:59:10;5;2;1
PA;04278;0097;0026;anexo;registro depois de 23h41 de 04/10;6679;6679;24/09/2026 10:12:48;04/10/2026 17:20:06;8;0;02148969;04/10/2026 17:20:01;04/10/2026 17:20:06;04/10/2026 08:00:10;5;2;1
PA;04278;0097;0027;anexo;registro depois de 23h41 de 04/10;6835;6835;24/09/2026 10:15:20;04/10/2026 17:18:20;19;0;02170763;04/10/2026 17:18:15;04/10/2026 17:18:20;04/10/2026 07:36:51;5;2;1
PA;04278;0097;0028;anexo;registro depois de 23h41 de 04/10;7300;7300;24/09/2026 10:19:19;04/10/2026 17:26:14;24;0;02156608;04/10/2026 17:26:09;04/10/2026 17:26:14;04/10/2026 07:11:31;5;2;1
PA;04278;0097;0029;anexo;registro depois de 23h41 de 04/10;7615;7615;24/09/2026 10:22:13;04/10/2026 17:14:48;22;0;02152905;04/10/2026 17:14:42;04/10/2026 17:14:48;04/10/2026 07:53:29;5;2;1
PA;04278;0097;0030;anexo;registro depois de 23h41 de 04/10;7233;7233;24/09/2026 10:25:50;04/10/2026 17:16:55;13;0;02149267;04/10/2026 17:16:50;04/10/2026 17:16:55;04/10/2026 07:41:14;5;2;1
PA;04278;0097;0031;anexo;registro depois de 23h41 de 04/10;7702;7702;24/09/2026 10:28:28;04/10/2026 17:31:57;13;0;02149407;04/10/2026 17:31:52;04/10/2026 17:31:57;04/10/2026 08:02:07;6;2;1
PA;04278;0097;0032;anexo;registro depois de 23h41 de 04/10;7035;7035;24/09/2026 10:32:04;04/10/2026 17:12:33;24;0;02155696;04/10/2026 17:12:28;04/10/2026 17:12:33;04/10/2026 07:37:22;5;2;1
PA;04278;0097;0033;anexo;registro depois de 23h41 de 04/10;7692;7692;24/09/2026 10:35:26;04/10/2026 18:28:23;18;0;02157203;04/10/2026 18:28:18;04/10/2026 18:28:23;04/10/2026 07:37:20;5;2;1
PA;04278;0097;0034;anexo;registro depois de 23h41 de 04/10;7466;7466;24/09/2026 10:39:05;04/10/2026 18:37:46;39;0;02168657;04/10/2026 18:37:42;04/10/2026 18:37:46;04/10/2026 07:29:48;5;2;1
PA;04278;0097;0035;anexo;registro depois de 23h41 de 04/10;7978;7978;24/09/2026 10:42:42;04/10/2026 18:44:07;17;0;02169302;04/10/2026 18:44:02;04/10/2026 18:44:07;04/10/2026 07:40:30;5;2;1
PA;04278;0097;0036;anexo;registro depois de 23h41 de 04/10;7515;7515;24/09/2026 10:46:00;04/10/2026 17:44:29;20;0;02204409;04/10/2026 17:44:24;04/10/2026 17:44:29;04/10/2026 07:48:58;6;2;1
PA;04278;0097;0037;anexo;registro depois de 23h41 de 04/10;7581;7581;24/09/2026 10:49:17;04/10/2026 18:44:18;33;0;02149552;04/10/2026 18:44:13;04/10/2026 18:44:18;04/10/2026 07:58:05;5;2;1
PA;04278;0097;0038;anexo;registro depois de 23h41 de 04/10;7530;7530;24/09/2026 10:53:41;04/10/2026 18:21:15;20;0;02158575;04/10/2026 18:21:10;04/10/2026 18:21:15;04/10/2026 07:40:42;5;2;1
PA;04278;0097;0039;anexo;registro depois de 23h41 de 04/10;7396;7396;24/09/2026 10:56:19;04/10/2026 17:14:15;11;0;02167977;04/10/2026 17:14:10;04/10/2026 17:14:15;04/10/2026 07:40:50;5;2;1
PA;04278;0097;0040;anexo;registro depois de 23h41 de 04/10;8095;8095;24/09/2026 11:00:11;04/10/2026 18:36:57;19;0;02168106;04/10/2026 18:36:52;04/10/2026 18:36:57;04/10/2026 07:46:00;9;3;3
PA;04278;0097;0041;anexo;registro depois de 23h41 de 04/10;7419;7419;24/09/2026 11:03:14;04/10/2026 17:40:55;11;0;02157460;04/10/2026 17:40:50;04/10/2026 17:40:55;04/10/2026 07:43:06;5;2;1
PA;04278;0097;0042;anexo;registro depois de 23h41 de 04/10;8009;8009;24/09/2026 11:06:39;04/10/2026 18:19:13;21;0;02204425;04/10/2026 18:19:08;04/10/2026 18:19:13;04/10/2026 07:49:38;5;2;1
PA;04278;0097;0043;anexo;registro depois de 23h41 de 04/10;7530;7530;24/09/2026 11:09:41;04/10/2026 18:05:20;28;0;02191623;04/10/2026 18:05:15;04/10/2026 18:05:20;04/10/2026 07:55:18;5;2;1
PA;04278;0097;0044;anexo;registro depois de 23h41 de 04/10;7850;7850;24/09/2026 11:13:02;04/10/2026 17:59:09;12;0;02155894;04/10/2026 17:59:04;04/10/2026 17:59:09;04/10/2026 07:38:42;5;2;1
PA;04278;0097;0045;anexo;registro depois de 23h41 de 04/10;7640;7640;24/09/2026 11:16:28;04/10/2026 18:29:58;25;0;02168961;04/10/2026 18:29:53;04/10/2026 18:29:58;04/10/2026 08:00:47;5;2;1
PA;04278;0097;0046;anexo;registro depois de 23h41 de 04/10;7351;7351;24/09/2026 11:22:09;04/10/2026 17:11:11;27;0;02157278;04/10/2026 17:11:06;04/10/2026 17:11:11;04/10/2026 07:48:25;5;2;1
PA;04278;0097;0047;anexo;registro depois de 23h41 de 04/10;7688;7688;24/09/2026 11:23:21;04/10/2026 18:28:18;35;0;02200840;04/10/2026 18:28:13;04/10/2026 18:28:18;04/10/2026 07:58:06;5;2;1
PA;04278;0097;0048;anexo;registro depois de 23h41 de 04/10;7643;7643;24/09/2026 11:26:16;04/10/2026 17:12:18;16;1;02166914;04/10/2026 17:12:13;04/10/2026 17:12:18;04/10/2026 07:22:21;5;2;1
PA;04278;0097;0049;anexo;registro depois de 23h41 de 04/10;7467;7467;24/09/2026 11:30:35;04/10/2026 17:13:48;13;0;02183694;04/10/2026 17:13:43;04/10/2026 17:13:48;04/10/2026 07:40:36;5;2;1
PA;04278;0097;0050;anexo;registro depois de 23h41 de 04/10;7210;7210;24/09/2026 11:35:56;04/10/2026 17:24:30;11;0;02156384;04/10/2026 17:24:25;04/10/2026 17:24:30;04/10/2026 07:49:41;5;2;1
PA;04278;0097;0051;anexo;registro depois de 23h41 de 04/10;7699;7699;24/09/2026 11:37:21;04/10/2026 18:31:40;44;0;02156999;04/10/2026 18:31:35;04/10/2026 18:31:40;04/10/2026 07:22:27;6;3;1
PA;04278;0097;0052;anexo;registro depois de 23h41 de 04/10;7962;7962;24/09/2026 11:40:44;04/10/2026 17:16:54;10;0;02156588;04/10/2026 17:16:49;04/10/2026 17:16:54;04/10/2026 07:32:33;5;2;1
PA;04278;0097;0053;anexo;registro depois de 23h41 de 04/10;6869;6869;24/09/2026 11:46:27;04/10/2026 17:15:44;19;0;02182902;04/10/2026 17:15:39;04/10/2026 17:15:44;04/10/2026 07:44:32;5;2;1
PA;04278;0097;0054;anexo;registro depois de 23h41 de 04/10;7244;7244;24/09/2026 11:50:39;04/10/2026 17:15:50;18;0;02148666;04/10/2026 17:15:45;04/10/2026 17:15:50;04/10/2026 07:48:55;7;2;1
PA;04278;0097;0055;anexo;registro depois de 23h41 de 04/10;7067;7067;24/09/2026 11:51:40;04/10/2026 17:16:21;16;0;02156735;04/10/2026 17:16:16;04/10/2026 17:16:21;04/10/2026 07:32:35;5;2;1
PA;04278;0097;0056;anexo;registro depois de 23h41 de 04/10;6898;6898;24/09/2026 11:56:40;04/10/2026 17:53:42;5;0;02193622;04/10/2026 17:53:37;04/10/2026 17:53:42;04/10/2026 07:22:34;5;2;1
PA;04278;0097;0057;anexo;registro depois de 23h41 de 04/10;6834;6834;24/09/2026 12:00:15;04/10/2026 17:19:10;16;0;02149970;04/10/2026 17:19:05;04/10/2026 17:19:10;04/10/2026 07:42:41;5;2;1
PA;04278;0097;0059;anexo;registro depois de 23h41 de 04/10;7452;7452;24/09/2026 12:01:26;04/10/2026 17:55:47;9;2;02147135;04/10/2026 17:55:41;04/10/2026 17:55:47;04/10/2026 07:23:11;6;2;1
PA;04278;0097;0060;anexo;registro depois de 23h41 de 04/10;7356;7356;24/09/2026 12:06:26;04/10/2026 17:33:02;16;0;02148831;04/10/2026 17:32:57;04/10/2026 17:33:02;04/10/2026 07:28:25;5;2;1
PA;04278;0097;0061;anexo;registro depois de 23h41 de 04/10;7091;7091;24/09/2026 08:37:57;04/10/2026 17:09:49;35;0;02192380;04/10/2026 17:09:44;04/10/2026 17:09:49;04/10/2026 07:41:07;6;2;1
PA;04278;0097;0062;anexo;registro depois de 23h41 de 04/10;6752;6752;24/09/2026 08:41:46;04/10/2026 17:45:58;30;0;02149209;04/10/2026 17:45:53;04/10/2026 17:45:58;04/10/2026 07:38:01;5;2;1
PA;04278;0097;0063;anexo;registro depois de 23h41 de 04/10;6965;6965;24/09/2026 08:45:05;04/10/2026 17:42:49;23;0;02168119;04/10/2026 17:42:45;04/10/2026 17:42:49;04/10/2026 07:40:04;5;2;1
PA;04278;0097;0064;anexo;registro depois de 23h41 de 04/10;7131;7131;24/09/2026 08:49:01;04/10/2026 17:13:13;15;0;02193321;04/10/2026 17:13:08;04/10/2026 17:13:13;04/10/2026 07:34:18;5;2;1
PA;04278;0097;0065;anexo;registro depois de 23h41 de 04/10;7413;7413;24/09/2026 08:52:43;04/10/2026 17:27:34;22;0;02154803;04/10/2026 17:27:29;04/10/2026 17:27:34;04/10/2026 07:36:36;5;2;1
PA;04278;0097;0189;anexo;registro depois de 23h41 de 04/10;7465;7465;24/09/2026 08:56:11;04/10/2026 18:02:19;22;0;02200590;04/10/2026 18:02:14;04/10/2026 18:02:19;04/10/2026 07:49:45;5;2;1
PA;04278;0097;0197;anexo;registro depois de 23h41 de 04/10;6823;6823;24/09/2026 08:59:25;04/10/2026 17:33:07;26;0;02149683;04/10/2026 17:33:02;04/10/2026 17:33:07;04/10/2026 07:36:22;5;2;1
PA;04278;0097;0198;anexo;registro depois de 23h41 de 04/10;6965;6965;24/09/2026 09:03:09;04/10/2026 17:21:49;37;0;02165996;04/10/2026 17:21:44;04/10/2026 17:21:49;04/10/2026 07:45:40;5;2;1
PA;04278;0097;0200;anexo;registro depois de 23h41 de 04/10;6706;6706;24/09/2026 09:06:17;04/10/2026 17:09:37;21;0;02158068;04/10/2026 17:09:32;04/10/2026 17:09:37;04/10/2026 07:57:58;5;2;1
PA;04278;0097;0205;anexo;registro depois de 23h41 de 04/10;6755;6755;24/09/2026 09:09:44;04/10/2026 17:03:56;23;0;02181741;04/10/2026 17:03:51;04/10/2026 17:03:56;04/10/2026 07:42:32;5;2;1
PA;04278;0097;0206;anexo;registro depois de 23h41 de 04/10;6704;6704;24/09/2026 09:15:33;04/10/2026 17:33:43;15;0;02137220;04/10/2026 17:33:38;04/10/2026 17:33:43;04/10/2026 07:46:02;5;2;1
PA;04278;0097;0210;anexo;registro depois de 23h41 de 04/10;7173;7173;24/09/2026 09:18:55;04/10/2026 17:09:59;5;0;02156520;04/10/2026 17:09:55;04/10/2026 17:09:59;04/10/2026 07:39:17;5;2;1
PA;04278;0097;0211;anexo;registro depois de 23h41 de 04/10;7044;7044;24/09/2026 09:22:38;04/10/2026 17:11:34;21;0;02157224;04/10/2026 17:11:29;04/10/2026 17:11:34;04/10/2026 07:39:52;5;2;1
PA;04278;0097;0212;anexo;registro depois de 23h41 de 04/10;7072;7072;24/09/2026 09:25:36;04/10/2026 17:22:53;29;0;02157426;04/10/2026 17:22:49;04/10/2026 17:22:53;04/10/2026 07:53:48;5;2;1
PA;04278;0097;0213;anexo;registro depois de 23h41 de 04/10;7261;7261;24/09/2026 09:29:08;04/10/2026 17:27:23;25;0;02169723;04/10/2026 17:27:18;04/10/2026 17:27:23;04/10/2026 08:04:34;5;2;1
PA;04278;0097;0216;anexo;registro depois de 23h41 de 04/10;7095;7095;24/09/2026 09:32:09;04/10/2026 17:06:45;19;0;02148608;04/10/2026 17:06:40;04/10/2026 17:06:45;04/10/2026 07:46:06;5;2;1
PA;04278;0097;0219;anexo;registro depois de 23h41 de 04/10;6945;6945;24/09/2026 09:35:16;04/10/2026 17:45:09;49;0;02147117;04/10/2026 17:45:04;04/10/2026 17:45:09;04/10/2026 07:31:29;5;2;1
PA;04278;0097;0225;anexo;registro depois de 23h41 de 04/10;6959;6959;24/09/2026 09:37:57;04/10/2026 17:20:28;12;0;02170063;04/10/2026 17:20:23;04/10/2026 17:20:28;04/10/2026 07:29:18;5;2;1
PA;04278;0097;0226;anexo;registro depois de 23h41 de 04/10;7590;7590;24/09/2026 09:41:57;04/10/2026 18:12:15;30;0;02199029;04/10/2026 18:12:10;04/10/2026 18:12:15;04/10/2026 07:42:05;5;2;1
PA;04278;0097;0227;anexo;registro depois de 23h41 de 04/10;6954;6954;24/09/2026 09:44:37;04/10/2026 17:10:26;41;0;02169795;04/10/2026 17:10:21;04/10/2026 17:10:26;04/10/2026 07:50:45;5;2;1
PA;04278;0097;0228;anexo;registro depois de 23h41 de 04/10;7437;7437;24/09/2026 09:47:45;04/10/2026 17:40:21;17;0;02187006;04/10/2026 17:40:16;04/10/2026 17:40:21;04/10/2026 08:00:55;5;2;1
PA;04278;0097;0230;anexo;registro depois de 23h41 de 04/10;7685;7685;24/09/2026 09:51:11;04/10/2026 18:12:32;22;0;02200631;04/10/2026 18:12:27;04/10/2026 18:12:32;04/10/2026 07:41:18;5;2;1
PA;04278;0097;0231;anexo;registro depois de 23h41 de 04/10;7250;7250;24/09/2026 09:54:39;04/10/2026 17:37:36;21;0;02158633;04/10/2026 17:37:31;04/10/2026 17:37:36;04/10/2026 07:31:32;5;2;1
PA;04278;0097;0235;anexo;registro depois de 23h41 de 04/10;7617;7617;24/09/2026 09:58:02;04/10/2026 17:32:55;21;0;02149222;04/10/2026 17:32:50;04/10/2026 17:32:55;04/10/2026 07:59:21;5;2;1
PA;04278;0097;0236;anexo;registro depois de 23h41 de 04/10;7131;7131;24/09/2026 10:01:12;04/10/2026 17:10:35;23;0;02169794;04/10/2026 17:10:30;04/10/2026 17:10:35;04/10/2026 08:02:14;7;3;1
PA;04278;0097;0238;anexo;registro depois de 23h41 de 04/10;7470;7470;24/09/2026 10:04:44;04/10/2026 17:25:18;13;1;02156855;04/10/2026 17:25:13;04/10/2026 17:25:18;04/10/2026 07:29:52;6;4;1
PA;04278;0097;0240;anexo;registro depois de 23h41 de 04/10;7400;7400;24/09/2026 10:08:19;04/10/2026 17:06:11;17;2;02148599;04/10/2026 17:06:06;04/10/2026 17:06:11;04/10/2026 07:13:07;7;2;3
PA;04278;0097;0243;anexo;registro depois de 23h41 de 04/10;7513;7513;24/09/2026 10:11:38;04/10/2026 17:41:38;19;0;02147525;04/10/2026 17:41:33;04/10/2026 17:41:38;04/10/2026 07:46:28;5;2;1
PA;04278;0097;0245;anexo;registro depois de 23h41 de 04/10;7632;7632;24/09/2026 10:14:49;04/10/2026 17:57:25;14;0;02187318;04/10/2026 17:57:20;04/10/2026 17:57:25;04/10/2026 07:38:20;5;2;1
PA;04278;0097;0250;anexo;registro depois de 23h41 de 04/10;7151;7151;24/09/2026 10:19:42;04/10/2026 17:22:32;26;0;02157412;04/10/2026 17:22:27;04/10/2026 17:22:32;04/10/2026 07:45:55;5;2;1
PA;04278;0097;0251;anexo;registro depois de 23h41 de 04/10;6925;6925;24/09/2026 10:20:55;04/10/2026 17:10:36;13;0;02149974;04/10/2026 17:10:31;04/10/2026 17:10:36;04/10/2026 08:00:41;5;2;1
PA;04278;0097;0255;anexo;registro depois de 23h41 de 04/10;7878;7878;24/09/2026 10:25:07;04/10/2026 17:20:04;16;0;02156874;04/10/2026 17:19:59;04/10/2026 17:20:04;04/10/2026 07:50:46;5;2;1
PA;04278;0097;0257;anexo;registro depois de 23h41 de 04/10;7059;7059;24/09/2026 10:28:00;04/10/2026 17:21:27;28;0;02149849;04/10/2026 17:21:22;04/10/2026 17:21:27;04/10/2026 07:58:28;5;2;1
PA;04278;0097;0265;anexo;registro depois de 23h41 de 04/10;7171;7171;24/09/2026 10:31:15;04/10/2026 18:04:24;15;0;02155907;04/10/2026 18:04:19;04/10/2026 18:04:24;04/10/2026 07:59:45;5;2;1
PA;04278;0097;0266;anexo;registro depois de 23h41 de 04/10;7043;7043;24/09/2026 10:34:09;04/10/2026 17:28:53;35;0;02165976;04/10/2026 17:28:48;04/10/2026 17:28:53;04/10/2026 07:21:18;5;2;1
PA;04278;0097;0267;anexo;registro depois de 23h41 de 04/10;7137;7137;24/09/2026 10:37:31;04/10/2026 17:16:25;22;0;02157452;04/10/2026 17:16:20;04/10/2026 17:16:25;04/10/2026 07:38:46;5;2;1
PA;04278;0097;0269;anexo;registro depois de 23h41 de 04/10;6622;6622;24/09/2026 10:40:25;04/10/2026 17:22:09;35;0;02149036;04/10/2026 17:22:05;04/10/2026 17:22:09;04/10/2026 07:41:42;5;2;1
PA;04278;0097;0270;anexo;registro depois de 23h41 de 04/10;7148;7148;24/09/2026 10:44:07;04/10/2026 17:07:42;33;0;02156762;04/10/2026 17:07:37;04/10/2026 17:07:42;04/10/2026 07:27:02;5;2;1
PA;04278;0097;0273;anexo;registro depois de 23h41 de 04/10;7118;7118;24/09/2026 10:48:02;04/10/2026 17:14:35;17;0;02156353;04/10/2026 17:14:30;04/10/2026 17:14:35;04/10/2026 07:16:04;5;2;1
PA;04278;0097;0274;anexo;registro depois de 23h41 de 04/10;6930;6930;24/09/2026 10:51:00;04/10/2026 17:12:09;17;0;02157543;04/10/2026 17:12:04;04/10/2026 17:12:09;04/10/2026 07:26:26;5;2;1
PA;04278;0097;0277;anexo;registro depois de 23h41 de 04/10;6480;6480;24/09/2026 10:53:42;04/10/2026 17:08:41;15;0;02157365;04/10/2026 17:08:36;04/10/2026 17:08:41;04/10/2026 07:39:23;5;2;1
PA;04278;0097;0278;anexo;registro depois de 23h41 de 04/10;6603;6603;24/09/2026 10:57:49;04/10/2026 17:05:02;16;0;02157309;04/10/2026 17:04:57;04/10/2026 17:05:02;04/10/2026 07:32:14;5;2;1
PA;04278;0097;0280;anexo;registro depois de 23h41 de 04/10;7294;7294;24/09/2026 11:00:25;04/10/2026 17:19:23;10;0;02170019;04/10/2026 17:19:18;04/10/2026 17:19:23;04/10/2026 07:57:24;6;2;1
PA;04278;0097;0281;anexo;registro depois de 23h41 de 04/10;7533;7533;24/09/2026 11:04:01;04/10/2026 17:29:45;19;0;02146624;04/10/2026 17:29:40;04/10/2026 17:29:45;04/10/2026 07:28:44;5;2;1
PA;04278;0097;0283;anexo;registro depois de 23h41 de 04/10;7528;7528;24/09/2026 11:06:34;04/10/2026 17:52:58;19;0;02166193;04/10/2026 17:52:53;04/10/2026 17:52:58;04/10/2026 07:51:51;5;2;1
PA;04278;0097;0284;anexo;registro depois de 23h41 de 04/10;7753;7753;24/09/2026 11:10:58;04/10/2026 18:06:54;7;0;02170755;04/10/2026 18:06:49;04/10/2026 18:06:54;04/10/2026 07:55:50;5;2;1
PA;04278;0097;0286;anexo;registro depois de 23h41 de 04/10;74;0;;;0;0;;;;;0;0;0
PA;04278;0097;0290;anexo;registro depois de 23h41 de 04/10;7492;7492;24/09/2026 11:19:45;04/10/2026 18:15:07;27;0;02184147;04/10/2026 18:15:02;04/10/2026 18:15:07;04/10/2026 07:47:05;5;2;1
PA;04278;0097;0292;anexo;registro depois de 23h41 de 04/10;6287;6287;24/09/2026 11:23:41;04/10/2026 17:20:36;23;0;02156776;04/10/2026 17:20:31;04/10/2026 17:20:36;04/10/2026 07:59:48;5;2;1
PA;04278;0097;0294;anexo;registro depois de 23h41 de 04/10;7434;7434;24/09/2026 11:27:20;04/10/2026 18:24:31;29;0;02191284;04/10/2026 18:24:26;04/10/2026 18:24:31;04/10/2026 08:03:09;5;2;1
PA;04278;0097;0301;anexo;registro depois de 23h41 de 04/10;7261;7261;24/09/2026 11:30:10;04/10/2026 17:12:03;32;0;02204449;04/10/2026 17:11:58;04/10/2026 17:12:03;04/10/2026 07:33:45;5;2;1
PA;04278;0097;0303;anexo;registro depois de 23h41 de 04/10;7013;7013;24/09/2026 11:33:52;04/10/2026 17:34:03;23;0;02179639;04/10/2026 17:33:58;04/10/2026 17:34:03;04/10/2026 07:33:06;5;2;1
PA;04278;0097;0304;anexo;registro depois de 23h41 de 04/10;6652;6652;24/09/2026 11:37:15;04/10/2026 17:07:16;22;1;02191509;04/10/2026 17:07:11;04/10/2026 17:07:16;04/10/2026 07:36:51;6;2;1
PA;04278;0097;0305;anexo;registro depois de 23h41 de 04/10;6729;6729;24/09/2026 11:40:49;04/10/2026 17:20:50;28;1;02192376;04/10/2026 17:20:45;04/10/2026 17:20:50;04/10/2026 07:32:55;5;2;1
PA;04278;0097;0306;anexo;registro depois de 23h41 de 04/10;6024;6024;24/09/2026 11:44:17;04/10/2026 17:15:12;13;1;02189137;04/10/2026 17:15:07;04/10/2026 17:15:12;04/10/2026 07:27:24;5;2;1
PA;04278;0097;0307;anexo;registro depois de 23h41 de 04/10;6571;6571;24/09/2026 11:47:15;04/10/2026 17:07:32;22;1;02156255;04/10/2026 17:07:27;04/10/2026 17:07:32;04/10/2026 07:43:27;5;2;1
PA;04278;0097;0308;anexo;registro depois de 23h41 de 04/10;6395;6395;24/09/2026 11:49:45;04/10/2026 17:13:15;24;2;02149616;04/10/2026 17:13:10;04/10/2026 17:13:15;04/10/2026 07:15:21;5;2;1
PA;04278;0097;0309;anexo;registro depois de 23h41 de 04/10;6887;6887;24/09/2026 11:53:04;04/10/2026 17:15:23;20;1;02168713;04/10/2026 17:15:18;04/10/2026 17:15:23;04/10/2026 07:34:40;5;2;1
PA;04278;0097;0310;anexo;registro depois de 23h41 de 04/10;6789;6789;24/09/2026 11:56:44;04/10/2026 18:03:31;26;1;02182400;04/10/2026 18:03:26;04/10/2026 18:03:31;04/10/2026 07:48:43;5;2;1
PA;04278;0097;0311;anexo;registro depois de 23h41 de 04/10;6796;6796;24/09/2026 08:33:59;04/10/2026 17:12:29;15;0;02149987;04/10/2026 17:12:24;04/10/2026 17:12:29;04/10/2026 07:51:56;6;2;1
PA;04278;0097;0312;anexo;registro depois de 23h41 de 04/10;6546;6546;24/09/2026 08:37:44;04/10/2026 17:07:23;24;0;02167630;04/10/2026 17:07:18;04/10/2026 17:07:23;04/10/2026 07:45:26;6;2;1
PA;04278;0097;0313;anexo;registro depois de 23h41 de 04/10;6810;6810;24/09/2026 08:42:15;04/10/2026 17:42:42;13;0;02169954;04/10/2026 17:42:37;04/10/2026 17:42:42;04/10/2026 07:54:18;6;2;1
PA;04278;0097;0314;anexo;registro depois de 23h41 de 04/10;6820;6820;24/09/2026 08:46:02;04/10/2026 17:16:04;13;0;02170003;04/10/2026 17:15:59;04/10/2026 17:16:04;04/10/2026 07:27:51;6;2;1
PA;04278;0097;0315;anexo;registro depois de 23h41 de 04/10;6380;6380;24/09/2026 08:49:18;04/10/2026 17:09:11;34;0;02149395;04/10/2026 17:09:06;04/10/2026 17:09:11;04/10/2026 07:57:31;5;2;1
PA;04278;0097;0316;anexo;registro depois de 23h41 de 04/10;6635;6635;24/09/2026 08:53:31;04/10/2026 17:08:55;10;0;02147597;04/10/2026 17:08:49;04/10/2026 17:08:55;04/10/2026 07:43:18;6;2;1
PA;04278;0097;0317;anexo;registro depois de 23h41 de 04/10;7376;7376;24/09/2026 08:57:10;04/10/2026 17:29:02;22;0;02149264;04/10/2026 17:28:57;04/10/2026 17:29:02;04/10/2026 07:40:54;6;2;1
PA;04278;0097;0318;anexo;registro depois de 23h41 de 04/10;6564;6564;24/09/2026 09:00:31;04/10/2026 17:19:11;10;0;02186601;04/10/2026 17:19:06;04/10/2026 17:19:11;04/10/2026 07:49:18;6;2;1
PA;04278;0097;0319;anexo;registro depois de 23h41 de 04/10;5687;5687;24/09/2026 09:04:12;04/10/2026 17:09:26;22;0;02204288;04/10/2026 17:09:21;04/10/2026 17:09:26;04/10/2026 08:02:30;5;2;1
PA;04278;0097;0320;anexo;registro depois de 23h41 de 04/10;6099;6099;24/09/2026 09:07:04;04/10/2026 17:14:15;18;0;02150134;04/10/2026 17:14:10;04/10/2026 17:14:15;04/10/2026 07:56:18;5;2;1
PA;04278;0097;0321;anexo;registro depois de 23h41 de 04/10;6124;6124;24/09/2026 09:11:06;04/10/2026 17:09:28;8;0;02150195;04/10/2026 17:09:23;04/10/2026 17:09:28;04/10/2026 07:45:44;5;2;1
PA;04278;0097;0322;anexo;registro depois de 23h41 de 04/10;6316;6316;24/09/2026 09:15:19;04/10/2026 17:14:03;13;0;02157251;04/10/2026 17:13:58;04/10/2026 17:14:03;04/10/2026 07:33:19;5;2;1
PA;04278;0097;0323;anexo;registro depois de 23h41 de 04/10;6962;6962;24/09/2026 09:18:58;04/10/2026 17:19:47;24;0;02156696;04/10/2026 17:19:42;04/10/2026 17:19:47;04/10/2026 07:46:46;5;2;1
PA;04278;0097;0324;anexo;registro depois de 23h41 de 04/10;6267;6267;24/09/2026 09:22:36;04/10/2026 17:13:40;13;0;02161870;04/10/2026 17:13:35;04/10/2026 17:13:40;04/10/2026 08:09:57;5;2;1
PA;04278;0097;0325;anexo;registro depois de 23h41 de 04/10;6534;6534;24/09/2026 09:25:36;04/10/2026 17:14:22;19;1;02149315;04/10/2026 17:14:17;04/10/2026 17:14:22;04/10/2026 07:52:01;5;4;1
PA;04278;0097;0326;anexo;registro depois de 23h41 de 04/10;6230;6230;24/09/2026 09:33:29;04/10/2026 17:09:22;16;0;02169823;04/10/2026 17:09:17;04/10/2026 17:09:22;04/10/2026 07:27:58;5;2;1
PA;04278;0097;0327;anexo;registro depois de 23h41 de 04/10;6242;6242;24/09/2026 09:32:47;04/10/2026 17:10:31;9;0;02155356;04/10/2026 17:10:26;04/10/2026 17:10:31;04/10/2026 07:39:54;5;2;1
PA;04278;0097;0328;anexo;registro depois de 23h41 de 04/10;6050;6050;24/09/2026 09:36:28;04/10/2026 17:14:16;5;0;02157109;04/10/2026 17:14:11;04/10/2026 17:14:16;04/10/2026 07:30:42;5;2;1
PA;04278;0097;0329;anexo;registro depois de 23h41 de 04/10;6271;6271;24/09/2026 09:40:09;04/10/2026 17:17:21;24;0;02200892;04/10/2026 17:17:16;04/10/2026 17:17:21;04/10/2026 07:45:09;5;2;1
PA;04278;0097;0330;anexo;registro depois de 23h41 de 04/10;6651;6651;24/09/2026 09:47:45;04/10/2026 17:11:26;14;0;02183608;04/10/2026 17:11:21;04/10/2026 17:11:26;04/10/2026 07:43:54;5;2;1
PA;04278;0097;0332;anexo;registro depois de 23h41 de 04/10;6345;6345;24/09/2026 09:48:17;04/10/2026 17:02:33;26;0;02169704;04/10/2026 17:02:28;04/10/2026 17:02:33;04/10/2026 07:48:51;5;2;1
PA;04278;0097;0333;anexo;registro depois de 23h41 de 04/10;6206;6206;24/09/2026 09:51:12;04/10/2026 17:05:28;21;0;02149333;04/10/2026 17:05:23;04/10/2026 17:05:28;04/10/2026 07:34:32;5;2;1
PA;04278;0097;0334;anexo;registro depois de 23h41 de 04/10;5859;5859;24/09/2026 09:54:15;04/10/2026 17:03:56;22;0;02156979;04/10/2026 17:03:51;04/10/2026 17:03:56;04/10/2026 07:19:18;5;2;1
PA;04278;0097;0335;anexo;registro depois de 23h41 de 04/10;6126;6126;24/09/2026 09:58:13;04/10/2026 17:19:38;10;0;02169897;04/10/2026 17:19:33;04/10/2026 17:19:38;04/10/2026 07:26:24;7;3;1
PA;04278;0097;0336;anexo;registro depois de 23h41 de 04/10;6004;6004;24/09/2026 10:02:08;04/10/2026 17:08:22;23;0;02202899;04/10/2026 17:08:17;04/10/2026 17:08:22;04/10/2026 07:40:52;5;2;1
PA;04278;0097;0337;anexo;registro depois de 23h41 de 04/10;6436;6436;24/09/2026 10:05:03;04/10/2026 17:10:42;37;0;02154018;04/10/2026 17:10:37;04/10/2026 17:10:42;04/10/2026 07:42:07;6;2;1
PA;04278;0097;0338;anexo;registro depois de 23h41 de 04/10;6132;6132;24/09/2026 10:12:12;04/10/2026 17:04:41;9;0;02169812;04/10/2026 17:04:36;04/10/2026 17:04:41;04/10/2026 07:40:16;5;2;1
PA;04278;0097;0339;anexo;registro depois de 23h41 de 04/10;6233;6233;24/09/2026 10:15:23;04/10/2026 17:09:55;20;3;02157646;04/10/2026 17:09:51;04/10/2026 17:09:55;04/10/2026 07:38:21;8;2;4
PA;04278;0097;0340;anexo;registro depois de 23h41 de 04/10;5965;5965;24/09/2026 10:18:51;04/10/2026 17:05:12;14;0;02168944;04/10/2026 17:05:07;04/10/2026 17:05:12;04/10/2026 07:48:34;5;2;1
PA;04278;0097;0341;anexo;registro depois de 23h41 de 04/10;6033;6033;24/09/2026 10:21:45;04/10/2026 17:12:41;21;0;02170593;04/10/2026 17:12:36;04/10/2026 17:12:41;04/10/2026 07:49:30;5;2;1
PA;04278;0097;0342;anexo;registro depois de 23h41 de 04/10;6491;6491;24/09/2026 10:26:27;04/10/2026 17:09:48;17;0;02157561;04/10/2026 17:09:43;04/10/2026 17:09:48;04/10/2026 07:59:17;5;2;1
PA;04278;0097;0343;anexo;registro depois de 23h41 de 04/10;6429;6429;24/09/2026 10:28:50;04/10/2026 17:12:34;27;0;02149248;04/10/2026 17:12:29;04/10/2026 17:12:34;04/10/2026 07:50:43;5;2;1
PA;04278;0097;0344;anexo;registro depois de 23h41 de 04/10;6020;6020;24/09/2026 10:29:07;04/10/2026 17:03:55;31;0;02186726;04/10/2026 17:03:50;04/10/2026 17:03:55;04/10/2026 07:39:26;5;2;1
PA;04278;0097;0345;anexo;registro depois de 23h41 de 04/10;6358;6358;24/09/2026 10:32:12;04/10/2026 17:04:26;28;0;02157878;04/10/2026 17:04:22;04/10/2026 17:04:26;04/10/2026 07:42:19;5;2;1
PA;04278;0097;0346;anexo;registro depois de 23h41 de 04/10;6375;6375;24/09/2026 10:37:27;04/10/2026 17:11:02;21;0;02186387;04/10/2026 17:10:57;04/10/2026 17:11:02;04/10/2026 07:57:18;5;2;1
PA;04278;0097;0347;anexo;registro depois de 23h41 de 04/10;6320;6320;24/09/2026 10:45:37;04/10/2026 17:09:32;18;0;02190086;04/10/2026 17:09:27;04/10/2026 17:09:32;04/10/2026 07:54:30;5;2;1
PA;04278;0097;0348;anexo;registro depois de 23h41 de 04/10;7102;7102;24/09/2026 10:48:43;04/10/2026 18:00:32;11;0;02149089;04/10/2026 18:00:27;04/10/2026 18:00:32;04/10/2026 07:44:17;6;2;1
PA;04278;0097;0349;anexo;registro depois de 23h41 de 04/10;6680;6680;24/09/2026 10:52:06;04/10/2026 17:15:43;13;0;02156350;04/10/2026 17:15:38;04/10/2026 17:15:43;04/10/2026 07:23:07;5;2;1
PA;04278;0097;0350;anexo;registro depois de 23h41 de 04/10;6834;6834;24/09/2026 10:55:30;04/10/2026 17:08:34;22;0;02202910;04/10/2026 17:08:29;04/10/2026 17:08:34;04/10/2026 07:38:53;5;2;1
PA;04278;0097;0351;anexo;registro depois de 23h41 de 04/10;6979;6979;24/09/2026 10:58:37;04/10/2026 17:16:32;12;0;02167889;04/10/2026 17:16:27;04/10/2026 17:16:32;04/10/2026 07:30:28;5;2;1
PA;04278;0097;0352;anexo;registro depois de 23h41 de 04/10;6602;6602;24/09/2026 11:00:49;04/10/2026 17:07:07;13;0;02156230;04/10/2026 17:07:02;04/10/2026 17:07:07;04/10/2026 07:27:04;5;2;1
PA;04278;0097;0353;anexo;registro depois de 23h41 de 04/10;6962;6962;24/09/2026 11:02:54;04/10/2026 17:04:51;13;0;02150119;04/10/2026 17:04:46;04/10/2026 17:04:51;04/10/2026 07:56:46;5;2;1
PA;04278;0097;0354;anexo;registro depois de 23h41 de 04/10;6832;6832;24/09/2026 11:07:20;04/10/2026 17:07:22;15;0;02179997;04/10/2026 17:07:17;04/10/2026 17:07:22;04/10/2026 07:52:16;5;2;1
PA;04278;0097;0355;anexo;registro depois de 23h41 de 04/10;5462;5462;24/09/2026 11:10:31;04/10/2026 17:06:03;9;0;02199240;04/10/2026 17:05:58;04/10/2026 17:06:03;04/10/2026 07:08:09;5;2;1
PA;04278;0097;0356;anexo;registro depois de 23h41 de 04/10;5727;5727;24/09/2026 11:14:50;04/10/2026 17:06:05;25;0;02200568;04/10/2026 17:06:00;04/10/2026 17:06:05;04/10/2026 07:24:31;5;2;1
PA;04278;0097;0357;anexo;registro depois de 23h41 de 04/10;5554;5554;24/09/2026 11:16:21;04/10/2026 17:13:03;30;0;02156809;04/10/2026 17:12:58;04/10/2026 17:13:03;04/10/2026 07:59:13;5;2;1
PA;04278;0097;0358;anexo;registro depois de 23h41 de 04/10;5845;5845;24/09/2026 11:19:34;04/10/2026 17:03:03;8;0;02169182;04/10/2026 17:02:58;04/10/2026 17:03:03;04/10/2026 07:40:34;5;2;1
PA;04278;0097;0359;anexo;registro depois de 23h41 de 04/10;6232;6232;24/09/2026 11:22:53;04/10/2026 17:09:59;20;0;02156732;04/10/2026 17:09:54;04/10/2026 17:09:59;04/10/2026 07:46:23;5;2;1
PA;04278;0097;0360;anexo;registro depois de 23h41 de 04/10;5537;5537;24/09/2026 11:27:03;04/10/2026 17:05:06;41;0;02186469;04/10/2026 17:05:01;04/10/2026 17:05:06;04/10/2026 07:54:56;5;2;1
PA;04278;0097;0361;anexo;registro depois de 23h41 de 04/10;5273;5273;24/09/2026 11:30:25;04/10/2026 17:04:16;12;0;02183518;04/10/2026 17:04:11;04/10/2026 17:04:16;04/10/2026 07:34:11;5;2;1
PA;04278;0097;0362;anexo;registro depois de 23h41 de 04/10;5583;5583;24/09/2026 11:33:33;04/10/2026 17:04:24;12;0;02157394;04/10/2026 17:04:19;04/10/2026 17:04:24;04/10/2026 07:55:06;6;2;1
PA;04278;0097;0363;anexo;registro depois de 23h41 de 04/10;5967;5967;24/09/2026 11:36:29;04/10/2026 17:09:59;24;0;02186141;04/10/2026 17:09:54;04/10/2026 17:09:59;04/10/2026 07:24:37;5;2;1
PA;04278;0097;0364;anexo;registro depois de 23h41 de 04/10;6248;6248;24/09/2026 11:39:11;04/10/2026 17:07:53;42;0;02148475;04/10/2026 17:07:48;04/10/2026 17:07:53;04/10/2026 07:19:29;5;2;1
PA;04278;0097;0365;anexo;registro depois de 23h41 de 04/10;5622;5622;24/09/2026 11:42:37;04/10/2026 17:08:11;25;0;02198974;04/10/2026 17:08:06;04/10/2026 17:08:11;04/10/2026 07:27:01;5;2;1
PA;04278;0097;0366;anexo;registro depois de 23h41 de 04/10;5652;5652;24/09/2026 11:45:49;04/10/2026 17:05:52;12;0;02158285;04/10/2026 17:05:47;04/10/2026 17:05:52;04/10/2026 07:31:39;5;2;1
PA;04278;0097;0367;anexo;registro depois de 23h41 de 04/10;5327;5327;24/09/2026 11:49:30;04/10/2026 17:03:36;20;0;02168528;04/10/2026 17:03:32;04/10/2026 17:03:36;04/10/2026 07:44:44;5;2;1
PA;04278;0097;0370;anexo;registro depois de 23h41 de 04/10;5762;5762;24/09/2026 11:53:11;04/10/2026 17:07:55;25;0;02156723;04/10/2026 17:07:50;04/10/2026 17:07:55;04/10/2026 07:59:35;6;2;1
PA;04278;0097;0371;anexo;registro depois de 23h41 de 04/10;5918;5918;24/09/2026 11:56:24;04/10/2026 17:10:23;17;0;02157222;04/10/2026 17:10:18;04/10/2026 17:10:23;04/10/2026 07:59:11;5;2;1
PA;04278;0097;0374;anexo;registro depois de 23h41 de 04/10;6441;6441;24/09/2026 11:59:22;04/10/2026 17:13:15;18;0;02157000;04/10/2026 17:13:10;04/10/2026 17:13:15;04/10/2026 07:56:23;5;2;1
PA;04278;0097;0375;anexo;registro depois de 23h41 de 04/10;6603;6603;24/09/2026 08:39:55;04/10/2026 17:16:16;11;0;02188106;04/10/2026 17:16:11;04/10/2026 17:16:16;04/10/2026 07:54:03;6;2;1
PA;04278;0097;0376;anexo;registro depois de 23h41 de 04/10;7094;7094;24/09/2026 08:43:51;04/10/2026 17:33:48;11;0;02194330;04/10/2026 17:33:43;04/10/2026 17:33:48;04/10/2026 07:45:50;5;2;1
PA;04278;0097;0377;anexo;registro depois de 23h41 de 04/10;6889;6889;24/09/2026 08:48:04;04/10/2026 17:19:29;16;0;02148614;04/10/2026 17:19:24;04/10/2026 17:19:29;04/10/2026 07:48:49;5;2;1
PA;04278;0097;0378;anexo;registro depois de 23h41 de 04/10;6562;6562;24/09/2026 08:52:04;04/10/2026 17:26:38;17;0;02184755;04/10/2026 17:26:33;04/10/2026 17:26:38;04/10/2026 07:48:24;5;2;1
PA;04278;0097;0379;anexo;registro depois de 23h41 de 04/10;6710;6710;24/09/2026 08:55:58;04/10/2026 17:49:31;19;0;02192814;04/10/2026 17:49:26;04/10/2026 17:49:31;04/10/2026 07:42:01;5;2;1
PA;04278;0097;0380;anexo;registro depois de 23h41 de 04/10;7195;7195;24/09/2026 08:58:29;04/10/2026 17:36:01;24;0;02169766;04/10/2026 17:35:56;04/10/2026 17:36:01;04/10/2026 07:53:46;5;2;1
PA;04278;0097;0381;anexo;registro depois de 23h41 de 04/10;6419;6419;24/09/2026 09:03:17;04/10/2026 17:12:01;36;0;02191696;04/10/2026 17:11:56;04/10/2026 17:12:01;04/10/2026 07:47:54;5;2;1
PA;04278;0097;0382;anexo;registro depois de 23h41 de 04/10;6455;6455;03/10/2026 10:03:43;04/10/2026 17:09:23;22;0;02023161;04/10/2026 17:09:18;04/10/2026 17:09:23;04/10/2026 07:42:05;5;2;1
PA;04278;0097;0383;anexo;registro depois de 23h41 de 04/10;6699;6699;24/09/2026 09:08:50;04/10/2026 17:07:12;18;0;02188194;04/10/2026 17:07:07;04/10/2026 17:07:12;04/10/2026 07:26:21;5;2;1
PA;04278;0097;0384;anexo;registro depois de 23h41 de 04/10;6686;6686;24/09/2026 09:12:01;04/10/2026 17:08:38;22;0;02183825;04/10/2026 17:08:34;04/10/2026 17:08:38;04/10/2026 07:51:03;5;2;1
PA;04278;0097;0385;anexo;registro depois de 23h41 de 04/10;6577;6577;24/09/2026 09:15:54;04/10/2026 17:07:44;30;0;02192846;04/10/2026 17:07:39;04/10/2026 17:07:44;04/10/2026 08:01:40;5;2;1
PA;04278;0097;0386;anexo;registro depois de 23h41 de 04/10;6714;6714;24/09/2026 09:19:24;04/10/2026 17:08:23;4;0;02170690;04/10/2026 17:08:18;04/10/2026 17:08:23;04/10/2026 07:54:01;5;2;1
PA;04278;0097;0387;anexo;registro depois de 23h41 de 04/10;6922;6922;24/09/2026 09:22:38;04/10/2026 17:27:20;14;0;02177030;04/10/2026 17:27:16;04/10/2026 17:27:20;04/10/2026 07:40:27;5;2;1
PA;04278;0097;0388;anexo;registro depois de 23h41 de 04/10;6687;6687;24/09/2026 09:26:46;04/10/2026 17:08:12;16;0;02183249;04/10/2026 17:08:07;04/10/2026 17:08:12;04/10/2026 07:41:45;5;2;1
PA;04278;0097;0389;anexo;registro depois de 23h41 de 04/10;7063;7063;24/09/2026 09:30:23;04/10/2026 17:11:07;44;0;02183148;04/10/2026 17:11:02;04/10/2026 17:11:07;04/10/2026 08:03:23;6;2;1
PA;04278;0097;0390;anexo;registro depois de 23h41 de 04/10;6659;6659;24/09/2026 09:33:22;04/10/2026 17:06:14;29;0;02149353;04/10/2026 17:06:09;04/10/2026 17:06:14;04/10/2026 07:36:02;5;2;1
PA;04278;0097;0391;anexo;registro depois de 23h41 de 04/10;6446;6446;24/09/2026 09:34:48;04/10/2026 17:10:37;18;0;02183441;04/10/2026 17:10:33;04/10/2026 17:10:37;04/10/2026 07:54:20;5;2;1
PA;04278;0097;0392;anexo;registro depois de 23h41 de 04/10;6618;6618;24/09/2026 09:40:06;04/10/2026 17:07:53;25;0;02170058;04/10/2026 17:07:48;04/10/2026 17:07:53;04/10/2026 07:20:31;5;2;1
PA;04278;0097;0393;anexo;registro depois de 23h41 de 04/10;6523;6523;24/09/2026 09:43:14;04/10/2026 17:18:26;17;0;02199952;04/10/2026 17:18:21;04/10/2026 17:18:26;04/10/2026 08:01:41;5;2;1
PA;04278;0097;0394;anexo;registro depois de 23h41 de 04/10;6812;6812;24/09/2026 09:46:27;04/10/2026 17:10:56;26;0;02157107;04/10/2026 17:10:51;04/10/2026 17:10:56;04/10/2026 07:30:16;5;2;1
PA;04278;0097;0395;anexo;registro depois de 23h41 de 04/10;6960;6960;24/09/2026 09:49:37;04/10/2026 17:23:08;23;0;02165952;04/10/2026 17:23:03;04/10/2026 17:23:08;04/10/2026 08:09:12;5;2;1
PA;04278;0097;0396;anexo;registro depois de 23h41 de 04/10;6755;6755;24/09/2026 09:52:06;04/10/2026 17:12:30;23;0;02191409;04/10/2026 17:12:25;04/10/2026 17:12:30;04/10/2026 07:43:51;5;2;1
PA;04278;0097;0397;anexo;registro depois de 23h41 de 04/10;6662;6662;24/09/2026 09:56:54;04/10/2026 17:09:51;13;0;02147857;04/10/2026 17:09:46;04/10/2026 17:09:51;04/10/2026 07:39:22;5;2;1
PA;04278;0097;0398;anexo;registro depois de 23h41 de 04/10;6673;6673;24/09/2026 10:00:10;04/10/2026 17:15:54;10;0;02156775;04/10/2026 17:15:49;04/10/2026 17:15:54;04/10/2026 07:27:42;5;2;1
PA;04278;0097;0399;anexo;registro depois de 23h41 de 04/10;6371;6371;24/09/2026 10:01:41;04/10/2026 17:07:39;6;0;02181431;04/10/2026 17:07:34;04/10/2026 17:07:39;04/10/2026 07:54:45;5;2;1
PA;04278;0097;0400;anexo;registro depois de 23h41 de 04/10;6768;6768;24/09/2026 10:06:00;04/10/2026 17:09:31;40;0;02058439;04/10/2026 17:09:26;04/10/2026 17:09:31;04/10/2026 07:40:56;7;3;1
PA;04278;0097;0401;anexo;registro depois de 23h41 de 04/10;7216;7216;24/09/2026 10:08:53;04/10/2026 17:38:50;12;0;02192319;04/10/2026 17:38:45;04/10/2026 17:38:50;04/10/2026 07:22:40;5;2;1
PA;04278;0097;0402;anexo;registro depois de 23h41 de 04/10;8180;8180;24/09/2026 10:12:53;04/10/2026 19:02:23;27;0;02150543;04/10/2026 19:02:18;04/10/2026 19:02:23;04/10/2026 07:26:42;6;2;1
PA;04278;0097;0403;anexo;registro depois de 23h41 de 04/10;7846;7846;24/09/2026 10:16:28;04/10/2026 18:27:11;22;0;02182201;04/10/2026 18:27:06;04/10/2026 18:27:11;04/10/2026 07:54:46;7;2;1
PA;04278;0097;0404;anexo;registro depois de 23h41 de 04/10;7319;7319;24/09/2026 10:19:45;04/10/2026 17:23:09;21;0;02150039;04/10/2026 17:23:04;04/10/2026 17:23:09;04/10/2026 07:16:42;5;2;1
PA;04278;0097;0405;anexo;registro depois de 23h41 de 04/10;7583;7583;24/09/2026 10:20:58;04/10/2026 17:16:55;21;0;02193482;04/10/2026 17:16:50;04/10/2026 17:16:55;04/10/2026 07:27:30;6;2;1
PA;04278;0097;0406;anexo;registro depois de 23h41 de 04/10;7656;7656;24/09/2026 10:24:11;04/10/2026 17:38:06;12;0;02148005;04/10/2026 17:38:02;04/10/2026 17:38:06;04/10/2026 07:38:56;5;2;1
PA;04278;0097;0407;anexo;registro depois de 23h41 de 04/10;7335;7335;24/09/2026 10:27:23;04/10/2026 17:34:14;19;0;02185099;04/10/2026 17:34:09;04/10/2026 17:34:14;04/10/2026 07:26:26;6;2;1
PA;04278;0097;0408;anexo;registro depois de 23h41 de 04/10;7527;7527;24/09/2026 10:31:40;04/10/2026 17:25:42;25;0;02154822;04/10/2026 17:25:37;04/10/2026 17:25:42;04/10/2026 07:41:37;5;2;1
PA;04278;0097;0409;anexo;registro depois de 23h41 de 04/10;7237;7237;24/09/2026 10:34:56;04/10/2026 17:41:38;17;0;02183157;04/10/2026 17:41:33;04/10/2026 17:41:38;04/10/2026 07:39:21;5;2;1
PA;04278;0097;0410;anexo;registro depois de 23h41 de 04/10;7311;7311;24/09/2026 10:37:42;04/10/2026 17:55:58;8;0;02157371;04/10/2026 17:55:53;04/10/2026 17:55:58;04/10/2026 07:36:13;5;2;1
PA;04278;0097;0411;anexo;registro depois de 23h41 de 04/10;7082;7082;24/09/2026 10:41:02;04/10/2026 17:13:25;9;0;02156850;04/10/2026 17:13:20;04/10/2026 17:13:25;04/10/2026 07:46:04;7;2;1
PA;04278;0097;0412;anexo;registro depois de 23h41 de 04/10;6933;6933;24/09/2026 10:44:26;04/10/2026 17:23:14;23;0;02205514;04/10/2026 17:23:09;04/10/2026 17:23:14;04/10/2026 07:43:53;5;2;1
PA;04278;0097;0413;anexo;registro depois de 23h41 de 04/10;6613;6613;24/09/2026 10:47:43;04/10/2026 17:18:04;33;0;02168524;04/10/2026 17:17:59;04/10/2026 17:18:04;04/10/2026 07:48:05;5;2;1
PA;04278;0097;0414;anexo;registro depois de 23h41 de 04/10;6663;6663;24/09/2026 10:50:48;04/10/2026 17:20:53;25;0;02199265;04/10/2026 17:20:48;04/10/2026 17:20:53;04/10/2026 07:28:41;5;2;1
PA;04278;0097;0415;anexo;registro depois de 23h41 de 04/10;6796;6796;24/09/2026 10:54:33;04/10/2026 17:47:07;6;0;02156523;04/10/2026 17:47:02;04/10/2026 17:47:07;04/10/2026 07:43:42;5;2;1
PA;04278;0097;0416;anexo;registro depois de 23h41 de 04/10;6417;6417;24/09/2026 10:57:58;04/10/2026 17:12:52;18;0;02149516;04/10/2026 17:12:47;04/10/2026 17:12:52;04/10/2026 07:43:26;6;2;1
PA;04278;0097;0417;anexo;registro depois de 23h41 de 04/10;6877;6877;24/09/2026 11:01:03;04/10/2026 17:30:03;16;0;02157637;04/10/2026 17:29:58;04/10/2026 17:30:03;04/10/2026 07:38:21;5;2;1
PA;04278;0097;0418;anexo;registro depois de 23h41 de 04/10;7181;7181;24/09/2026 11:04:07;04/10/2026 17:15:40;22;0;02150001;04/10/2026 17:15:35;04/10/2026 17:15:40;04/10/2026 07:23:33;5;2;1
PA;04278;0097;0419;anexo;registro depois de 23h41 de 04/10;6904;6904;24/09/2026 11:07:44;04/10/2026 17:28:11;22;0;02156447;04/10/2026 17:28:06;04/10/2026 17:28:11;04/10/2026 07:53:38;5;2;1
PA;04278;0097;0420;anexo;registro depois de 23h41 de 04/10;6568;6568;24/09/2026 11:11:51;04/10/2026 17:14:22;23;0;02169345;04/10/2026 17:14:18;04/10/2026 17:14:22;04/10/2026 07:42:54;5;2;1
PA;04278;0097;0421;anexo;registro depois de 23h41 de 04/10;6324;6324;24/09/2026 11:15:34;04/10/2026 17:09:33;15;0;02182615;04/10/2026 17:09:28;04/10/2026 17:09:33;04/10/2026 07:52:44;5;2;1
PA;04278;0097;0422;anexo;registro depois de 23h41 de 04/10;6574;6574;24/09/2026 11:17:41;04/10/2026 17:14:10;31;0;02157907;04/10/2026 17:14:05;04/10/2026 17:14:10;04/10/2026 08:08:15;5;2;1
PA;04278;0097;0423;anexo;registro depois de 23h41 de 04/10;6071;6071;24/09/2026 11:21:22;04/10/2026 17:18:58;23;0;02158030;04/10/2026 17:18:53;04/10/2026 17:18:58;04/10/2026 07:39:23;5;2;1
PA;04278;0097;0424;anexo;registro depois de 23h41 de 04/10;6360;6360;24/09/2026 11:24:36;04/10/2026 17:10:34;9;0;02185176;04/10/2026 17:10:29;04/10/2026 17:10:34;04/10/2026 07:42:05;5;2;1
PA;04278;0097;0425;anexo;registro depois de 23h41 de 04/10;5826;5826;24/09/2026 11:28:15;04/10/2026 17:08:28;25;0;02157449;04/10/2026 17:08:23;04/10/2026 17:08:28;04/10/2026 07:48:45;5;2;1
PA;04278;0097;0426;anexo;registro depois de 23h41 de 04/10;6136;6136;24/09/2026 11:31:21;04/10/2026 17:11:10;16;0;02183983;04/10/2026 17:11:05;04/10/2026 17:11:10;04/10/2026 07:42:49;5;2;1
PA;04278;0097;0427;anexo;registro depois de 23h41 de 04/10;5794;5794;24/09/2026 11:36:05;04/10/2026 17:15:45;13;0;02202261;04/10/2026 17:15:40;04/10/2026 17:15:45;04/10/2026 07:48:09;5;2;1
PA;04278;0097;0428;anexo;registro depois de 23h41 de 04/10;5583;5583;24/09/2026 11:39:17;04/10/2026 17:19:14;30;0;02169612;04/10/2026 17:19:09;04/10/2026 17:19:14;04/10/2026 07:36:55;5;2;1
PA;04278;0097;0429;anexo;registro depois de 23h41 de 04/10;5967;5967;24/09/2026 11:42:25;04/10/2026 17:07:05;12;0;02155784;04/10/2026 17:07:00;04/10/2026 17:07:05;04/10/2026 07:50:17;5;2;1
PA;04278;0097;0430;anexo;registro depois de 23h41 de 04/10;7738;7738;24/09/2026 11:44:16;04/10/2026 17:54:06;41;0;02169760;04/10/2026 17:54:01;04/10/2026 17:54:06;04/10/2026 07:31:56;5;2;1
PA;04278;0097;0431;anexo;registro depois de 23h41 de 04/10;7815;7815;24/09/2026 11:49:30;04/10/2026 18:11:55;13;0;02193071;04/10/2026 18:11:50;04/10/2026 18:11:55;04/10/2026 07:52:59;5;2;1
PA;04278;0097;0432;anexo;registro depois de 23h41 de 04/10;7626;7626;24/09/2026 11:51:16;04/10/2026 17:27:45;23;0;02199065;04/10/2026 17:27:40;04/10/2026 17:27:45;04/10/2026 07:36:10;5;2;1
PA;04278;0097;0433;anexo;registro depois de 23h41 de 04/10;7277;7277;24/09/2026 11:57:22;04/10/2026 17:48:20;31;0;02199249;04/10/2026 17:48:15;04/10/2026 17:48:20;04/10/2026 07:59:18;5;2;1
PA;04278;0097;0434;anexo;registro depois de 23h41 de 04/10;7593;7593;24/09/2026 08:36:16;04/10/2026 18:00:23;20;0;02180233;04/10/2026 18:00:18;04/10/2026 18:00:23;04/10/2026 07:38:57;6;2;1
PA;04278;0097;0435;anexo;registro depois de 23h41 de 04/10;7687;7687;24/09/2026 08:41:18;04/10/2026 17:30:06;35;0;02156151;04/10/2026 17:30:01;04/10/2026 17:30:06;04/10/2026 07:18:19;5;2;1
PA;04278;0097;0436;anexo;registro depois de 23h41 de 04/10;6633;6633;24/09/2026 08:46:18;04/10/2026 17:13:48;6;0;02201980;04/10/2026 17:13:43;04/10/2026 17:13:48;04/10/2026 07:29:11;5;2;1
PA;04278;0097;0437;anexo;registro depois de 23h41 de 04/10;6983;6983;24/09/2026 08:49:34;04/10/2026 17:36:30;22;0;02169732;04/10/2026 17:36:26;04/10/2026 17:36:30;04/10/2026 08:01:44;5;2;1
PA;04278;0097;0438;anexo;registro depois de 23h41 de 04/10;6433;6433;24/09/2026 08:53:07;04/10/2026 17:08:09;8;0;02202269;04/10/2026 17:08:04;04/10/2026 17:08:09;04/10/2026 07:36:28;5;2;1
PA;04278;0097;0439;anexo;registro depois de 23h41 de 04/10;7605;7605;24/09/2026 08:56:08;04/10/2026 17:35:05;24;0;02180257;04/10/2026 17:35:00;04/10/2026 17:35:05;04/10/2026 07:42:25;5;2;1
PA;04278;0097;0440;anexo;registro depois de 23h41 de 04/10;6936;6936;24/09/2026 08:59:30;04/10/2026 18:09:40;10;0;02183913;04/10/2026 18:09:35;04/10/2026 18:09:40;04/10/2026 07:23:25;5;2;1
PA;04278;0097;0441;anexo;registro depois de 23h41 de 04/10;7499;7499;24/09/2026 09:02:25;04/10/2026 18:26:20;12;0;02182923;04/10/2026 18:26:16;04/10/2026 18:26:20;04/10/2026 07:18:49;5;2;1
PA;04278;0097;0442;anexo;registro depois de 23h41 de 04/10;6947;6947;24/09/2026 09:05:56;04/10/2026 17:40:36;15;0;02180112;04/10/2026 17:40:31;04/10/2026 17:40:36;04/10/2026 08:05:42;5;2;1
PA;04278;0097;0443;anexo;registro depois de 23h41 de 04/10;6814;6814;24/09/2026 09:09:54;04/10/2026 17:19:05;29;0;02169031;04/10/2026 17:19:00;04/10/2026 17:19:05;04/10/2026 07:35:18;5;2;1
PA;04278;0097;0444;anexo;registro depois de 23h41 de 04/10;6540;6540;24/09/2026 09:11:35;04/10/2026 17:10:22;13;0;02188376;04/10/2026 17:10:17;04/10/2026 17:10:22;04/10/2026 07:38:40;5;2;1
PA;04278;0097;0445;anexo;registro depois de 23h41 de 04/10;6882;6882;24/09/2026 09:16:08;04/10/2026 17:17:36;12;0;02193640;04/10/2026 17:17:31;04/10/2026 17:17:36;04/10/2026 07:53:28;5;2;1
PA;04278;0097;0446;anexo;registro depois de 23h41 de 04/10;6965;6965;24/09/2026 09:19:04;04/10/2026 17:22:21;28;0;02169773;04/10/2026 17:22:16;04/10/2026 17:22:21;04/10/2026 07:33:07;5;2;1
PA;04278;0097;0447;anexo;registro depois de 23h41 de 04/10;7218;7218;24/09/2026 09:22:30;04/10/2026 17:27:39;34;0;02155912;04/10/2026 17:27:33;04/10/2026 17:27:39;04/10/2026 07:55:11;5;2;1
PA;04278;0097;0448;anexo;registro depois de 23h41 de 04/10;6415;6415;24/09/2026 09:25:49;04/10/2026 17:05:52;17;0;02170300;04/10/2026 17:05:47;04/10/2026 17:05:52;04/10/2026 07:48:19;5;2;1
PA;04278;0097;0449;anexo;registro depois de 23h41 de 04/10;6627;6627;24/09/2026 09:27:52;04/10/2026 17:20:56;26;0;02193562;04/10/2026 17:20:51;04/10/2026 17:20:56;04/10/2026 07:58:21;5;2;1
PA;04278;0097;0450;anexo;registro depois de 23h41 de 04/10;7155;7155;24/09/2026 09:31:36;04/10/2026 17:09:46;33;0;02149608;04/10/2026 17:09:40;04/10/2026 17:09:46;04/10/2026 07:27:20;5;2;1
PA;04278;0097;0451;anexo;registro depois de 23h41 de 04/10;6647;6647;24/09/2026 09:36:42;04/10/2026 17:30:23;19;0;02188340;04/10/2026 17:30:18;04/10/2026 17:30:23;04/10/2026 07:52:41;5;2;1
PA;04278;0097;0452;anexo;registro depois de 23h41 de 04/10;6461;6461;24/09/2026 09:39:35;04/10/2026 18:19:15;86;0;02156501;04/10/2026 18:19:10;04/10/2026 18:19:15;04/10/2026 08:11:03;5;2;1
PA;04278;0097;0453;anexo;registro depois de 23h41 de 04/10;6669;6669;24/09/2026 09:40:50;04/10/2026 17:26:49;12;0;02181027;04/10/2026 17:26:44;04/10/2026 17:26:49;04/10/2026 07:32:42;5;2;1
PA;04278;0097;0454;anexo;registro depois de 23h41 de 04/10;7029;7029;24/09/2026 09:45:05;04/10/2026 18:22:24;32;1;02157375;04/10/2026 18:22:19;04/10/2026 18:22:24;04/10/2026 07:54:46;6;2;2
PA;04278;0097;0455;anexo;registro depois de 23h41 de 04/10;7088;7088;24/09/2026 09:48:54;04/10/2026 17:31:51;22;0;02192399;04/10/2026 17:31:46;04/10/2026 17:31:51;04/10/2026 07:51:12;5;2;1
PA;04278;0097;0456;anexo;registro depois de 23h41 de 04/10;6584;6584;24/09/2026 09:50:01;04/10/2026 17:30:54;15;0;02181806;04/10/2026 17:30:49;04/10/2026 17:30:54;04/10/2026 07:46:28;5;2;1
PA;04278;0097;0457;anexo;registro depois de 23h41 de 04/10;6313;6313;24/09/2026 09:54:56;04/10/2026 17:21:42;20;0;02169344;04/10/2026 17:21:37;04/10/2026 17:21:42;04/10/2026 07:36:51;5;2;1
PA;04278;0097;0458;anexo;registro depois de 23h41 de 04/10;6389;6389;24/09/2026 09:59:13;04/10/2026 17:45:16;36;0;02193099;04/10/2026 17:45:11;04/10/2026 17:45:16;04/10/2026 07:25:43;5;2;1
PA;04278;0097;0459;anexo;registro depois de 23h41 de 04/10;6449;6449;24/09/2026 10:01:46;04/10/2026 17:07:35;37;0;02149416;04/10/2026 17:07:29;04/10/2026 17:07:35;04/10/2026 08:06:39;5;2;1
PA;04278;0097;0460;anexo;registro depois de 23h41 de 04/10;6480;6480;24/09/2026 10:09:07;04/10/2026 17:21:37;11;0;02166113;04/10/2026 17:21:32;04/10/2026 17:21:37;04/10/2026 07:28:45;5;2;1
PA;04278;0097;0461;anexo;registro depois de 23h41 de 04/10;6368;6368;24/09/2026 10:06:21;04/10/2026 17:11:07;19;0;02141133;04/10/2026 17:11:02;04/10/2026 17:11:07;04/10/2026 07:34:40;5;2;1
PA;04278;0097;0462;anexo;registro depois de 23h41 de 04/10;6782;6782;24/09/2026 10:09:40;04/10/2026 17:20:07;14;1;02192679;04/10/2026 17:20:02;04/10/2026 17:20:07;04/10/2026 07:36:37;7;3;1
PA;04278;0097;0463;anexo;registro depois de 23h41 de 04/10;6719;6719;24/09/2026 10:12:35;04/10/2026 17:20:21;14;0;02169453;04/10/2026 17:20:16;04/10/2026 17:20:21;04/10/2026 07:34:15;5;2;1
PA;04278;0097;0464;anexo;registro depois de 23h41 de 04/10;6500;6500;24/09/2026 10:18:09;04/10/2026 17:08:24;15;0;02149178;04/10/2026 17:08:19;04/10/2026 17:08:24;04/10/2026 08:04:10;5;2;1
PA;04278;0097;0465;anexo;registro depois de 23h41 de 04/10;6262;6262;24/09/2026 10:20:55;04/10/2026 17:12:13;20;0;02148246;04/10/2026 17:12:08;04/10/2026 17:12:13;04/10/2026 07:44:52;5;2;1
PA;04278;0097;0466;anexo;registro depois de 23h41 de 04/10;5788;5788;24/09/2026 10:24:22;04/10/2026 17:19:11;17;0;02161290;04/10/2026 17:19:06;04/10/2026 17:19:11;04/10/2026 07:55:36;5;2;1
PA;04278;0097;0467;anexo;registro depois de 23h41 de 04/10;6498;6498;24/09/2026 10:25:06;04/10/2026 17:12:43;32;0;02157985;04/10/2026 17:12:38;04/10/2026 17:12:43;04/10/2026 07:08:52;6;2;1
PA;04278;0097;0468;anexo;registro depois de 23h41 de 04/10;6278;6278;24/09/2026 10:29:58;04/10/2026 17:49:11;7;0;02149292;04/10/2026 17:49:06;04/10/2026 17:49:11;04/10/2026 07:40:56;5;2;1
PA;04278;0097;0469;anexo;registro depois de 23h41 de 04/10;6452;6452;24/09/2026 10:33:35;04/10/2026 17:32:12;23;0;02188891;04/10/2026 17:32:07;04/10/2026 17:32:12;04/10/2026 08:04:23;5;2;1
PA;04278;0097;0470;anexo;registro depois de 23h41 de 04/10;6186;6186;24/09/2026 10:36:05;04/10/2026 17:25:56;30;0;02192699;04/10/2026 17:25:51;04/10/2026 17:25:56;04/10/2026 07:36:12;5;2;1
PA;04278;0097;0471;anexo;registro depois de 23h41 de 04/10;6013;6013;24/09/2026 10:36:44;04/10/2026 17:25:47;31;6;02180952;04/10/2026 17:25:42;04/10/2026 17:25:47;04/10/2026 08:13:20;8;2;1
PA;04278;0097;0472;anexo;registro depois de 23h41 de 04/10;6405;6405;24/09/2026 10:41:48;04/10/2026 17:30:53;9;1;02155873;04/10/2026 17:30:48;04/10/2026 17:30:53;04/10/2026 08:03:13;6;2;1
PA;04278;0097;0473;anexo;registro depois de 23h41 de 04/10;5326;5326;24/09/2026 10:44:36;04/10/2026 17:39:51;21;0;02147550;04/10/2026 17:39:46;04/10/2026 17:39:51;04/10/2026 07:38:40;5;2;1
PA;04278;0097;0474;anexo;registro depois de 23h41 de 04/10;5727;5727;24/09/2026 10:47:57;04/10/2026 17:06:23;30;0;02193511;04/10/2026 17:06:18;04/10/2026 17:06:23;04/10/2026 07:47:41;5;2;1
PA;04278;0097;0475;anexo;registro depois de 23h41 de 04/10;5804;5804;24/09/2026 10:50:53;04/10/2026 17:13:16;16;0;02188682;04/10/2026 17:13:11;04/10/2026 17:13:16;04/10/2026 07:42:53;5;2;1
PA;04278;0097;0476;anexo;registro depois de 23h41 de 04/10;7155;7155;24/09/2026 10:54:01;04/10/2026 18:25:03;15;0;02170678;04/10/2026 18:24:58;04/10/2026 18:25:03;04/10/2026 07:40:44;5;2;1
PA;04278;0097;0477;anexo;registro depois de 23h41 de 04/10;5684;5684;24/09/2026 10:56:41;04/10/2026 17:33:39;12;0;02157388;04/10/2026 17:33:33;04/10/2026 17:33:39;04/10/2026 07:55:21;5;2;1
PA;04278;0097;0478;anexo;registro depois de 23h41 de 04/10;5510;5510;24/09/2026 11:00:03;04/10/2026 17:14:47;14;0;02161207;04/10/2026 17:14:41;04/10/2026 17:14:47;04/10/2026 07:47:20;5;2;1
PA;04278;0097;0479;anexo;registro depois de 23h41 de 04/10;6152;6152;24/09/2026 11:01:09;04/10/2026 17:10:36;18;0;02149640;04/10/2026 17:10:31;04/10/2026 17:10:36;04/10/2026 07:54:25;5;2;1
PA;04278;0097;0480;anexo;registro depois de 23h41 de 04/10;6641;6641;24/09/2026 11:04:24;04/10/2026 17:19:16;15;0;02147964;04/10/2026 17:19:11;04/10/2026 17:19:16;04/10/2026 07:32:54;5;2;1
PA;04278;0097;0481;anexo;registro depois de 23h41 de 04/10;6111;6111;24/09/2026 11:07:31;04/10/2026 17:08:43;29;0;02182970;04/10/2026 17:08:38;04/10/2026 17:08:43;04/10/2026 07:46:50;5;2;1
PA;04278;0097;0482;anexo;registro depois de 23h41 de 04/10;6099;6099;24/09/2026 11:09:11;04/10/2026 17:23:13;22;1;02170653;04/10/2026 17:23:08;04/10/2026 17:23:13;04/10/2026 07:40:28;5;2;1
PA;04278;0097;0483;anexo;registro depois de 23h41 de 04/10;6828;6828;24/09/2026 11:13:02;04/10/2026 17:21:17;39;0;02150300;04/10/2026 17:21:12;04/10/2026 17:21:17;04/10/2026 07:27:36;5;2;1
PA;04278;0097;0484;anexo;registro depois de 23h41 de 04/10;6727;6727;24/09/2026 11:17:16;04/10/2026 17:20:12;19;0;02148108;04/10/2026 17:20:07;04/10/2026 17:20:12;04/10/2026 07:49:37;5;2;1
PA;04278;0097;0485;anexo;registro depois de 23h41 de 04/10;6931;6931;24/09/2026 11:20:46;04/10/2026 17:55:34;36;0;02187941;04/10/2026 17:55:29;04/10/2026 17:55:34;04/10/2026 07:39:26;5;2;1
PA;04278;0097;0486;anexo;registro depois de 23h41 de 04/10;6482;6482;24/09/2026 11:23:27;04/10/2026 17:29:36;42;0;02183550;04/10/2026 17:29:31;04/10/2026 17:29:36;04/10/2026 07:52:35;5;2;1
PA;04278;0097;0487;anexo;registro depois de 23h41 de 04/10;6492;6492;24/09/2026 11:26:42;04/10/2026 17:11:16;11;1;02166805;04/10/2026 17:11:11;04/10/2026 17:11:16;04/10/2026 07:08:51;5;2;1
PA;04278;0097;0488;anexo;registro depois de 23h41 de 04/10;6588;6588;24/09/2026 11:29:32;04/10/2026 17:11:26;10;0;02188950;04/10/2026 17:11:21;04/10/2026 17:11:26;04/10/2026 07:48:25;5;2;1
PA;04278;0097;0489;anexo;registro depois de 23h41 de 04/10;99;0;;;0;0;;;;;0;0;0
PA;04278;0097;0490;anexo;registro depois de 23h41 de 04/10;6948;6948;24/09/2026 11:37:59;04/10/2026 17:14:02;13;0;02157242;04/10/2026 17:13:57;04/10/2026 17:14:02;04/10/2026 07:44:22;5;2;1
PA;04278;0097;0491;anexo;registro depois de 23h41 de 04/10;6451;6451;24/09/2026 11:42:04;04/10/2026 17:15:19;15;0;02148496;04/10/2026 17:15:14;04/10/2026 17:15:19;04/10/2026 07:50:49;5;2;1
PA;04278;0097;0492;anexo;registro depois de 23h41 de 04/10;7156;7156;24/09/2026 11:45:20;04/10/2026 17:40:05;12;0;02161318;04/10/2026 17:40:00;04/10/2026 17:40:05;04/10/2026 07:32:39;5;2;1
PA;04278;0097;0493;anexo;registro depois de 23h41 de 04/10;7230;7230;24/09/2026 08:34:34;04/10/2026 17:19:58;22;0;02156395;04/10/2026 17:19:53;04/10/2026 17:19:58;04/10/2026 07:57:59;6;2;1
PA;04278;0097;0494;anexo;registro depois de 23h41 de 04/10;6975;6975;24/09/2026 08:45:09;04/10/2026 17:14:07;33;1;02169644;04/10/2026 17:14:02;04/10/2026 17:14:07;04/10/2026 07:45:40;7;4;1
PA;04278;0097;0495;anexo;registro depois de 23h41 de 04/10;6692;6692;24/09/2026 08:48:54;04/10/2026 17:10:29;26;0;02149300;04/10/2026 17:10:24;04/10/2026 17:10:29;04/10/2026 08:01:40;5;2;1
PA;04278;0097;0496;anexo;registro depois de 23h41 de 04/10;6989;6989;24/09/2026 08:51:04;04/10/2026 17:28:38;16;0;02191493;04/10/2026 17:28:33;04/10/2026 17:28:38;04/10/2026 07:38:31;6;2;1
PA;04278;0097;0497;anexo;registro depois de 23h41 de 04/10;7376;7376;24/09/2026 08:54:45;04/10/2026 17:21:20;41;3;02161282;04/10/2026 17:21:15;04/10/2026 17:21:20;04/10/2026 08:00:13;6;6;1
PA;04278;0097;0498;anexo;registro depois de 23h41 de 04/10;6647;6647;24/09/2026 08:57:46;04/10/2026 17:49:03;19;0;02168586;04/10/2026 17:48:58;04/10/2026 17:49:03;04/10/2026 07:38:33;5;2;1
PA;04278;0097;0499;anexo;registro depois de 23h41 de 04/10;6764;6764;24/09/2026 09:01:08;04/10/2026 18:07:13;20;0;02169356;04/10/2026 18:07:08;04/10/2026 18:07:13;04/10/2026 07:52:49;5;2;1
PA;04278;0097;0500;anexo;registro depois de 23h41 de 04/10;6601;6601;24/09/2026 09:04:26;04/10/2026 17:39:55;14;0;02199108;04/10/2026 17:39:50;04/10/2026 17:39:55;04/10/2026 07:43:29;5;2;1
PA;04278;0097;0501;anexo;registro depois de 23h41 de 04/10;6621;6621;24/09/2026 09:07:48;04/10/2026 17:15:51;19;1;02149136;04/10/2026 17:15:46;04/10/2026 17:15:51;04/10/2026 08:00:11;5;4;1
PA;04278;0097;0502;anexo;registro depois de 23h41 de 04/10;6331;6331;24/09/2026 09:10:54;04/10/2026 17:52:02;21;0;02180141;04/10/2026 17:51:57;04/10/2026 17:52:02;04/10/2026 08:07:27;5;2;1
PA;04278;0097;0503;anexo;registro depois de 23h41 de 04/10;6133;6133;24/09/2026 09:14:32;04/10/2026 17:10:12;23;0;02186453;04/10/2026 17:10:07;04/10/2026 17:10:12;04/10/2026 08:05:38;6;2;1
PA;04278;0097;0504;anexo;registro depois de 23h41 de 04/10;7492;7492;24/09/2026 09:17:20;04/10/2026 18:24:54;12;0;02170716;04/10/2026 18:24:49;04/10/2026 18:24:54;04/10/2026 07:56:25;5;2;1
PA;04278;0097;0505;anexo;registro depois de 23h41 de 04/10;6211;6211;24/09/2026 09:21:26;04/10/2026 17:08:48;12;0;02155550;04/10/2026 17:08:43;04/10/2026 17:08:48;04/10/2026 08:15:38;5;2;1
PA;04278;0097;0506;anexo;registro depois de 23h41 de 04/10;7818;7818;24/09/2026 09:24:44;04/10/2026 19:27:25;6;0;02182937;04/10/2026 19:27:20;04/10/2026 19:27:25;04/10/2026 07:40:07;5;2;1
PA;04278;0097;0507;anexo;registro depois de 23h41 de 04/10;7001;7001;24/09/2026 09:28:39;04/10/2026 17:05:59;22;0;02150035;04/10/2026 17:05:54;04/10/2026 17:05:59;04/10/2026 07:50:28;5;2;1
PA;04278;0097;0508;anexo;registro depois de 23h41 de 04/10;6852;6852;24/09/2026 09:29:08;04/10/2026 17:06:37;20;0;02169240;04/10/2026 17:06:32;04/10/2026 17:06:37;04/10/2026 07:54:07;5;2;1
PA;04278;0097;0509;anexo;registro depois de 23h41 de 04/10;4355;4355;24/09/2026 09:32:05;04/10/2026 17:05:15;9;0;02157171;04/10/2026 17:05:10;04/10/2026 17:05:15;04/10/2026 07:35:37;5;2;1
PA;04278;0097;0510;anexo;registro depois de 23h41 de 04/10;6627;6627;24/09/2026 09:37:42;04/10/2026 17:10:28;16;0;02186354;04/10/2026 17:10:23;04/10/2026 17:10:28;04/10/2026 08:04:09;5;2;1
PA;04278;0097;0511;anexo;registro depois de 23h41 de 04/10;4493;4493;24/09/2026 09:40:44;04/10/2026 17:07:33;4;0;02165935;04/10/2026 17:07:28;04/10/2026 17:07:33;04/10/2026 08:06:37;5;2;1
PA;04278;0097;0513;anexo;registro depois de 23h41 de 04/10;7671;7671;24/09/2026 09:46:04;04/10/2026 17:52:07;15;0;02169355;04/10/2026 17:52:02;04/10/2026 17:52:07;04/10/2026 08:12:30;7;3;1
PA;04278;0097;0514;anexo;registro depois de 23h41 de 04/10;6477;6477;24/09/2026 09:48:46;04/10/2026 17:16:08;17;0;02186246;04/10/2026 17:16:03;04/10/2026 17:16:08;04/10/2026 07:52:39;5;2;1
PA;04278;0097;0515;anexo;registro depois de 23h41 de 04/10;2822;2822;24/09/2026 09:52:18;04/10/2026 17:11:42;11;0;02170632;04/10/2026 17:11:37;04/10/2026 17:11:42;04/10/2026 07:52:38;4;2;1
PA;04278;0097;0517;anexo;registro depois de 23h41 de 04/10;6706;6706;24/09/2026 09:55:18;04/10/2026 17:09:27;11;0;02169478;04/10/2026 17:09:22;04/10/2026 17:09:27;04/10/2026 07:48:15;5;2;1
PA;04278;0097;0518;anexo;registro depois de 23h41 de 04/10;7081;7081;24/09/2026 09:57:44;04/10/2026 17:33:13;33;0;02170652;04/10/2026 17:33:08;04/10/2026 17:33:13;04/10/2026 07:49:37;6;2;1
PA;04278;0097;0519;anexo;registro depois de 23h41 de 04/10;6491;6491;24/09/2026 10:01:27;04/10/2026 17:18:10;9;0;02149112;04/10/2026 17:18:05;04/10/2026 17:18:10;04/10/2026 07:21:47;6;2;1
PA;04278;0097;0520;anexo;registro depois de 23h41 de 04/10;6508;6508;24/09/2026 10:04:16;04/10/2026 17:27:59;22;0;02185643;04/10/2026 17:27:54;04/10/2026 17:27:59;04/10/2026 08:00:15;5;2;1
PA;04278;0097;0521;anexo;registro depois de 23h41 de 04/10;6731;6731;24/09/2026 10:07:56;04/10/2026 17:14:42;32;0;02168527;04/10/2026 17:14:37;04/10/2026 17:14:42;04/10/2026 08:15:53;7;2;1
PA;04278;0097;0522;anexo;registro depois de 23h41 de 04/10;6438;6438;24/09/2026 10:10:20;04/10/2026 17:33:19;19;3;02182341;04/10/2026 17:33:14;04/10/2026 17:33:19;04/10/2026 08:03:44;5;5;1
PA;04278;0097;0523;anexo;registro depois de 23h41 de 04/10;6834;6834;24/09/2026 10:13:55;04/10/2026 17:06:20;12;0;02157319;04/10/2026 17:06:15;04/10/2026 17:06:20;04/10/2026 08:02:11;5;2;1
PA;04278;0097;0524;anexo;registro depois de 23h41 de 04/10;7153;7153;24/09/2026 10:16:05;04/10/2026 18:31:02;30;0;02154746;04/10/2026 18:30:57;04/10/2026 18:31:02;04/10/2026 07:46:57;5;2;1
PA;04278;0097;0525;anexo;registro depois de 23h41 de 04/10;6516;6516;24/09/2026 10:20:13;04/10/2026 17:10:55;8;0;02180794;04/10/2026 17:10:50;04/10/2026 17:10:55;04/10/2026 07:45:38;5;2;1
PA;04278;0097;0526;anexo;registro depois de 23h41 de 04/10;7136;7136;24/09/2026 10:23:26;04/10/2026 17:09:07;13;0;02157669;04/10/2026 17:09:02;04/10/2026 17:09:07;04/10/2026 07:22:27;5;2;1
PA;04278;0097;0527;anexo;registro depois de 23h41 de 04/10;7200;7200;24/09/2026 10:26:55;04/10/2026 17:17:57;23;0;02169267;04/10/2026 17:17:52;04/10/2026 17:17:57;04/10/2026 07:27:03;5;2;1
PA;04278;0097;0528;anexo;registro depois de 23h41 de 04/10;7716;7716;24/09/2026 10:30:26;04/10/2026 17:58:08;24;0;02148844;04/10/2026 17:58:03;04/10/2026 17:58:08;04/10/2026 08:24:43;5;2;1
PA;04278;0097;0529;anexo;registro depois de 23h41 de 04/10;7194;7194;24/09/2026 10:34:23;04/10/2026 17:34:36;13;0;02149081;04/10/2026 17:34:31;04/10/2026 17:34:36;04/10/2026 07:33:12;5;2;1
PA;04278;0097;0530;anexo;registro depois de 23h41 de 04/10;7048;7048;24/09/2026 10:38:11;04/10/2026 19:12:26;27;0;02187644;04/10/2026 19:12:21;04/10/2026 19:12:26;04/10/2026 07:45:11;5;2;1
PA;04278;0097;0531;anexo;registro depois de 23h41 de 04/10;6917;6917;24/09/2026 10:41:27;04/10/2026 17:07:11;25;0;02149028;04/10/2026 17:07:06;04/10/2026 17:07:11;04/10/2026 07:55:21;5;2;1
PA;04278;0097;0532;anexo;registro depois de 23h41 de 04/10;5724;5724;24/09/2026 10:44:42;04/10/2026 17:06:23;99;0;02166528;04/10/2026 17:06:18;04/10/2026 17:06:23;04/10/2026 07:37:34;5;2;1
PA;04278;0097;0533;anexo;registro depois de 23h41 de 04/10;7347;7347;24/09/2026 10:48:04;04/10/2026 18:08:07;33;0;02168055;04/10/2026 18:08:02;04/10/2026 18:08:07;04/10/2026 07:57:14;5;2;1
PA;04278;0097;0534;anexo;registro depois de 23h41 de 04/10;7151;7151;24/09/2026 10:51:33;04/10/2026 17:22:38;25;0;02170569;04/10/2026 17:22:33;04/10/2026 17:22:38;04/10/2026 07:59:52;5;2;1
PA;04278;0097;0535;anexo;registro depois de 23h41 de 04/10;5747;5747;24/09/2026 10:48:02;04/10/2026 17:03:25;4;0;02182872;04/10/2026 17:03:20;04/10/2026 17:03:25;04/10/2026 07:48:01;5;2;1
PA;04278;0097;0536;anexo;registro depois de 23h41 de 04/10;5661;5661;24/09/2026 10:59:06;04/10/2026 17:06:32;21;0;02148308;04/10/2026 17:06:27;04/10/2026 17:06:32;04/10/2026 07:34:52;5;2;1
PA;04278;0097;0537;anexo;registro depois de 23h41 de 04/10;6937;6937;24/09/2026 11:01:57;04/10/2026 17:17:13;23;0;02165624;04/10/2026 17:17:08;04/10/2026 17:17:13;04/10/2026 07:59:31;5;2;1
PA;04278;0097;0538;anexo;registro depois de 23h41 de 04/10;6862;6862;24/09/2026 11:05:05;04/10/2026 17:07:26;21;0;02154756;04/10/2026 17:07:21;04/10/2026 17:07:26;04/10/2026 08:03:21;5;2;1
PA;04278;0097;0539;anexo;registro depois de 23h41 de 04/10;4770;4770;24/09/2026 11:09:05;04/10/2026 17:09:53;14;0;02182695;04/10/2026 17:09:48;04/10/2026 17:09:53;04/10/2026 07:37:55;5;2;1
PA;04278;0097;0540;anexo;registro depois de 23h41 de 04/10;4905;4905;24/09/2026 11:11:29;04/10/2026 17:08:52;35;0;02168549;04/10/2026 17:08:47;04/10/2026 17:08:52;04/10/2026 07:45:09;6;2;1
PA;04278;0097;0541;anexo;registro depois de 23h41 de 04/10;7679;7679;24/09/2026 11:14:46;04/10/2026 18:08:05;41;0;02169591;04/10/2026 18:08:00;04/10/2026 18:08:05;04/10/2026 08:03:58;5;2;1
PA;04278;0097;0542;anexo;registro depois de 23h41 de 04/10;6578;6578;24/09/2026 11:19:20;04/10/2026 17:15:37;21;0;02149358;04/10/2026 17:15:32;04/10/2026 17:15:37;04/10/2026 08:01:49;5;2;1
PA;04278;0097;0543;anexo;registro depois de 23h41 de 04/10;7371;7371;24/09/2026 11:21:39;04/10/2026 17:07:50;26;0;02158052;04/10/2026 17:07:45;04/10/2026 17:07:50;04/10/2026 07:44:32;5;2;1
PA;04278;0097;0544;anexo;registro depois de 23h41 de 04/10;3795;3795;24/09/2026 11:24:58;04/10/2026 17:21:53;15;0;02177484;04/10/2026 17:21:48;04/10/2026 17:21:53;04/10/2026 07:35:29;5;2;1
PA;04278;0097;0545;anexo;registro depois de 23h41 de 04/10;4855;4855;24/09/2026 11:28:48;04/10/2026 17:11:09;30;0;02165947;04/10/2026 17:11:04;04/10/2026 17:11:09;04/10/2026 07:59:13;5;2;1
PA;04278;0097;0546;anexo;registro depois de 23h41 de 04/10;6778;6778;24/09/2026 11:31:26;04/10/2026 17:44:02;12;0;02163147;04/10/2026 17:43:57;04/10/2026 17:44:02;04/10/2026 08:04:39;5;2;1
PA;04278;0097;0547;anexo;registro depois de 23h41 de 04/10;3088;3088;24/09/2026 11:34:28;04/10/2026 17:05:03;6;0;02191711;04/10/2026 17:04:58;04/10/2026 17:05:03;04/10/2026 07:50:39;5;2;1
PA;04278;0097;0549;anexo;registro depois de 23h41 de 04/10;6752;6752;24/09/2026 11:38:52;04/10/2026 17:47:00;35;0;02170251;04/10/2026 17:46:55;04/10/2026 17:47:00;04/10/2026 07:37:25;5;2;1
PA;04278;0097;0550;anexo;registro depois de 23h41 de 04/10;7355;7355;24/09/2026 11:42:30;04/10/2026 18:47:49;17;0;02182736;04/10/2026 18:47:44;04/10/2026 18:47:49;04/10/2026 07:50:52;5;2;1
PA;04278;0097;0551;anexo;registro depois de 23h41 de 04/10;3502;3502;24/09/2026 11:46:08;04/10/2026 17:07:00;4;0;02161262;04/10/2026 17:06:55;04/10/2026 17:07:00;04/10/2026 07:41:04;5;2;1
PA;04278;0097;0553;anexo;registro depois de 23h41 de 04/10;2560;2560;24/09/2026 11:49:17;04/10/2026 17:08:09;9;0;02169044;04/10/2026 17:08:04;04/10/2026 17:08:09;04/10/2026 07:44:10;5;2;1
PA;04278;0097;0556;anexo;registro depois de 23h41 de 04/10;2232;2232;24/09/2026 11:52:38;04/10/2026 17:07:37;30;0;02150344;04/10/2026 17:07:32;04/10/2026 17:07:37;04/10/2026 08:00:49;5;2;1
PA;04278;0097;0557;anexo;registro depois de 23h41 de 04/10;2465;2465;24/09/2026 11:55:03;04/10/2026 17:03:09;8;0;02182453;04/10/2026 17:03:04;04/10/2026 17:03:09;04/10/2026 07:36:13;5;2;1
PA;04430;0025;0006;anexo;registro depois de 23h41 de 04/10;4660;4660;25/09/2026 08:09:40;04/10/2026 17:14:43;30;0;02293689;04/10/2026 17:14:38;04/10/2026 17:14:43;04/10/2026 07:14:29;4;2;1
PA;04430;0025;0008;anexo;registro depois de 23h41 de 04/10;4125;4125;25/09/2026 08:14:11;04/10/2026 17:04:50;3;0;02456045;04/10/2026 17:04:45;04/10/2026 17:04:50;04/10/2026 07:17:19;4;2;1
PA;04430;0025;0011;anexo;registro depois de 23h41 de 04/10;4888;4888;25/09/2026 08:17:49;04/10/2026 17:05:47;20;0;02263293;04/10/2026 17:05:42;04/10/2026 17:05:47;04/10/2026 07:39:43;4;2;1
PA;04430;0025;0012;anexo;registro depois de 23h41 de 04/10;4986;4986;25/09/2026 08:22:05;04/10/2026 17:06:40;17;0;02396865;04/10/2026 17:06:35;04/10/2026 17:06:40;04/10/2026 07:37:39;4;2;1
PA;04430;0025;0016;anexo;registro depois de 23h41 de 04/10;4186;4186;25/09/2026 09:46:01;04/10/2026 17:05:28;7;0;02436867;04/10/2026 17:05:23;04/10/2026 17:05:28;04/10/2026 07:53:59;4;2;1
PA;04430;0025;0017;anexo;registro depois de 23h41 de 04/10;4017;4017;25/09/2026 09:48:40;04/10/2026 17:06:59;21;0;02437457;04/10/2026 17:06:55;04/10/2026 17:06:59;04/10/2026 07:55:24;4;2;1
PA;04430;0025;0018;anexo;registro depois de 23h41 de 04/10;5009;5009;25/09/2026 09:52:20;04/10/2026 17:05:33;10;0;02469858;04/10/2026 17:05:28;04/10/2026 17:05:33;04/10/2026 07:37:15;4;2;1
PA;04430;0025;0019;anexo;registro depois de 23h41 de 04/10;4478;4478;25/09/2026 09:55:41;04/10/2026 17:08:26;35;0;02331904;04/10/2026 17:08:21;04/10/2026 17:08:26;04/10/2026 07:33:06;4;2;1
PA;04430;0025;0020;anexo;registro depois de 23h41 de 04/10;4263;4263;25/09/2026 09:59:14;04/10/2026 17:05:06;16;0;02464169;04/10/2026 17:05:01;04/10/2026 17:05:06;04/10/2026 07:36:37;4;2;1
PA;04430;0025;0023;anexo;registro depois de 23h41 de 04/10;5067;5067;25/09/2026 10:46:08;04/10/2026 17:09:34;36;2;02329409;04/10/2026 17:09:29;04/10/2026 17:09:34;04/10/2026 07:35:03;5;4;1
PA;04430;0025;0026;anexo;registro depois de 23h41 de 04/10;5451;5451;25/09/2026 11:03:10;04/10/2026 17:04:51;14;0;02381841;04/10/2026 17:04:46;04/10/2026 17:04:51;04/10/2026 07:23:12;4;2;1
PA;04430;0025;0029;anexo;registro depois de 23h41 de 04/10;4789;4789;25/09/2026 11:11:26;04/10/2026 17:09:38;60;0;02469271;04/10/2026 17:09:33;04/10/2026 17:09:38;04/10/2026 07:58:15;4;2;1
PA;04430;0025;0031;anexo;registro depois de 23h41 de 04/10;4681;4681;25/09/2026 12:14:37;04/10/2026 17:05:18;37;0;02297377;04/10/2026 17:05:13;04/10/2026 17:05:18;04/10/2026 07:46:24;4;2;1
PA;04430;0025;0032;anexo;registro depois de 23h41 de 04/10;4184;4184;25/09/2026 12:20:41;04/10/2026 17:04:38;23;0;02284568;04/10/2026 17:04:33;04/10/2026 17:04:38;04/10/2026 07:58:03;4;2;1
PA;04430;0025;0033;anexo;registro depois de 23h41 de 04/10;4565;4565;25/09/2026 12:26:09;04/10/2026 17:05:59;14;0;02294173;04/10/2026 17:05:54;04/10/2026 17:05:59;04/10/2026 07:52:41;4;2;1
PA;04430;0025;0037;anexo;registro depois de 23h41 de 04/10;5469;5469;25/09/2026 12:43:36;04/10/2026 17:22:04;40;0;02397825;04/10/2026 17:21:59;04/10/2026 17:22:04;04/10/2026 07:28:02;4;2;1
PA;04430;0025;0038;anexo;registro depois de 23h41 de 04/10;5425;5425;25/09/2026 12:47:58;04/10/2026 17:05:40;16;0;02393383;04/10/2026 17:05:35;04/10/2026 17:05:40;04/10/2026 07:26:50;4;2;1
PA;04430;0025;0039;anexo;registro depois de 23h41 de 04/10;5499;5499;25/09/2026 13:58:31;04/10/2026 17:09:33;23;0;02272728;04/10/2026 17:09:28;04/10/2026 17:09:33;04/10/2026 07:45:48;4;2;1
PA;04430;0025;0040;anexo;registro depois de 23h41 de 04/10;4530;4530;25/09/2026 14:04:43;04/10/2026 17:08:20;16;0;02399023;04/10/2026 17:08:15;04/10/2026 17:08:20;04/10/2026 07:41:33;7;4;1
PA;04430;0025;0042;anexo;registro depois de 23h41 de 04/10;5931;5931;25/09/2026 08:07:12;04/10/2026 17:15:58;22;4;02439487;04/10/2026 17:15:53;04/10/2026 17:15:58;04/10/2026 07:08:38;7;6;1
PA;04430;0025;0044;anexo;registro depois de 23h41 de 04/10;5323;5323;25/09/2026 08:13:42;04/10/2026 17:07:55;10;0;02464132;04/10/2026 17:07:50;04/10/2026 17:07:55;04/10/2026 07:51:08;4;2;1
PA;04430;0025;0045;anexo;registro depois de 23h41 de 04/10;5815;5815;25/09/2026 08:17:15;04/10/2026 17:21:05;26;0;02394309;04/10/2026 17:21:01;04/10/2026 17:21:05;04/10/2026 07:04:58;4;2;1
PA;04430;0025;0047;anexo;registro depois de 23h41 de 04/10;5947;5947;25/09/2026 08:23:57;04/10/2026 17:08:29;25;0;02468057;04/10/2026 17:08:24;04/10/2026 17:08:29;04/10/2026 07:13:15;4;2;1
PA;04430;0025;0049;anexo;registro depois de 23h41 de 04/10;5466;5466;25/09/2026 09:27:30;04/10/2026 17:06:04;24;0;02343667;04/10/2026 17:05:59;04/10/2026 17:06:04;04/10/2026 07:52:57;5;2;1
PA;04430;0025;0051;anexo;registro depois de 23h41 de 04/10;4589;4589;25/09/2026 09:35:39;04/10/2026 17:15:51;17;0;02392940;04/10/2026 17:15:46;04/10/2026 17:15:51;04/10/2026 07:52:14;4;2;1
PA;04430;0025;0052;anexo;registro depois de 23h41 de 04/10;4577;4577;25/09/2026 09:38:53;04/10/2026 17:04:44;22;0;02329198;04/10/2026 17:04:39;04/10/2026 17:04:44;04/10/2026 07:28:40;4;2;1
PA;04430;0025;0054;anexo;registro depois de 23h41 de 04/10;6066;6066;25/09/2026 09:48:32;04/10/2026 17:07:17;5;1;02423789;04/10/2026 17:07:12;04/10/2026 17:07:17;04/10/2026 07:33:24;5;2;1
PA;04430;0025;0057;anexo;registro depois de 23h41 de 04/10;5808;5808;25/09/2026 10:43:08;04/10/2026 17:10:04;17;0;02331540;04/10/2026 17:09:59;04/10/2026 17:10:04;04/10/2026 07:36:56;4;2;1
PA;04430;0025;0059;anexo;registro depois de 23h41 de 04/10;5733;5733;25/09/2026 10:49:21;04/10/2026 17:20:41;21;2;02380990;04/10/2026 17:20:37;04/10/2026 17:20:41;04/10/2026 07:18:41;6;4;1
PA;04430;0025;0067;anexo;registro depois de 23h41 de 04/10;5123;5123;25/09/2026 12:27:23;04/10/2026 17:07:08;20;0;02323492;04/10/2026 17:07:03;04/10/2026 17:07:08;04/10/2026 08:02:17;4;2;1
PA;04430;0025;0068;anexo;registro depois de 23h41 de 04/10;5467;5467;25/09/2026 12:31:49;04/10/2026 17:12:21;14;0;02387554;04/10/2026 17:12:16;04/10/2026 17:12:21;04/10/2026 07:23:24;4;2;1
PA;04430;0025;0070;anexo;registro depois de 23h41 de 04/10;4937;4937;25/09/2026 12:41:04;04/10/2026 17:23:14;13;0;02469632;04/10/2026 17:23:09;04/10/2026 17:23:14;04/10/2026 07:35:09;4;2;1
PA;04430;0025;0071;anexo;registro depois de 23h41 de 04/10;4875;4875;25/09/2026 12:44:52;04/10/2026 17:05:59;15;0;02285419;04/10/2026 17:05:54;04/10/2026 17:05:59;04/10/2026 07:43:27;4;2;1
PA;04430;0025;0072;anexo;registro depois de 23h41 de 04/10;6293;6293;25/09/2026 12:50:50;04/10/2026 18:45:03;13;1;02391932;04/10/2026 18:44:58;04/10/2026 18:45:03;04/10/2026 07:25:13;4;2;1
PA;04430;0025;0075;anexo;registro depois de 23h41 de 04/10;4682;4682;25/09/2026 13:57:52;04/10/2026 17:02:12;9;0;02255841;04/10/2026 17:02:07;04/10/2026 17:02:12;04/10/2026 07:24:25;6;3;1
PA;04430;0025;0078;anexo;registro depois de 23h41 de 04/10;4738;4738;25/09/2026 08:08:55;04/10/2026 17:04:48;24;2;02463384;04/10/2026 17:04:43;04/10/2026 17:04:48;04/10/2026 07:49:11;6;4;1
PA;04430;0025;0079;anexo;registro depois de 23h41 de 04/10;5178;5178;25/09/2026 08:13:00;04/10/2026 17:06:07;12;0;02416392;04/10/2026 17:06:02;04/10/2026 17:06:07;04/10/2026 07:25:33;4;2;1
PA;04430;0025;0171;anexo;registro depois de 23h41 de 04/10;5741;5741;25/09/2026 09:44:10;04/10/2026 17:14:25;18;0;02464406;04/10/2026 17:14:20;04/10/2026 17:14:25;04/10/2026 07:27:18;4;2;1
PA;04430;0025;0172;anexo;registro depois de 23h41 de 04/10;6076;6076;25/09/2026 09:47:12;04/10/2026 17:57:13;27;0;02435679;04/10/2026 17:57:08;04/10/2026 17:57:13;04/10/2026 07:14:06;4;2;1
PA;04430;0025;0175;anexo;registro depois de 23h41 de 04/10;5629;5629;25/09/2026 09:57:50;04/10/2026 17:05:12;24;0;02465737;04/10/2026 17:05:07;04/10/2026 17:05:12;04/10/2026 07:42:28;4;2;1
PA;04430;0025;0176;anexo;registro depois de 23h41 de 04/10;5830;5830;25/09/2026 10:01:09;04/10/2026 17:30:08;25;0;02329350;04/10/2026 17:30:03;04/10/2026 17:30:08;04/10/2026 07:48:20;4;2;1
PA;04430;0025;0177;anexo;registro depois de 23h41 de 04/10;5494;5494;25/09/2026 10:05:05;04/10/2026 17:10:24;14;0;02459697;04/10/2026 17:10:19;04/10/2026 17:10:24;04/10/2026 07:23:59;4;2;1
PA;04430;0025;0181;anexo;registro depois de 23h41 de 04/10;4403;4403;25/09/2026 10:56:30;04/10/2026 17:08:06;5;2;02304182;04/10/2026 17:08:01;04/10/2026 17:08:06;04/10/2026 07:45:02;6;4;1
PA;04430;0025;0186;anexo;registro depois de 23h41 de 04/10;4678;4678;25/09/2026 11:06:22;04/10/2026 17:05:37;6;1;02299489;04/10/2026 17:05:32;04/10/2026 17:05:37;04/10/2026 07:46:38;4;2;1
PA;04430;0025;0192;anexo;registro depois de 23h41 de 04/10;5018;5018;25/09/2026 11:13:07;04/10/2026 17:06:26;31;0;02393573;04/10/2026 17:06:21;04/10/2026 17:06:26;04/10/2026 07:36:39;4;2;1
PA;04430;0025;0197;anexo;registro depois de 23h41 de 04/10;6591;6591;25/09/2026 11:20:05;04/10/2026 18:34:35;32;2;02415679;04/10/2026 18:34:30;04/10/2026 18:34:35;04/10/2026 07:57:58;5;4;1
PA;04430;0025;0199;anexo;registro depois de 23h41 de 04/10;6294;6294;25/09/2026 12:09:38;04/10/2026 19:14:46;17;2;02417504;04/10/2026 19:14:41;04/10/2026 19:14:46;04/10/2026 07:43:56;5;4;1
PA;04430;0025;0202;anexo;registro depois de 23h41 de 04/10;5919;5919;25/09/2026 12:13:24;04/10/2026 17:40:32;20;0;02301277;04/10/2026 17:40:28;04/10/2026 17:40:32;04/10/2026 07:37:28;4;2;1
PA;04430;0025;0207;anexo;registro depois de 23h41 de 04/10;5328;5328;25/09/2026 12:35:02;04/10/2026 17:10:57;23;0;02383552;04/10/2026 17:10:53;04/10/2026 17:10:57;04/10/2026 07:16:43;4;2;1
PA;04430;0025;0208;anexo;registro depois de 23h41 de 04/10;4466;4466;25/09/2026 12:38:13;04/10/2026 17:03:14;7;0;02329846;04/10/2026 17:03:09;04/10/2026 17:03:14;04/10/2026 07:56:20;4;2;1
PA;04430;0025;0209;anexo;registro depois de 23h41 de 04/10;4545;4545;25/09/2026 13:40:14;04/10/2026 17:09:13;22;0;02469897;04/10/2026 17:09:08;04/10/2026 17:09:13;04/10/2026 07:29:14;4;2;1
PA;04430;0025;0213;anexo;registro depois de 23h41 de 04/10;4494;4494;25/09/2026 08:06:47;04/10/2026 17:06:40;9;0;02396378;04/10/2026 17:06:35;04/10/2026 17:06:40;04/10/2026 07:50:27;4;2;1
PA;04430;0025;0216;anexo;registro depois de 23h41 de 04/10;5039;5039;25/09/2026 08:13:32;04/10/2026 17:19:22;15;0;02285239;04/10/2026 17:19:17;04/10/2026 17:19:22;04/10/2026 08:00:56;4;2;1
PA;04430;0025;0219;anexo;registro depois de 23h41 de 04/10;4927;4927;25/09/2026 08:19:53;04/10/2026 17:09:14;24;0;02430875;04/10/2026 17:09:09;04/10/2026 17:09:14;04/10/2026 07:19:11;4;2;1
PA;04430;0025;0220;anexo;registro depois de 23h41 de 04/10;4733;4733;25/09/2026 08:22:43;04/10/2026 17:03:36;20;0;02263021;04/10/2026 17:03:31;04/10/2026 17:03:36;04/10/2026 07:12:56;5;2;1
PA;04430;0025;0221;anexo;registro depois de 23h41 de 04/10;4695;4695;25/09/2026 08:26:00;04/10/2026 17:05:13;9;0;02394334;04/10/2026 17:05:08;04/10/2026 17:05:13;04/10/2026 07:28:29;4;2;1
PA;04430;0025;0224;anexo;registro depois de 23h41 de 04/10;5624;5624;25/09/2026 09:42:10;04/10/2026 17:08:40;17;0;02291844;04/10/2026 17:08:35;04/10/2026 17:08:40;04/10/2026 07:26:34;4;2;1
PA;04430;0025;0226;anexo;registro depois de 23h41 de 04/10;4782;4782;25/09/2026 09:47:32;04/10/2026 17:07:02;9;0;02397653;04/10/2026 17:06:57;04/10/2026 17:07:02;04/10/2026 07:36:19;4;2;1
PA;04430;0025;0227;anexo;registro depois de 23h41 de 04/10;5590;5590;25/09/2026 09:51:32;04/10/2026 17:07:59;22;2;02396513;04/10/2026 17:07:54;04/10/2026 17:07:59;04/10/2026 07:56:52;6;4;1
PA;04430;0025;0229;anexo;registro depois de 23h41 de 04/10;5469;5469;25/09/2026 09:57:29;04/10/2026 17:29:22;16;0;02382958;04/10/2026 17:29:18;04/10/2026 17:29:22;04/10/2026 07:14:00;4;2;1
PA;04430;0025;0230;anexo;registro depois de 23h41 de 04/10;6446;6446;25/09/2026 11:11:02;04/10/2026 17:59:57;34;0;02398472;04/10/2026 17:59:52;04/10/2026 17:59:57;04/10/2026 07:23:18;4;2;1
PA;04430;0025;0233;anexo;registro depois de 23h41 de 04/10;4151;4151;25/09/2026 11:20:42;04/10/2026 17:05:44;12;1;02430268;04/10/2026 17:05:39;04/10/2026 17:05:44;04/10/2026 07:54:04;5;4;1
PA;04430;0025;0237;anexo;registro depois de 23h41 de 04/10;5573;5573;25/09/2026 11:30:50;04/10/2026 17:35:19;22;0;02260512;04/10/2026 17:35:14;04/10/2026 17:35:19;04/10/2026 07:35:33;4;2;1
PA;04430;0025;0242;anexo;registro depois de 23h41 de 04/10;6166;6166;25/09/2026 12:09:57;04/10/2026 17:38:31;18;0;02279298;04/10/2026 17:38:26;04/10/2026 17:38:31;04/10/2026 07:27:43;4;2;1
PA;04430;0025;0244;anexo;registro depois de 23h41 de 04/10;6372;6372;25/09/2026 12:17:34;04/10/2026 17:11:55;22;0;02300112;04/10/2026 17:11:50;04/10/2026 17:11:55;04/10/2026 07:35:34;4;2;1
PA;04430;0025;0246;anexo;registro depois de 23h41 de 04/10;5212;5212;25/09/2026 13:45:38;04/10/2026 17:10:21;10;0;02432841;04/10/2026 17:10:17;04/10/2026 17:10:21;04/10/2026 07:36:03;4;2;1
PA;04430;0025;0247;anexo;registro depois de 23h41 de 04/10;5091;5091;25/09/2026 13:49:32;04/10/2026 17:07:01;14;0;02299929;04/10/2026 17:06:56;04/10/2026 17:07:01;04/10/2026 07:41:01;4;2;1
PA;04430;0025;0248;anexo;registro depois de 23h41 de 04/10;5116;5116;25/09/2026 13:53:25;04/10/2026 17:06:05;12;0;02259806;04/10/2026 17:06:00;04/10/2026 17:06:05;04/10/2026 07:33:37;4;2;1
PA;04430;0025;0249;anexo;registro depois de 23h41 de 04/10;5497;5497;25/09/2026 13:56:55;04/10/2026 17:10:30;6;0;02279251;04/10/2026 17:10:25;04/10/2026 17:10:30;04/10/2026 07:28:08;4;2;1
PA;04430;0025;0251;anexo;registro depois de 23h41 de 04/10;5977;5977;25/09/2026 08:03:57;04/10/2026 18:56:56;23;0;02396423;04/10/2026 18:56:51;04/10/2026 18:56:56;04/10/2026 07:43:09;4;2;1
PA;04430;0025;0254;anexo;registro depois de 23h41 de 04/10;6709;6709;25/09/2026 08:15:23;04/10/2026 17:43:12;10;0;02289182;04/10/2026 17:43:07;04/10/2026 17:43:12;04/10/2026 07:41:39;6;3;1
PA;04430;0025;0255;anexo;registro depois de 23h41 de 04/10;5736;5736;25/09/2026 08:19:26;04/10/2026 17:14:48;20;0;02282235;04/10/2026 17:14:43;04/10/2026 17:14:48;04/10/2026 07:53:18;4;2;1
PA;04430;0025;0258;anexo;registro depois de 23h41 de 04/10;6166;6166;25/09/2026 08:30:42;04/10/2026 17:11:12;7;0;02384231;04/10/2026 17:11:07;04/10/2026 17:11:12;04/10/2026 07:09:51;4;2;1
PA;04430;0025;0259;anexo;registro depois de 23h41 de 04/10;5695;5695;25/09/2026 09:29:13;04/10/2026 17:13:30;14;1;02393402;04/10/2026 17:13:25;04/10/2026 17:13:30;04/10/2026 07:24:17;4;2;1
PA;04430;0025;0261;anexo;registro depois de 23h41 de 04/10;4304;4304;25/09/2026 09:46:31;04/10/2026 17:07:47;4;0;02470455;04/10/2026 17:07:42;04/10/2026 17:07:47;04/10/2026 07:20:21;4;2;1
PA;04430;0025;0263;anexo;registro depois de 23h41 de 04/10;6285;6285;25/09/2026 09:54:07;04/10/2026 17:51:36;10;0;02283759;04/10/2026 17:51:31;04/10/2026 17:51:36;04/10/2026 07:24:44;4;2;1
PA;04430;0025;0264;anexo;registro depois de 23h41 de 04/10;4416;4416;25/09/2026 09:57:42;04/10/2026 17:07:51;6;0;02325984;04/10/2026 17:07:46;04/10/2026 17:07:51;04/10/2026 07:48:36;4;2;1
PA;04430;0025;0265;anexo;registro depois de 23h41 de 04/10;5525;5525;25/09/2026 10:01:09;04/10/2026 17:12:03;21;1;02326146;04/10/2026 17:11:58;04/10/2026 17:12:03;04/10/2026 07:16:41;4;2;1
PA;04430;0025;0266;anexo;registro depois de 23h41 de 04/10;5088;5088;25/09/2026 10:05:02;04/10/2026 17:04:55;7;0;02460028;04/10/2026 17:04:50;04/10/2026 17:04:55;04/10/2026 07:33:57;4;2;1
PA;04430;0025;0267;anexo;registro depois de 23h41 de 04/10;5598;5598;25/09/2026 10:55:59;04/10/2026 17:12:56;8;0;02303304;04/10/2026 17:12:51;04/10/2026 17:12:56;04/10/2026 07:37:07;4;2;1
PA;04430;0025;0270;anexo;registro depois de 23h41 de 04/10;6034;6034;25/09/2026 11:09:57;04/10/2026 17:15:02;53;0;02307033;04/10/2026 17:14:57;04/10/2026 17:15:02;04/10/2026 07:23:23;4;2;1
PA;04430;0025;0273;anexo;registro depois de 23h41 de 04/10;5178;5178;25/09/2026 11:19:03;04/10/2026 17:07:33;18;2;02393999;04/10/2026 17:07:28;04/10/2026 17:07:33;04/10/2026 07:09:04;5;2;1
PA;04430;0025;0279;anexo;registro depois de 23h41 de 04/10;5572;5572;25/09/2026 12:35:58;04/10/2026 17:53:08;16;1;02385944;04/10/2026 17:53:03;04/10/2026 17:53:08;04/10/2026 07:52:47;4;2;1
PA;04430;0025;0280;anexo;registro depois de 23h41 de 04/10;4973;4973;25/09/2026 12:39:17;04/10/2026 17:17:27;11;0;02287571;04/10/2026 17:17:21;04/10/2026 17:17:27;04/10/2026 07:06:36;4;2;1
PA;04430;0025;0282;anexo;registro depois de 23h41 de 04/10;5677;5677;25/09/2026 12:46:01;04/10/2026 17:10:59;15;0;02385872;04/10/2026 17:10:54;04/10/2026 17:10:59;04/10/2026 07:12:09;4;2;1
PA;04430;0025;0283;anexo;registro depois de 23h41 de 04/10;5182;5182;25/09/2026 12:50:06;04/10/2026 17:06:19;13;0;02391661;04/10/2026 17:06:14;04/10/2026 17:06:19;04/10/2026 07:35:58;4;2;1
PA;04430;0025;0284;anexo;registro depois de 23h41 de 04/10;6243;6243;25/09/2026 13:37:26;04/10/2026 18:38:35;23;0;02456072;04/10/2026 18:38:30;04/10/2026 18:38:35;04/10/2026 07:32:53;5;2;1
PA;04430;0025;0285;anexo;registro depois de 23h41 de 04/10;6100;6100;25/09/2026 13:40:46;04/10/2026 17:28:35;16;0;02308797;04/10/2026 17:28:30;04/10/2026 17:28:35;04/10/2026 07:35:58;6;3;1
PA;04430;0025;0325;anexo;registro depois de 23h41 de 04/10;5021;5021;25/09/2026 08:22:00;04/10/2026 17:07:28;6;1;02277813;04/10/2026 17:07:24;04/10/2026 17:07:28;04/10/2026 07:32:08;4;2;1
PA;04430;0025;0326;anexo;registro depois de 23h41 de 04/10;6058;6058;25/09/2026 08:25:18;04/10/2026 17:22:44;30;0;02383413;04/10/2026 17:22:39;04/10/2026 17:22:44;04/10/2026 07:15:41;4;2;1
PA;04430;0025;0327;anexo;registro depois de 23h41 de 04/10;5825;5825;25/09/2026 08:28:38;04/10/2026 18:09:36;32;0;02327473;04/10/2026 18:09:31;04/10/2026 18:09:36;04/10/2026 07:33:31;4;2;1
PA;04430;0025;0332;anexo;registro depois de 23h41 de 04/10;5254;5254;25/09/2026 09:37:25;04/10/2026 17:08:28;17;0;02467660;04/10/2026 17:08:23;04/10/2026 17:08:28;04/10/2026 07:14:48;4;2;1
PA;04430;0025;0336;anexo;registro depois de 23h41 de 04/10;4930;4930;25/09/2026 09:47:26;04/10/2026 17:04:43;23;0;02280591;04/10/2026 17:04:38;04/10/2026 17:04:43;04/10/2026 08:01:51;5;2;1
PA;04430;0025;0338;anexo;registro depois de 23h41 de 04/10;4832;4832;25/09/2026 09:51:21;04/10/2026 17:05:46;18;0;02429989;04/10/2026 17:05:42;04/10/2026 17:05:46;04/10/2026 07:07:43;7;4;1
PA;04430;0025;0341;anexo;registro depois de 23h41 de 04/10;4268;4268;25/09/2026 09:59:08;04/10/2026 17:22:57;19;0;02394510;04/10/2026 17:22:52;04/10/2026 17:22:57;04/10/2026 07:48:55;4;2;1
PA;04430;0025;0342;anexo;registro depois de 23h41 de 04/10;5986;5986;25/09/2026 10:58:48;04/10/2026 17:57:06;20;0;02329816;04/10/2026 17:57:01;04/10/2026 17:57:06;04/10/2026 07:44:05;4;2;1
PA;04430;0025;0346;anexo;registro depois de 23h41 de 04/10;5192;5192;25/09/2026 11:06:53;04/10/2026 17:04:25;11;0;02469880;04/10/2026 17:04:20;04/10/2026 17:04:25;04/10/2026 07:48:08;4;2;1
PA;04430;0025;0350;anexo;registro depois de 23h41 de 04/10;6253;6253;25/09/2026 11:18:23;04/10/2026 17:26:15;38;0;02392984;04/10/2026 17:26:10;04/10/2026 17:26:15;04/10/2026 07:53:41;4;2;1
PA;04430;0025;0355;anexo;registro depois de 23h41 de 04/10;2718;2718;25/09/2026 12:20:45;04/10/2026 17:06:57;34;0;02393902;04/10/2026 17:06:52;04/10/2026 17:06:57;04/10/2026 07:30:15;4;2;1
PA;04430;0025;0356;anexo;registro depois de 23h41 de 04/10;7184;7184;25/09/2026 12:30:16;04/10/2026 18:02:10;16;0;02422362;04/10/2026 18:02:05;04/10/2026 18:02:10;04/10/2026 07:42:28;5;2;1
PA;04430;0025;0358;anexo;registro depois de 23h41 de 04/10;3388;3388;25/09/2026 12:37:12;04/10/2026 17:06:54;7;0;02294407;04/10/2026 17:06:49;04/10/2026 17:06:54;04/10/2026 07:28:23;4;2;1
PA;04448;0103;0021;anexo;registro depois de 23h41 de 04/10;5118;5118;24/09/2026 10:35:35;04/10/2026 17:04:33;15;0;02147255;04/10/2026 17:04:28;04/10/2026 17:04:33;04/10/2026 07:21:40;4;2;1
PA;04499;0017;0030;anexo;registro depois de 23h41 de 04/10;5081;5081;22/09/2026 14:14:37;04/10/2026 17:17:35;23;0;02416052;04/10/2026 17:17:30;04/10/2026 17:17:35;04/10/2026 07:26:25;4;2;1
PA;04499;0017;0057;anexo;registro depois de 23h41 de 04/10;4443;4443;22/09/2026 11:59:03;04/10/2026 17:23:46;30;0;02471481;04/10/2026 17:23:41;04/10/2026 17:23:46;04/10/2026 07:43:35;4;2;1
PA;04499;0017;0058;anexo;registro depois de 23h41 de 04/10;4311;4311;22/09/2026 12:03:29;04/10/2026 17:27:03;13;0;02397506;04/10/2026 17:26:59;04/10/2026 17:27:03;04/10/2026 07:31:50;5;2;1
PA;04618;0026;0004;anexo;registro depois de 23h41 de 04/10;4333;4333;22/09/2026 08:30:20;04/10/2026 17:04:17;16;0;02423099;04/10/2026 17:04:12;04/10/2026 17:04:17;04/10/2026 07:12:07;4;2;1
PA;04618;0026;0005;anexo;registro depois de 23h41 de 04/10;5585;5585;22/09/2026 08:47:56;04/10/2026 17:37:21;24;0;02420080;04/10/2026 17:37:16;04/10/2026 17:37:21;04/10/2026 07:41:27;4;2;1
PA;04618;0026;0006;anexo;registro depois de 23h41 de 04/10;4499;4499;22/09/2026 08:54:18;04/10/2026 17:07:54;13;0;02330012;04/10/2026 17:07:49;04/10/2026 17:07:54;04/10/2026 07:32:32;4;2;1
PA;04618;0026;0007;anexo;registro depois de 23h41 de 04/10;149;0;;;0;0;;;;;0;0;0
PA;04618;0026;0008;anexo;registro depois de 23h41 de 04/10;6711;6711;22/09/2026 09:01:15;04/10/2026 17:59:57;18;0;02319667;04/10/2026 17:59:52;04/10/2026 17:59:57;04/10/2026 07:33:33;5;2;1
PA;04618;0026;0009;anexo;registro depois de 23h41 de 04/10;7460;7460;22/09/2026 09:05:37;04/10/2026 20:42:02;25;1;02419887;04/10/2026 20:41:57;04/10/2026 20:42:02;04/10/2026 07:38:20;4;4;1
PA;04618;0026;0011;anexo;registro depois de 23h41 de 04/10;3431;3431;22/09/2026 09:13:09;04/10/2026 17:06:15;21;0;02407131;04/10/2026 17:06:10;04/10/2026 17:06:15;04/10/2026 07:34:30;5;2;1
PA;04618;0026;0015;anexo;registro depois de 23h41 de 04/10;5948;5948;22/09/2026 09:26:55;04/10/2026 17:16:37;8;0;02417721;04/10/2026 17:16:32;04/10/2026 17:16:37;04/10/2026 07:11:41;5;2;1
PA;04618;0026;0037;anexo;registro depois de 23h41 de 04/10;5116;5116;22/09/2026 10:41:20;04/10/2026 17:04:03;27;0;02416474;04/10/2026 17:03:58;04/10/2026 17:04:03;04/10/2026 07:42:26;4;2;1
PA;04618;0026;0040;anexo;registro depois de 23h41 de 04/10;4712;4712;22/09/2026 10:52:48;04/10/2026 17:17:04;10;0;02364880;04/10/2026 17:16:59;04/10/2026 17:17:04;04/10/2026 07:46:01;4;2;1
PA;04618;0026;0047;anexo;registro depois de 23h41 de 04/10;6313;6313;22/09/2026 11:06:21;04/10/2026 18:02:03;24;0;02402820;04/10/2026 18:01:58;04/10/2026 18:02:03;04/10/2026 07:13:36;4;2;1
PA;04618;0026;0048;anexo;registro depois de 23h41 de 04/10;5044;5044;22/09/2026 11:10:30;04/10/2026 17:03:09;16;0;02416598;04/10/2026 17:03:04;04/10/2026 17:03:09;04/10/2026 07:21:08;4;2;1
PA;04618;0026;0049;anexo;registro depois de 23h41 de 04/10;3818;3818;22/09/2026 11:13:49;04/10/2026 17:04:09;5;0;02417738;04/10/2026 17:04:04;04/10/2026 17:04:09;04/10/2026 07:31:39;4;2;1
PA;04618;0026;0050;anexo;registro depois de 23h41 de 04/10;4776;4776;22/09/2026 11:16:04;04/10/2026 17:04:03;18;0;02325990;04/10/2026 17:03:58;04/10/2026 17:04:03;04/10/2026 07:49:23;4;2;1
PA;04618;0026;0051;anexo;registro depois de 23h41 de 04/10;3642;3642;22/09/2026 11:20:16;04/10/2026 17:05:53;9;0;02417117;04/10/2026 17:05:48;04/10/2026 17:05:53;04/10/2026 07:34:17;4;2;1
PA;04618;0026;0053;anexo;registro depois de 23h41 de 04/10;4696;4696;22/09/2026 11:26:13;04/10/2026 17:04:41;8;0;02422624;04/10/2026 17:04:36;04/10/2026 17:04:41;04/10/2026 07:38:47;4;2;1
PA;04618;0026;0054;anexo;registro depois de 23h41 de 04/10;4680;4680;22/09/2026 11:29:35;04/10/2026 17:08:17;19;0;02396913;04/10/2026 17:08:12;04/10/2026 17:08:17;04/10/2026 07:49:27;4;2;1
PA;04618;0026;0056;anexo;registro depois de 23h41 de 04/10;6258;6258;22/09/2026 12:14:09;04/10/2026 17:50:10;27;0;02291922;04/10/2026 17:50:05;04/10/2026 17:50:10;04/10/2026 07:23:45;4;2;1
PA;04618;0026;0064;anexo;registro depois de 23h41 de 04/10;3064;3064;22/09/2026 12:21:52;04/10/2026 17:16:20;19;0;02282842;04/10/2026 17:16:15;04/10/2026 17:16:20;04/10/2026 08:17:30;5;2;1
PA;04618;0026;0070;anexo;registro depois de 23h41 de 04/10;1569;1569;22/09/2026 12:56:00;04/10/2026 17:06:08;6;0;02415188;04/10/2026 17:06:04;04/10/2026 17:06:08;04/10/2026 07:25:42;4;2;1
PA;04618;0026;0072;anexo;registro depois de 23h41 de 04/10;5884;5884;27/09/2026 14:52:06;04/10/2026 18:12:06;4;0;02417521;04/10/2026 18:12:01;04/10/2026 18:12:06;04/10/2026 07:17:17;4;2;1
PA;04618;0026;0074;anexo;registro depois de 23h41 de 04/10;5738;5738;22/09/2026 13:05:01;04/10/2026 17:08:31;34;0;02419648;04/10/2026 17:08:26;04/10/2026 17:08:31;04/10/2026 07:15:18;4;2;1
PA;04618;0026;0077;anexo;registro depois de 23h41 de 04/10;5441;5441;22/09/2026 14:14:41;04/10/2026 18:48:26;17;0;02415414;04/10/2026 18:48:21;04/10/2026 18:48:26;04/10/2026 07:57:50;4;2;1
PA;04618;0026;0078;anexo;registro depois de 23h41 de 04/10;5211;5211;22/09/2026 14:17:59;04/10/2026 17:03:10;16;0;02419972;04/10/2026 17:03:05;04/10/2026 17:03:10;04/10/2026 07:45:18;4;2;1
PA;04618;0026;0079;anexo;registro depois de 23h41 de 04/10;5115;5115;27/09/2026 16:21:46;04/10/2026 17:17:07;30;0;02318625;04/10/2026 17:17:02;04/10/2026 17:17:07;04/10/2026 08:01:13;4;2;1
PA;04618;0026;0088;anexo;registro depois de 23h41 de 04/10;6373;6373;22/09/2026 15:01:38;04/10/2026 17:55:01;23;0;02436940;04/10/2026 17:54:56;04/10/2026 17:55:01;04/10/2026 08:01:41;4;2;1
PA;04618;0026;0090;anexo;registro depois de 23h41 de 04/10;5351;5351;22/09/2026 15:08:43;04/10/2026 17:06:56;18;0;02415957;04/10/2026 17:06:51;04/10/2026 17:06:56;04/10/2026 07:49:38;4;2;1
PA;04618;0026;0091;anexo;registro depois de 23h41 de 04/10;4590;4590;22/09/2026 15:50:20;04/10/2026 17:09:29;30;0;02419281;04/10/2026 17:09:24;04/10/2026 17:09:29;04/10/2026 07:44:12;4;2;1
PA;04618;0026;0096;anexo;registro depois de 23h41 de 04/10;5214;5214;22/09/2026 16:06:31;04/10/2026 17:09:00;14;0;02282709;04/10/2026 17:08:55;04/10/2026 17:09:00;04/10/2026 07:39:17;4;2;1
PA;04618;0026;0098;anexo;registro depois de 23h41 de 04/10;5210;5210;22/09/2026 16:12:41;04/10/2026 17:03:02;39;0;02417566;04/10/2026 17:02:57;04/10/2026 17:03:02;04/10/2026 07:43:09;4;2;1
PA;04618;0026;0099;anexo;registro depois de 23h41 de 04/10;4894;4894;22/09/2026 16:15:59;04/10/2026 17:09:42;9;0;02327350;04/10/2026 17:09:37;04/10/2026 17:09:42;04/10/2026 07:23:09;5;2;1
PA;04618;0026;0100;anexo;registro depois de 23h41 de 04/10;4692;4692;22/09/2026 16:21:29;04/10/2026 17:05:10;5;0;02285215;04/10/2026 17:05:05;04/10/2026 17:05:10;04/10/2026 07:48:14;4;2;1
PA;04618;0026;0101;anexo;registro depois de 23h41 de 04/10;5083;5083;22/09/2026 16:25:14;04/10/2026 17:11:02;27;0;02415192;04/10/2026 17:10:57;04/10/2026 17:11:02;04/10/2026 07:56:17;4;2;1
PA;04618;0026;0102;anexo;registro depois de 23h41 de 04/10;4995;4995;22/09/2026 16:27:35;04/10/2026 17:06:46;64;0;02419716;04/10/2026 17:06:41;04/10/2026 17:06:46;04/10/2026 07:55:48;4;2;1
PA;04618;0026;0103;anexo;registro depois de 23h41 de 04/10;4338;4338;22/09/2026 16:40:05;04/10/2026 17:33:38;23;0;02416587;04/10/2026 17:33:33;04/10/2026 17:33:38;04/10/2026 07:54:11;4;2;1
PA;04618;0026;0104;anexo;registro depois de 23h41 de 04/10;5610;5610;22/09/2026 16:43:19;04/10/2026 17:05:22;10;0;02422664;04/10/2026 17:05:18;04/10/2026 17:05:22;04/10/2026 07:11:08;4;2;1
PA;04618;0026;0105;anexo;registro depois de 23h41 de 04/10;5431;5431;22/09/2026 16:48:33;04/10/2026 17:07:17;17;0;02419413;04/10/2026 17:07:12;04/10/2026 17:07:17;04/10/2026 07:42:17;4;2;1
PA;04618;0026;0111;anexo;registro depois de 23h41 de 04/10;2076;2076;22/09/2026 17:30:39;04/10/2026 17:08:08;2;0;02418360;04/10/2026 17:08:04;04/10/2026 17:08:08;04/10/2026 07:31:43;5;2;1
PA;04618;0026;0114;anexo;registro depois de 23h41 de 04/10;1781;1781;22/09/2026 17:36:57;04/10/2026 17:04:56;8;0;02417127;04/10/2026 17:04:51;04/10/2026 17:04:56;04/10/2026 07:11:10;4;2;1
PA;04618;0026;0116;anexo;registro depois de 23h41 de 04/10;2007;2007;22/09/2026 17:44:54;04/10/2026 17:05:56;9;0;02417603;04/10/2026 17:05:51;04/10/2026 17:05:56;04/10/2026 07:56:21;5;3;1
PA;04774;0105;0025;anexo;registro depois de 23h41 de 04/10;5622;5622;22/09/2026 10:51:54;04/10/2026 17:06:14;22;0;01806565;04/10/2026 17:05:50;04/10/2026 17:06:14;04/10/2026 07:10:52;10;2;1
PA;04774;0105;0026;anexo;registro depois de 23h41 de 04/10;5015;5015;22/09/2026 10:55:11;04/10/2026 17:09:06;12;0;01796816;04/10/2026 17:08:40;04/10/2026 17:09:06;04/10/2026 07:22:50;4;2;1
PA;04774;0105;0027;anexo;registro depois de 23h41 de 04/10;6812;6812;22/09/2026 11:01:44;04/10/2026 19:28:40;38;0;01808181;04/10/2026 19:27:56;04/10/2026 19:28:40;04/10/2026 07:12:49;4;2;1
PA;04774;0105;0028;anexo;registro depois de 23h41 de 04/10;7099;7099;22/09/2026 11:03:06;04/10/2026 19:08:43;20;0;01805564;04/10/2026 19:08:02;04/10/2026 19:08:43;04/10/2026 07:44:43;5;2;1
PA;04774;0105;0029;anexo;registro depois de 23h41 de 04/10;7334;7334;22/09/2026 11:05:13;04/10/2026 19:00:26;28;0;01790640;04/10/2026 18:59:42;04/10/2026 19:00:26;04/10/2026 07:20:08;4;2;1
PA;04774;0105;0030;anexo;registro depois de 23h41 de 04/10;7415;7415;22/09/2026 11:09:09;04/10/2026 19:10:57;17;0;01807672;04/10/2026 19:10:08;04/10/2026 19:10:57;04/10/2026 08:02:53;4;2;1
PA;04774;0105;0031;anexo;registro depois de 23h41 de 04/10;7305;7305;22/09/2026 11:14:11;04/10/2026 20:00:46;26;0;01793026;04/10/2026 20:00:00;04/10/2026 20:00:46;04/10/2026 07:43:57;4;2;1
PA;04774;0105;0032;anexo;registro depois de 23h41 de 04/10;7862;7862;22/09/2026 11:16:51;04/10/2026 20:03:47;21;0;01797345;04/10/2026 20:02:58;04/10/2026 20:03:47;04/10/2026 07:51:53;4;2;1
PA;04774;0105;0033;anexo;registro depois de 23h41 de 04/10;6870;6870;22/09/2026 11:21:35;04/10/2026 18:50:32;12;0;01797734;04/10/2026 18:49:43;04/10/2026 18:50:32;04/10/2026 07:40:38;5;2;1
PA;04774;0105;0071;anexo;registro depois de 23h41 de 04/10;5501;5501;22/09/2026 08:37:09;04/10/2026 18:08:29;12;0;01842819;04/10/2026 18:07:53;04/10/2026 18:08:29;04/10/2026 07:29:15;4;2;1
PA;04774;0105;0072;anexo;registro depois de 23h41 de 04/10;6630;6630;22/09/2026 08:37:02;04/10/2026 18:47:21;22;0;01790778;04/10/2026 18:46:36;04/10/2026 18:47:21;04/10/2026 07:40:02;4;2;1
PA;04774;0105;0073;anexo;registro depois de 23h41 de 04/10;7041;7041;22/09/2026 08:37:25;04/10/2026 20:15:12;26;0;01796814;04/10/2026 20:14:36;04/10/2026 20:15:12;04/10/2026 07:55:34;4;2;1
PA;04774;0105;0078;anexo;registro depois de 23h41 de 04/10;405;0;;;0;0;;;;;0;0;0
PA;04774;0105;0081;anexo;registro depois de 23h41 de 04/10;3154;3154;22/09/2026 09:08:09;04/10/2026 17:09:08;53;0;01796730;04/10/2026 17:08:36;04/10/2026 17:09:08;04/10/2026 07:46:41;4;2;1
PA;04774;0105;0090;anexo;registro depois de 23h41 de 04/10;4341;4341;22/09/2026 09:35:23;04/10/2026 17:22:51;17;0;01806940;04/10/2026 17:22:20;04/10/2026 17:22:51;04/10/2026 07:33:15;5;2;1
PA;04774;0105;0092;anexo;registro depois de 23h41 de 04/10;1470;1470;22/09/2026 09:39:57;04/10/2026 17:06:32;4;0;01797147;04/10/2026 17:06:09;04/10/2026 17:06:32;04/10/2026 08:07:44;4;2;1
PA;04774;0105;0094;anexo;registro depois de 23h41 de 04/10;1870;1870;22/09/2026 09:44:29;04/10/2026 17:07:21;6;0;01806964;04/10/2026 17:07:00;04/10/2026 17:07:21;04/10/2026 07:39:00;6;2;1
PA;04774;0105;0107;anexo;registro depois de 23h41 de 04/10;3547;3547;22/09/2026 11:15:28;04/10/2026 17:09:05;6;0;01797967;04/10/2026 17:08:43;04/10/2026 17:09:05;04/10/2026 08:23:52;5;2;1
PA;04774;0105;0108;anexo;registro depois de 23h41 de 04/10;3559;3559;22/09/2026 11:15:37;04/10/2026 17:28:26;40;0;01790883;04/10/2026 17:27:58;04/10/2026 17:28:26;04/10/2026 07:35:02;5;2;1
PA;04774;0105;0126;anexo;registro depois de 23h41 de 04/10;3956;3956;22/09/2026 13:49:58;04/10/2026 17:33:45;8;0;01797781;04/10/2026 17:33:13;04/10/2026 17:33:45;04/10/2026 07:47:45;4;2;1
PA;04774;0105;0127;anexo;registro depois de 23h41 de 04/10;7309;7309;22/09/2026 13:49:32;04/10/2026 19:34:05;43;0;01790571;04/10/2026 19:33:32;04/10/2026 19:34:05;04/10/2026 07:46:40;5;2;1
PA;04774;0105;0132;anexo;registro depois de 23h41 de 04/10;2656;2656;22/09/2026 14:11:28;04/10/2026 17:05:11;9;0;01808169;04/10/2026 17:04:49;04/10/2026 17:05:11;04/10/2026 08:11:13;4;2;1
PA;04774;0105;0133;anexo;registro depois de 23h41 de 04/10;2893;2893;22/09/2026 14:13:02;04/10/2026 17:07:32;20;0;01809950;04/10/2026 17:06:58;04/10/2026 17:07:32;04/10/2026 08:08:00;4;2;1
PA;04855;0031;0087;anexo;registro depois de 23h41 de 04/10;1968;0;;;0;0;;;;;0;0;0
PA;04936;0037;0023;anexo;registro depois de 23h41 de 04/10;5890;5890;24/09/2026 10:18:18;04/10/2026 17:47:58;26;0;02182977;04/10/2026 17:47:53;04/10/2026 17:47:58;04/10/2026 07:32:35;4;2;1
PA;04936;0037;0038;anexo;registro depois de 23h41 de 04/10;6319;6319;24/09/2026 11:19:19;04/10/2026 19:09:04;15;0;02181026;04/10/2026 19:08:59;04/10/2026 19:09:04;04/10/2026 07:49:51;4;2;1
PA;04936;0037;0066;anexo;registro depois de 23h41 de 04/10;5768;5768;24/09/2026 14:04:21;04/10/2026 17:32:04;11;0;02169737;04/10/2026 17:31:59;04/10/2026 17:32:04;04/10/2026 07:37:04;4;2;1
PA;04936;0037;0137;anexo;registro depois de 23h41 de 04/10;5851;5851;24/09/2026 09:24:42;04/10/2026 18:14:11;11;0;02147927;04/10/2026 18:14:06;04/10/2026 18:14:11;04/10/2026 07:20:54;4;2;1
PA;04936;0037;0157;anexo;registro depois de 23h41 de 04/10;7028;7028;24/09/2026 11:16:15;04/10/2026 19:33:35;27;0;02187386;04/10/2026 19:33:30;04/10/2026 19:33:35;04/10/2026 07:21:26;4;2;1
PA;04936;0037;0158;anexo;registro depois de 23h41 de 04/10;7479;7479;24/09/2026 11:38:11;04/10/2026 19:16:14;59;0;02169354;04/10/2026 19:16:09;04/10/2026 19:16:14;04/10/2026 07:29:04;4;2;1
PA;04936;0037;0161;anexo;registro depois de 23h41 de 04/10;6961;6961;24/09/2026 11:42:13;04/10/2026 18:31:45;30;0;02187170;04/10/2026 18:31:40;04/10/2026 18:31:45;04/10/2026 07:39:35;4;2;1
PA;04936;0037;0173;anexo;registro depois de 23h41 de 04/10;5539;5539;24/09/2026 13:28:23;04/10/2026 17:09:38;5;0;02192664;04/10/2026 17:09:33;04/10/2026 17:09:38;04/10/2026 07:35:07;4;2;1
PA;04936;0037;0236;anexo;registro depois de 23h41 de 04/10;6014;6014;24/09/2026 16:06:06;04/10/2026 17:34:45;22;0;02199074;04/10/2026 17:34:40;04/10/2026 17:34:45;04/10/2026 07:31:49;4;2;1
PA;04936;0037;0308;anexo;registro depois de 23h41 de 04/10;5718;5718;24/09/2026 16:09:45;04/10/2026 17:08:11;7;0;02164316;04/10/2026 17:08:06;04/10/2026 17:08:11;04/10/2026 07:16:30;4;2;1
PA;05037;0045;0002;anexo;registro depois de 23h41 de 04/10;6692;6692;23/09/2026 09:28:02;04/10/2026 17:33:00;20;0;02187936;04/10/2026 17:32:55;04/10/2026 17:33:00;04/10/2026 07:36:58;4;2;1
PA;05037;0045;0003;anexo;registro depois de 23h41 de 04/10;7180;7180;23/09/2026 09:32:58;04/10/2026 18:42:59;6;0;02165774;04/10/2026 18:42:54;04/10/2026 18:42:59;04/10/2026 07:31:01;4;2;1
PA;05037;0045;0004;anexo;registro depois de 23h41 de 04/10;6730;6730;23/09/2026 09:35:59;04/10/2026 18:33:18;18;0;02199363;04/10/2026 18:33:13;04/10/2026 18:33:18;04/10/2026 07:42:44;4;2;1
PA;05037;0045;0005;anexo;registro depois de 23h41 de 04/10;6443;6443;23/09/2026 09:39:59;04/10/2026 18:56:01;20;0;02157088;04/10/2026 18:55:56;04/10/2026 18:56:01;04/10/2026 07:47:40;4;2;1
PA;05037;0045;0006;anexo;registro depois de 23h41 de 04/10;7100;7100;23/09/2026 09:43:54;04/10/2026 19:04:06;36;0;02186746;04/10/2026 19:04:01;04/10/2026 19:04:06;04/10/2026 07:47:49;4;2;1
PA;05037;0045;0007;anexo;registro depois de 23h41 de 04/10;6872;6872;23/09/2026 09:47:13;04/10/2026 18:44:51;13;0;02199332;04/10/2026 18:44:46;04/10/2026 18:44:51;04/10/2026 07:26:41;5;2;1
PA;05037;0045;0010;anexo;registro depois de 23h41 de 04/10;6075;6075;23/09/2026 09:58:28;04/10/2026 18:09:15;26;0;02182846;04/10/2026 18:09:10;04/10/2026 18:09:15;04/10/2026 07:31:56;4;2;1
PA;05037;0045;0015;anexo;registro depois de 23h41 de 04/10;4981;4981;23/09/2026 10:14:48;04/10/2026 17:38:48;16;0;02202376;04/10/2026 17:38:43;04/10/2026 17:38:48;04/10/2026 07:23:51;4;2;1
PA;05037;0045;0016;anexo;registro depois de 23h41 de 04/10;5691;5691;23/09/2026 10:18:27;04/10/2026 18:36:13;26;0;02182805;04/10/2026 18:36:08;04/10/2026 18:36:13;04/10/2026 07:57:25;4;2;1
PA;05037;0045;0017;anexo;registro depois de 23h41 de 04/10;5330;5330;23/09/2026 10:22:21;04/10/2026 17:25:56;17;0;02181452;04/10/2026 17:25:51;04/10/2026 17:25:56;04/10/2026 07:38:43;5;2;1
PA;05037;0045;0018;anexo;registro depois de 23h41 de 04/10;6227;6227;23/09/2026 10:26:15;04/10/2026 17:31:43;9;0;02183042;04/10/2026 17:31:38;04/10/2026 17:31:43;04/10/2026 07:36:37;4;2;1
PA;05037;0045;0020;anexo;registro depois de 23h41 de 04/10;5802;5802;23/09/2026 10:33:04;04/10/2026 17:47:48;27;0;02166785;04/10/2026 17:47:43;04/10/2026 17:47:48;04/10/2026 07:20:02;5;2;1
PA;05037;0045;0021;anexo;registro depois de 23h41 de 04/10;5987;5987;23/09/2026 10:38:25;04/10/2026 18:24:29;6;0;02149277;04/10/2026 18:24:24;04/10/2026 18:24:29;04/10/2026 07:51:11;4;2;1
PA;05037;0045;0022;anexo;registro depois de 23h41 de 04/10;6414;6414;23/09/2026 10:41:13;04/10/2026 19:10:25;22;0;02187953;04/10/2026 19:10:20;04/10/2026 19:10:25;04/10/2026 07:24:31;4;2;1
PA;05037;0045;0023;anexo;registro depois de 23h41 de 04/10;5527;5527;23/09/2026 10:45:17;04/10/2026 17:05:12;16;0;02192408;04/10/2026 17:05:07;04/10/2026 17:05:12;04/10/2026 07:28:16;5;2;1
PA;05037;0045;0028;anexo;registro depois de 23h41 de 04/10;6530;6530;23/09/2026 11:01:11;04/10/2026 19:05:12;60;0;02149641;04/10/2026 19:05:07;04/10/2026 19:05:12;04/10/2026 07:34:01;4;2;1
PA;05037;0045;0031;anexo;registro depois de 23h41 de 04/10;4883;4883;23/09/2026 09:31:45;04/10/2026 17:11:05;29;0;02169500;04/10/2026 17:11:00;04/10/2026 17:11:05;04/10/2026 07:31:06;5;2;1
PA;05037;0045;0033;anexo;registro depois de 23h41 de 04/10;6702;6702;23/09/2026 09:41:16;04/10/2026 17:44:48;20;0;02183678;04/10/2026 17:44:43;04/10/2026 17:44:48;04/10/2026 07:51:10;7;3;2
PA;05037;0045;0034;anexo;registro depois de 23h41 de 04/10;6802;6802;23/09/2026 09:46:47;04/10/2026 18:43:02;34;0;02182942;04/10/2026 18:42:57;04/10/2026 18:43:02;04/10/2026 08:00:43;4;2;1
PA;05037;0045;0037;anexo;registro depois de 23h41 de 04/10;6707;6707;23/09/2026 09:56:31;04/10/2026 18:10:23;15;0;02187335;04/10/2026 18:10:18;04/10/2026 18:10:23;04/10/2026 07:37:02;4;2;1
PA;05037;0045;0038;anexo;registro depois de 23h41 de 04/10;5187;5187;23/09/2026 10:02:43;04/10/2026 17:17:21;5;0;02157536;04/10/2026 17:17:16;04/10/2026 17:17:21;04/10/2026 07:31:47;4;2;1
PA;05037;0045;0040;anexo;registro depois de 23h41 de 04/10;6163;6163;23/09/2026 10:09:18;04/10/2026 18:52:17;17;0;02187288;04/10/2026 18:52:12;04/10/2026 18:52:17;04/10/2026 07:50:32;4;2;1
PA;05037;0045;0042;anexo;registro depois de 23h41 de 04/10;6341;6341;23/09/2026 10:17:03;04/10/2026 19:07:47;26;0;02156055;04/10/2026 19:07:42;04/10/2026 19:07:47;04/10/2026 07:36:47;4;2;1
PA;05037;0045;0043;anexo;registro depois de 23h41 de 04/10;5313;5313;23/09/2026 10:22:01;04/10/2026 17:19:05;9;1;02180717;04/10/2026 17:19:00;04/10/2026 17:19:05;04/10/2026 07:55:08;4;2;1
PA;05037;0045;0045;anexo;registro depois de 23h41 de 04/10;6668;6668;23/09/2026 10:29:14;04/10/2026 18:28:03;13;1;02186593;04/10/2026 18:27:58;04/10/2026 18:28:03;04/10/2026 07:13:53;4;4;1
PA;05037;0045;0047;anexo;registro depois de 23h41 de 04/10;4610;4610;23/09/2026 10:37:53;04/10/2026 17:14:57;21;0;02024408;04/10/2026 17:14:52;04/10/2026 17:14:57;04/10/2026 08:16:55;4;2;1
PA;05037;0045;0048;anexo;registro depois de 23h41 de 04/10;6933;6933;23/09/2026 14:58:20;04/10/2026 19:43:47;51;0;02193527;04/10/2026 19:43:42;04/10/2026 19:43:47;04/10/2026 07:33:12;4;2;1
PA;05037;0045;0049;anexo;registro depois de 23h41 de 04/10;7065;7065;23/09/2026 15:02:10;04/10/2026 18:47:26;14;0;02180702;04/10/2026 18:47:21;04/10/2026 18:47:26;04/10/2026 07:27:56;4;2;1
PA;05037;0045;0050;anexo;registro depois de 23h41 de 04/10;5422;5422;23/09/2026 15:06:41;04/10/2026 17:08:12;21;0;02169156;04/10/2026 17:08:07;04/10/2026 17:08:12;04/10/2026 07:52:28;4;2;1
PA;05037;0045;0053;anexo;registro depois de 23h41 de 04/10;6378;6378;23/09/2026 09:32:19;04/10/2026 17:10:34;41;0;02186651;04/10/2026 17:10:29;04/10/2026 17:10:34;04/10/2026 07:25:17;4;2;1
PA;05037;0045;0054;anexo;registro depois de 23h41 de 04/10;6902;6902;23/09/2026 09:36:11;04/10/2026 18:35:55;39;1;02199207;04/10/2026 18:35:50;04/10/2026 18:35:55;04/10/2026 07:27:39;4;4;1
PA;05037;0045;0056;anexo;registro depois de 23h41 de 04/10;4867;4867;23/09/2026 09:43:50;04/10/2026 17:05:33;16;0;02171817;04/10/2026 17:05:28;04/10/2026 17:05:33;04/10/2026 07:36:53;5;2;1
PA;05037;0045;0057;anexo;registro depois de 23h41 de 04/10;4799;4799;23/09/2026 09:48:21;04/10/2026 17:05:00;41;0;02183658;04/10/2026 17:04:55;04/10/2026 17:05:00;04/10/2026 07:44:02;4;2;1
PA;05037;0045;0058;anexo;registro depois de 23h41 de 04/10;6255;6255;23/09/2026 09:53:20;04/10/2026 17:06:26;16;0;02165989;04/10/2026 17:06:21;04/10/2026 17:06:26;04/10/2026 07:33:30;5;2;1
PA;05037;0045;0059;anexo;registro depois de 23h41 de 04/10;6243;6243;23/09/2026 09:57:28;04/10/2026 19:42:03;12;0;02170222;04/10/2026 19:41:58;04/10/2026 19:42:03;04/10/2026 07:40:04;5;2;1
PA;05037;0045;0060;anexo;registro depois de 23h41 de 04/10;5952;5952;23/09/2026 15:02:59;04/10/2026 17:43:15;26;0;02149033;04/10/2026 17:43:10;04/10/2026 17:43:15;04/10/2026 07:50:06;4;2;1
PA;05037;0045;0061;anexo;registro depois de 23h41 de 04/10;6190;6190;23/09/2026 10:05:12;04/10/2026 17:48:09;20;0;02200422;04/10/2026 17:48:04;04/10/2026 17:48:09;04/10/2026 07:26:31;4;2;1
PA;05037;0045;0063;anexo;registro depois de 23h41 de 04/10;6036;6036;23/09/2026 10:13:58;04/10/2026 17:26:22;8;0;02180716;04/10/2026 17:26:17;04/10/2026 17:26:22;04/10/2026 08:10:48;4;2;1
PA;05037;0045;0064;anexo;registro depois de 23h41 de 04/10;6537;6537;23/09/2026 15:07:44;04/10/2026 19:01:31;26;0;02182976;04/10/2026 19:01:26;04/10/2026 19:01:31;04/10/2026 07:48:43;4;2;1
PA;05037;0045;0066;anexo;registro depois de 23h41 de 04/10;5576;5576;23/09/2026 09:43:42;04/10/2026 17:05:44;15;0;02170047;04/10/2026 17:05:39;04/10/2026 17:05:44;04/10/2026 07:38:57;4;2;1
PA;05037;0045;0067;anexo;registro depois de 23h41 de 04/10;6704;6704;23/09/2026 09:48:24;04/10/2026 18:48:30;21;0;02156128;04/10/2026 18:48:25;04/10/2026 18:48:30;04/10/2026 07:29:52;4;2;1
PA;05037;0045;0068;anexo;registro depois de 23h41 de 04/10;3406;3406;23/09/2026 09:52:08;04/10/2026 17:13:05;15;0;02167108;04/10/2026 17:13:00;04/10/2026 17:13:05;04/10/2026 08:02:24;4;2;1
PA;05037;0045;0071;anexo;registro depois de 23h41 de 04/10;5938;5938;23/09/2026 09:58:52;04/10/2026 17:19:13;21;0;02185425;04/10/2026 17:19:08;04/10/2026 17:19:13;04/10/2026 07:55:05;4;2;1
PA;05037;0045;0072;anexo;registro depois de 23h41 de 04/10;6248;6248;23/09/2026 10:03:55;04/10/2026 18:02:38;16;0;02193262;04/10/2026 18:02:34;04/10/2026 18:02:38;04/10/2026 07:58:27;5;2;1
PA;05037;0045;0073;anexo;registro depois de 23h41 de 04/10;5336;5336;23/09/2026 10:06:03;04/10/2026 17:05:06;19;3;02188916;04/10/2026 17:05:01;04/10/2026 17:05:06;04/10/2026 07:23:14;6;2;5
PA;05037;0045;0074;anexo;registro depois de 23h41 de 04/10;6371;6371;23/09/2026 10:09:21;04/10/2026 18:02:17;18;0;02157463;04/10/2026 18:02:12;04/10/2026 18:02:17;04/10/2026 07:30:45;4;2;1
PA;05037;0045;0077;anexo;registro depois de 23h41 de 04/10;86;0;;;0;0;;;;;0;0;0
PA;05037;0045;0080;anexo;registro depois de 23h41 de 04/10;61;0;;;0;0;;;;;0;0;0
PA;05037;0045;0082;anexo;registro depois de 23h41 de 04/10;5292;5292;23/09/2026 15:10:52;04/10/2026 17:07:53;12;0;02188818;04/10/2026 17:07:48;04/10/2026 17:07:53;04/10/2026 07:36:11;4;2;1
PA;05037;0045;0083;anexo;registro depois de 23h41 de 04/10;5891;5891;23/09/2026 15:15:28;04/10/2026 18:44:59;14;0;02202367;04/10/2026 18:44:55;04/10/2026 18:44:59;04/10/2026 07:33:38;4;2;1
PA;05037;0045;0085;anexo;registro depois de 23h41 de 04/10;3756;3756;23/09/2026 15:25:51;04/10/2026 17:07:01;5;0;02186835;04/10/2026 17:06:56;04/10/2026 17:07:01;04/10/2026 08:02:11;4;2;1
PA;05037;0045;0086;anexo;registro depois de 23h41 de 04/10;6668;6668;23/09/2026 15:29:25;04/10/2026 18:16:25;11;1;02183252;04/10/2026 18:16:20;04/10/2026 18:16:25;04/10/2026 07:51:20;5;2;1
PA;05037;0045;0087;anexo;registro depois de 23h41 de 04/10;5848;5848;23/09/2026 15:33:58;04/10/2026 17:03:36;11;0;02169387;04/10/2026 17:03:31;04/10/2026 17:03:36;04/10/2026 07:45:42;4;2;1
PA;05037;0045;0088;anexo;registro depois de 23h41 de 04/10;3780;3780;23/09/2026 15:38:30;04/10/2026 17:11:50;37;0;02149494;04/10/2026 17:11:45;04/10/2026 17:11:50;04/10/2026 07:20:14;4;2;1
PA;05037;0045;0089;anexo;registro depois de 23h41 de 04/10;3640;3640;23/09/2026 15:40:27;04/10/2026 17:09:15;13;0;02181002;04/10/2026 17:09:10;04/10/2026 17:09:15;04/10/2026 07:48:12;4;2;1
PA;05037;0045;0090;anexo;registro depois de 23h41 de 04/10;6650;6650;23/09/2026 15:14:53;04/10/2026 18:31:36;11;0;02187951;04/10/2026 18:31:31;04/10/2026 18:31:36;04/10/2026 07:33:37;4;2;1
PA;05037;0045;0091;anexo;registro depois de 23h41 de 04/10;6338;6338;23/09/2026 15:18:48;04/10/2026 18:01:55;25;0;02183766;04/10/2026 18:01:50;04/10/2026 18:01:55;04/10/2026 07:53:48;4;2;1
PA;05037;0045;0092;anexo;registro depois de 23h41 de 04/10;2415;2415;23/09/2026 15:22:47;04/10/2026 17:06:59;3;0;02144520;04/10/2026 17:06:55;04/10/2026 17:06:59;04/10/2026 08:05:35;4;2;1
PA;05037;0045;0093;anexo;registro depois de 23h41 de 04/10;2562;2562;23/09/2026 15:26:31;04/10/2026 17:10:50;5;0;02191891;04/10/2026 17:10:45;04/10/2026 17:10:50;04/10/2026 07:29:02;4;2;1
PA;05037;0045;0094;anexo;registro depois de 23h41 de 04/10;3612;3612;23/09/2026 15:30:59;04/10/2026 17:08:07;14;0;02182106;04/10/2026 17:08:02;04/10/2026 17:08:07;04/10/2026 07:42:59;4;2;1
PA;05037;0045;0095;anexo;registro depois de 23h41 de 04/10;2279;2279;23/09/2026 15:37:18;04/10/2026 17:06:13;10;0;02200455;04/10/2026 17:06:09;04/10/2026 17:06:13;04/10/2026 07:57:27;4;2;1
PA;05193;0092;0044;anexo;registro depois de 23h41 de 04/10;4895;4895;23/09/2026 09:13:47;04/10/2026 17:18:47;94;0;02432253;04/10/2026 17:18:42;04/10/2026 17:18:47;04/10/2026 07:45:46;4;2;1
PA;05193;0092;0102;anexo;registro depois de 23h41 de 04/10;2896;2896;23/09/2026 09:30:25;04/10/2026 17:07:54;11;0;02419473;04/10/2026 17:07:49;04/10/2026 17:07:54;04/10/2026 08:00:36;4;2;1
PA;05215;0033;0155;anexo;registro depois de 23h41 de 04/10;6491;6491;24/09/2026 09:42:21;04/10/2026 19:01:12;25;0;02387771;04/10/2026 19:01:07;04/10/2026 19:01:12;04/10/2026 07:31:26;5;2;1
PE;23574;0015;0014;anexo;registro depois de 23h41 de 04/10;6492;6492;21/09/2026 11:57:39;04/10/2026 17:23:36;21;0;02192263;04/10/2026 17:23:31;04/10/2026 17:23:36;04/10/2026 07:46:39;4;2;1
PE;23574;0015;0015;anexo;registro depois de 23h41 de 04/10;6747;6747;21/09/2026 12:00:21;04/10/2026 17:21:18;28;0;02194078;04/10/2026 17:21:13;04/10/2026 17:21:18;04/10/2026 07:26:49;4;2;1
PE;23574;0015;0022;anexo;registro depois de 23h41 de 04/10;7386;7386;21/09/2026 10:08:22;04/10/2026 18:11:13;28;0;02170337;04/10/2026 18:11:08;04/10/2026 18:11:13;04/10/2026 07:39:54;4;2;1
PE;23574;0015;0027;anexo;registro depois de 23h41 de 04/10;7304;7304;21/09/2026 11:51:53;04/10/2026 17:58:19;25;0;02046804;04/10/2026 17:58:14;04/10/2026 17:58:19;04/10/2026 07:48:09;4;2;1
PE;23574;0015;0028;anexo;registro depois de 23h41 de 04/10;7566;7566;21/09/2026 11:58:27;04/10/2026 18:42:15;26;0;02193697;04/10/2026 18:42:10;04/10/2026 18:42:15;04/10/2026 07:45:47;4;2;1
PE;23574;0015;0030;anexo;registro depois de 23h41 de 04/10;7336;7336;21/09/2026 12:30:32;04/10/2026 17:15:04;20;0;02193866;04/10/2026 17:14:59;04/10/2026 17:15:04;04/10/2026 07:25:52;4;2;1
PE;23574;0015;0042;anexo;registro depois de 23h41 de 04/10;6984;6984;21/09/2026 11:48:17;04/10/2026 17:25:57;18;0;02194331;04/10/2026 17:25:52;04/10/2026 17:25:57;04/10/2026 07:19:58;4;2;1
PE;23574;0015;0043;anexo;registro depois de 23h41 de 04/10;7396;7396;21/09/2026 12:01:55;04/10/2026 18:09:39;34;0;02171508;04/10/2026 18:09:34;04/10/2026 18:09:39;04/10/2026 07:40:52;4;2;1
PE;23574;0015;0044;anexo;registro depois de 23h41 de 04/10;7166;7166;21/09/2026 12:13:07;04/10/2026 17:31:46;9;0;02045672;04/10/2026 17:31:41;04/10/2026 17:31:46;04/10/2026 07:45:19;4;2;1
PE;23574;0015;0045;anexo;registro depois de 23h41 de 04/10;7343;7343;21/09/2026 12:26:02;04/10/2026 18:08:27;44;0;02166763;04/10/2026 18:08:22;04/10/2026 18:08:27;04/10/2026 07:55:59;4;2;1
PE;23574;0015;0059;anexo;registro depois de 23h41 de 04/10;6773;6773;21/09/2026 12:38:47;04/10/2026 17:05:33;27;0;02160415;04/10/2026 17:05:28;04/10/2026 17:05:33;04/10/2026 07:46:41;5;2;1
PE;23574;0015;0060;anexo;registro depois de 23h41 de 04/10;7127;7127;21/09/2026 12:40:57;04/10/2026 17:48:29;27;0;02162335;04/10/2026 17:48:24;04/10/2026 17:48:29;04/10/2026 07:37:45;5;2;1
PE;23574;0015;0061;anexo;registro depois de 23h41 de 04/10;6923;6923;21/09/2026 09:13:55;04/10/2026 17:24:49;21;0;02170884;04/10/2026 17:24:44;04/10/2026 17:24:49;04/10/2026 07:44:34;5;2;1
PE;23574;0015;0062;anexo;registro depois de 23h41 de 04/10;6617;6617;21/09/2026 09:19:19;04/10/2026 17:12:18;24;0;02171015;04/10/2026 17:12:13;04/10/2026 17:12:18;04/10/2026 07:41:14;5;2;1
PE;23574;0015;0063;anexo;registro depois de 23h41 de 04/10;6829;6829;21/09/2026 09:48:28;04/10/2026 17:09:24;9;0;02194765;04/10/2026 17:09:19;04/10/2026 17:09:24;04/10/2026 07:44:35;7;3;1
PE;23574;0015;0064;anexo;registro depois de 23h41 de 04/10;6840;6840;21/09/2026 09:50:58;04/10/2026 17:08:10;39;0;02185491;04/10/2026 17:08:05;04/10/2026 17:08:10;04/10/2026 07:44:32;5;2;1
PE;23574;0015;0069;anexo;registro depois de 23h41 de 04/10;7105;7105;21/09/2026 10:56:14;04/10/2026 18:26:34;34;0;02171858;04/10/2026 18:26:29;04/10/2026 18:26:34;04/10/2026 07:57:35;4;2;1
PE;23574;0015;0070;anexo;registro depois de 23h41 de 04/10;6865;6865;21/09/2026 11:05:12;04/10/2026 18:26:25;43;0;02046832;04/10/2026 18:26:20;04/10/2026 18:26:25;04/10/2026 07:51:57;4;2;1
PE;23574;0015;0071;anexo;registro depois de 23h41 de 04/10;7373;7373;21/09/2026 11:18:20;04/10/2026 18:23:17;28;0;02043668;04/10/2026 18:23:12;04/10/2026 18:23:17;04/10/2026 07:46:29;4;2;1
PE;23574;0015;0073;anexo;registro depois de 23h41 de 04/10;6794;6794;21/09/2026 11:36:25;04/10/2026 18:24:14;17;0;02184105;04/10/2026 18:24:09;04/10/2026 18:24:14;04/10/2026 07:48:47;4;2;1
PE;23574;0015;0074;anexo;registro depois de 23h41 de 04/10;6740;6740;21/09/2026 11:51:17;04/10/2026 18:23:10;17;0;02222291;04/10/2026 18:23:05;04/10/2026 18:23:10;04/10/2026 07:50:07;4;2;1
PE;23574;0015;0075;anexo;registro depois de 23h41 de 04/10;268;0;;;0;0;;;;;0;0;0
PE;23574;0015;0077;anexo;registro depois de 23h41 de 04/10;7207;7207;21/09/2026 11:04:16;04/10/2026 17:27:34;35;0;02173655;04/10/2026 17:27:29;04/10/2026 17:27:34;04/10/2026 07:47:37;4;2;1
PE;23574;0015;0078;anexo;registro depois de 23h41 de 04/10;7586;7586;21/09/2026 11:09:59;04/10/2026 18:07:59;37;0;02182075;04/10/2026 18:07:54;04/10/2026 18:07:59;04/10/2026 07:27:27;4;2;1
PE;23574;0015;0079;anexo;registro depois de 23h41 de 04/10;6932;6932;21/09/2026 11:32:39;04/10/2026 17:32:41;22;0;02045687;04/10/2026 17:32:36;04/10/2026 17:32:41;04/10/2026 07:34:26;5;2;1
PE;23574;0015;0087;anexo;registro depois de 23h41 de 04/10;7606;7606;21/09/2026 12:30:10;04/10/2026 17:44:30;41;0;02161493;04/10/2026 17:44:25;04/10/2026 17:44:30;04/10/2026 07:27:27;4;2;1
PE;23574;0015;0088;anexo;registro depois de 23h41 de 04/10;7687;7687;21/09/2026 12:35:58;04/10/2026 18:22:59;45;0;02173412;04/10/2026 18:22:53;04/10/2026 18:22:59;04/10/2026 07:48:11;4;2;1
PE;23574;0015;0100;anexo;registro depois de 23h41 de 04/10;7574;7574;21/09/2026 12:48:15;04/10/2026 17:33:34;14;0;02172581;04/10/2026 17:33:29;04/10/2026 17:33:34;04/10/2026 07:11:57;4;2;1
PE;23574;0015;0103;anexo;registro depois de 23h41 de 04/10;7618;7618;21/09/2026 09:18:15;04/10/2026 17:34:13;21;4;02170895;04/10/2026 17:34:08;04/10/2026 17:34:13;04/10/2026 07:38:10;8;3;1
PE;23574;0015;0105;anexo;registro depois de 23h41 de 04/10;7535;7535;21/09/2026 10:12:11;04/10/2026 17:45:23;26;0;02171899;04/10/2026 17:45:18;04/10/2026 17:45:23;04/10/2026 07:57:37;4;2;1
PE;23574;0015;0122;anexo;registro depois de 23h41 de 04/10;7282;7282;21/09/2026 10:22:48;04/10/2026 17:15:18;23;0;02160357;04/10/2026 17:15:13;04/10/2026 17:15:18;04/10/2026 07:39:06;5;2;1
PE;23574;0015;0123;anexo;registro depois de 23h41 de 04/10;7401;7401;21/09/2026 10:32:54;04/10/2026 17:16:19;22;0;02160512;04/10/2026 17:16:14;04/10/2026 17:16:19;04/10/2026 07:32:08;4;2;1
PE;23574;0015;0125;anexo;registro depois de 23h41 de 04/10;6760;6760;21/09/2026 10:48:45;04/10/2026 17:08:50;22;0;02183162;04/10/2026 17:08:45;04/10/2026 17:08:50;04/10/2026 07:42:21;5;2;1
PE;23574;0015;0135;anexo;registro depois de 23h41 de 04/10;7642;7642;21/09/2026 10:36:58;04/10/2026 17:54:50;21;0;02221896;04/10/2026 17:54:45;04/10/2026 17:54:50;04/10/2026 07:31:56;4;2;1
PE;23574;0015;0140;anexo;registro depois de 23h41 de 04/10;6874;6874;21/09/2026 11:53:50;04/10/2026 17:07:20;24;0;02170862;04/10/2026 17:07:15;04/10/2026 17:07:20;04/10/2026 07:47:43;7;2;1
PE;23574;0015;0151;anexo;registro depois de 23h41 de 04/10;7811;7811;21/09/2026 10:34:26;04/10/2026 18:18:58;16;0;02193132;04/10/2026 18:18:53;04/10/2026 18:18:58;04/10/2026 07:35:50;4;2;1
PE;23574;0015;0154;anexo;registro depois de 23h41 de 04/10;6328;6328;21/09/2026 11:11:15;04/10/2026 17:07:55;43;0;02179551;04/10/2026 17:07:50;04/10/2026 17:07:55;04/10/2026 07:37:46;4;2;1
PE;23574;0015;0160;anexo;registro depois de 23h41 de 04/10;7264;7264;21/09/2026 09:24:39;04/10/2026 17:53:29;15;0;02044171;04/10/2026 17:53:24;04/10/2026 17:53:29;04/10/2026 07:53:35;5;3;1
PE;23574;0015;0164;anexo;registro depois de 23h41 de 04/10;7293;7293;21/09/2026 10:26:43;04/10/2026 17:35:17;24;0;02194637;04/10/2026 17:35:12;04/10/2026 17:35:17;04/10/2026 07:43:51;4;2;1
PE;23574;0015;0174;anexo;registro depois de 23h41 de 04/10;6645;6645;21/09/2026 09:19:21;04/10/2026 17:06:16;31;0;02222510;04/10/2026 17:06:11;04/10/2026 17:06:16;04/10/2026 07:37:12;6;3;1
PE;23574;0015;0176;anexo;registro depois de 23h41 de 04/10;7060;7060;21/09/2026 09:49:19;04/10/2026 17:22:28;14;0;02015529;04/10/2026 17:22:23;04/10/2026 17:22:28;04/10/2026 07:31:51;4;2;1
PE;23574;0015;0181;anexo;registro depois de 23h41 de 04/10;5386;5386;21/09/2026 10:23:50;04/10/2026 17:05:15;27;0;02160748;04/10/2026 17:05:10;04/10/2026 17:05:15;04/10/2026 08:03:19;4;2;1
PE;23574;0015;0186;anexo;registro depois de 23h41 de 04/10;6107;6107;21/09/2026 11:04:13;04/10/2026 17:06:31;33;0;02043645;04/10/2026 17:06:26;04/10/2026 17:06:31;04/10/2026 07:59:51;4;2;1
PE;23574;0015;0188;anexo;registro depois de 23h41 de 04/10;6179;6179;21/09/2026 09:47:43;04/10/2026 17:04:29;24;0;02172964;04/10/2026 17:04:24;04/10/2026 17:04:29;04/10/2026 07:51:06;4;2;1
PE;23574;0015;0189;anexo;registro depois de 23h41 de 04/10;6531;6531;21/09/2026 10:13:52;04/10/2026 17:06:32;23;0;02173176;04/10/2026 17:06:27;04/10/2026 17:06:32;04/10/2026 07:42:42;6;2;1
PE;23574;0015;0191;anexo;registro depois de 23h41 de 04/10;6552;6552;21/09/2026 10:47:39;04/10/2026 17:09:55;22;0;02169793;04/10/2026 17:09:50;04/10/2026 17:09:55;04/10/2026 07:59:09;6;2;1
PE;23574;0015;0199;anexo;registro depois de 23h41 de 04/10;6605;6605;21/09/2026 12:24:25;04/10/2026 17:47:08;16;0;02172015;04/10/2026 17:47:03;04/10/2026 17:47:08;04/10/2026 07:45:50;4;2;1
PE;23574;0015;0200;anexo;registro depois de 23h41 de 04/10;5442;5442;21/09/2026 12:25:15;04/10/2026 17:04:37;20;0;02193987;04/10/2026 17:04:32;04/10/2026 17:04:37;04/10/2026 07:42:40;4;2;1
PE;23574;0015;0205;anexo;registro depois de 23h41 de 04/10;5562;5562;21/09/2026 10:09:35;04/10/2026 17:18:20;6;0;02042812;04/10/2026 17:18:15;04/10/2026 17:18:20;04/10/2026 07:30:17;4;2;1
PE;23574;0015;0209;anexo;registro depois de 23h41 de 04/10;6285;6285;21/09/2026 10:48:55;04/10/2026 17:06:17;28;0;02185074;04/10/2026 17:06:12;04/10/2026 17:06:17;04/10/2026 07:47:05;4;2;1
PE;23574;0121;0048;anexo;registro depois de 23h41 de 04/10;6837;6837;23/09/2026 09:38:08;04/10/2026 18:32:10;16;0;02173341;04/10/2026 18:32:05;04/10/2026 18:32:10;04/10/2026 08:04:28;5;2;1
PE;24775;0024;0118;anexo;registro depois de 23h41 de 04/10;6157;6157;24/09/2026 10:50:50;04/10/2026 17:21:30;13;0;02043336;04/10/2026 17:21:26;04/10/2026 17:21:30;04/10/2026 08:02:24;4;2;1
PE;25135;0114;0113;anexo;registro depois de 23h41 de 04/10;6428;6428;24/09/2026 08:47:08;04/10/2026 17:06:39;9;0;02222415;04/10/2026 17:06:34;04/10/2026 17:06:39;04/10/2026 07:41:49;6;3;1
PE;25135;0114;0115;anexo;registro depois de 23h41 de 04/10;6313;6313;24/09/2026 08:58:41;04/10/2026 17:10:56;24;0;02173813;04/10/2026 17:10:51;04/10/2026 17:10:56;04/10/2026 07:29:27;4;2;1
PE;25135;0114;0146;anexo;registro depois de 23h41 de 04/10;7497;7497;24/09/2026 09:31:39;04/10/2026 18:03:58;18;0;02185272;04/10/2026 18:03:53;04/10/2026 18:03:58;04/10/2026 07:46:52;4;2;1
PE;25135;0114;0150;anexo;registro depois de 23h41 de 04/10;7450;7450;24/09/2026 09:51:47;04/10/2026 17:58:29;26;0;02218207;04/10/2026 17:58:24;04/10/2026 17:58:29;04/10/2026 07:48:56;4;2;1
PE;25135;0114;0158;anexo;registro depois de 23h41 de 04/10;7238;7238;24/09/2026 08:35:16;04/10/2026 17:43:41;6;0;02160909;04/10/2026 17:43:36;04/10/2026 17:43:41;04/10/2026 07:42:15;4;2;1
PE;25135;0114;0161;anexo;registro depois de 23h41 de 04/10;6820;6820;24/09/2026 08:50:28;04/10/2026 17:27:09;21;0;02161486;04/10/2026 17:27:04;04/10/2026 17:27:09;04/10/2026 08:00:08;6;2;1
PE;25135;0114;0163;anexo;registro depois de 23h41 de 04/10;6286;6286;24/09/2026 09:01:44;04/10/2026 17:10:58;19;0;02185467;04/10/2026 17:10:53;04/10/2026 17:10:58;04/10/2026 08:06:05;4;2;1
PE;25313;0003;0756;anexo;registro depois de 23h41 de 04/10;7461;7461;23/09/2026 11:49:40;04/10/2026 17:46:49;39;0;02371377;04/10/2026 17:46:44;04/10/2026 17:46:49;04/10/2026 07:38:22;4;2;1
SP;63134;0388;0147;anexo;1a consulta HTTP 404 (arquivos publicados depois);7344;7344;24/09/2026 12:29:32;04/10/2026 17:14:54;11;0;02305772;04/10/2026 17:14:49;04/10/2026 17:14:54;04/10/2026 07:34:32;4;2;1
SP;63134;0388;0148;anexo;1a consulta HTTP 404 (arquivos publicados depois);7152;7152;24/09/2026 12:59:02;04/10/2026 17:26:18;37;0;02393891;04/10/2026 17:26:13;04/10/2026 17:26:18;04/10/2026 07:54:37;4;2;1
SP;63134;0388;0155;anexo;1a consulta HTTP 404 (arquivos publicados depois);7604;7604;24/09/2026 13:45:43;04/10/2026 17:24:43;28;3;02396574;04/10/2026 17:24:38;04/10/2026 17:24:43;04/10/2026 07:25:52;6;4;1
SP;63134;0388;0181;anexo;1a consulta HTTP 404 (arquivos publicados depois);7180;7180;24/09/2026 13:24:24;04/10/2026 17:16:07;15;0;02284470;04/10/2026 17:16:02;04/10/2026 17:16:07;04/10/2026 07:24:07;4;2;1
SP;63134;0388;0254;anexo;1a consulta HTTP 404 (arquivos publicados depois);6922;6922;27/09/2026 15:20:32;04/10/2026 17:10:22;20;0;02147672;04/10/2026 17:10:17;04/10/2026 17:10:22;04/10/2026 07:46:28;5;2;1
SP;63134;0388;0299;anexo;1a consulta HTTP 404 (arquivos publicados depois);6657;6657;26/09/2026 19:02:23;04/10/2026 17:24:06;20;0;01820947;04/10/2026 17:23:19;04/10/2026 17:24:06;04/10/2026 07:48:38;4;2;1
SP;63134;0388;0300;anexo;1a consulta HTTP 404 (arquivos publicados depois);6770;6770;24/09/2026 14:51:50;04/10/2026 17:45:50;20;0;01820810;04/10/2026 17:45:00;04/10/2026 17:45:50;04/10/2026 07:28:32;4;2;1
SP;63134;0388;0360;anexo;1a consulta HTTP 404 (arquivos publicados depois);6957;6957;24/09/2026 15:18:26;04/10/2026 17:16:35;60;0;01816479;04/10/2026 17:15:48;04/10/2026 17:16:35;04/10/2026 07:49:39;5;2;1
SP;63134;0388;0371;anexo;1a consulta HTTP 404 (arquivos publicados depois);7025;7025;24/09/2026 14:00:38;04/10/2026 17:24:08;20;1;02310971;04/10/2026 17:24:03;04/10/2026 17:24:08;04/10/2026 07:40:01;4;4;1
SP;63134;0388;0413;anexo;1a consulta HTTP 404 (arquivos publicados depois);6569;6569;24/09/2026 13:51:06;04/10/2026 17:15:09;28;3;02289568;04/10/2026 17:15:04;04/10/2026 17:15:09;04/10/2026 07:51:26;5;4;1
SP;63134;0388;0419;anexo;1a consulta HTTP 404 (arquivos publicados depois);6510;6510;24/09/2026 13:40:34;04/10/2026 17:08:25;17;0;02399273;04/10/2026 17:08:20;04/10/2026 17:08:25;04/10/2026 07:32:43;4;2;1
SP;63134;0388;0554;anexo;1a consulta HTTP 404 (arquivos publicados depois);5449;5449;24/09/2026 14:08:07;04/10/2026 17:16:34;8;0;02289687;04/10/2026 17:16:29;04/10/2026 17:16:34;04/10/2026 07:52:59;4;2;1
ZZ;29173;0001;0494;anexo;BU do Sistema de Apuracao (busa);947;947;18/09/2026 15:16:17;04/10/2026 18:42:09;1;0;01808076;;;;5;12;13
ZZ;29254;0001;0001;anexo;BU do Sistema de Apuracao (busa);363;363;18/09/2026 15:16:17;04/10/2026 17:38:08;1;0;01808076;;;;5;2;13
ZZ;29270;0001;0003;anexo;BU do Sistema de Apuracao (busa);421;421;18/09/2026 15:16:17;04/10/2026 17:46:10;1;0;01808076;;;;5;3;13
ZZ;29297;0001;0495;anexo;BU do Sistema de Apuracao (busa);479;479;18/09/2026 15:16:17;04/10/2026 17:54:37;1;0;01808076;;;;5;4;13
ZZ;29300;0001;0006;anexo;BU do Sistema de Apuracao (busa);537;537;18/09/2026 15:16:17;04/10/2026 18:00:14;1;0;01808076;;;;5;5;13
ZZ;29394;0001;0028;anexo;BU do Sistema de Apuracao (busa);653;653;18/09/2026 15:16:17;04/10/2026 18:12:23;1;0;01808076;;;;5;7;13
ZZ;29564;0001;0091;anexo;BU do Sistema de Apuracao (busa);1827;1827;18/09/2026 15:16:17;04/10/2026 21:39:47;1;0;01808076;;;;5;27;13
ZZ;29580;0001;0096;anexo;BU do Sistema de Apuracao (busa);711;711;18/09/2026 15:16:17;04/10/2026 18:18:01;1;0;01808076;;;;5;8;13
ZZ;29645;0001;0380;anexo;BU do Sistema de Apuracao (busa);827;827;18/09/2026 15:16:17;04/10/2026 18:30:10;1;0;01808076;;;;5;10;13
ZZ;29750;0001;1703;anexo;BU do Sistema de Apuracao (busa);889;889;18/09/2026 15:16:17;04/10/2026 18:37:34;1;0;01808076;;;;5;11;13
ZZ;29777;0001;0127;anexo;BU do Sistema de Apuracao (busa);2001;2001;18/09/2026 15:16:17;04/10/2026 21:53:27;1;0;01808076;;;;5;30;13
ZZ;29858;0001;1183;anexo;BU do Sistema de Apuracao (busa);1005;1005;18/09/2026 15:16:17;04/10/2026 18:48:20;1;0;01808076;;;;5;13;13
ZZ;29912;0001;0150;anexo;BU do Sistema de Apuracao (busa);1063;1063;18/09/2026 15:16:17;04/10/2026 18:54:07;1;0;01808076;;;;5;14;13
ZZ;30163;0001;0647;anexo;BU do Sistema de Apuracao (busa);1653;1653;18/09/2026 15:16:17;04/10/2026 21:23:07;1;0;01808076;;;;5;24;13
ZZ;30171;0001;1340;anexo;BU do Sistema de Apuracao (busa);1711;1711;18/09/2026 15:16:17;04/10/2026 21:28:25;1;0;01808076;;;;5;25;13
ZZ;30295;0001;0348;anexo;BU do Sistema de Apuracao (busa);1238;1238;18/09/2026 15:16:17;04/10/2026 19:47:09;1;0;01808076;;;;5;17;13
ZZ;30325;0001;0352;anexo;BU do Sistema de Apuracao (busa);1179;1179;18/09/2026 15:16:17;04/10/2026 19:11:30;1;0;01808076;;;;5;16;13
ZZ;30333;0001;0353;anexo;BU do Sistema de Apuracao (busa);1354;1354;18/09/2026 15:16:17;04/10/2026 20:10:19;1;0;01808076;;;;5;19;13
ZZ;30430;0001;0384;anexo;BU do Sistema de Apuracao (busa);1769;1769;18/09/2026 15:16:17;04/10/2026 21:33:11;1;0;01808076;;;;5;26;13
ZZ;30546;0001;1764;anexo;BU do Sistema de Apuracao (busa);1528;1528;18/09/2026 15:16:17;04/10/2026 20:32:16;1;0;01808076;;;;5;22;13
ZZ;30597;0001;1182;anexo;BU do Sistema de Apuracao (busa);1470;1470;18/09/2026 15:16:17;04/10/2026 20:21:50;1;0;01808076;;;;5;21;13
ZZ;30686;0001;0443;anexo;BU do Sistema de Apuracao (busa);1943;1943;18/09/2026 15:16:17;04/10/2026 21:48:42;1;0;01808076;;;;5;29;13
ZZ;30708;0001;0444;anexo;BU do Sistema de Apuracao (busa);1885;1885;18/09/2026 15:16:17;04/10/2026 21:44:39;1;0;01808076;;;;5;28;13
ZZ;30821;0001;1524;anexo;BU do Sistema de Apuracao (busa);1586;1586;18/09/2026 15:16:17;04/10/2026 20:39:34;1;0;01808076;;;;5;23;13
ZZ;38962;0001;0558;anexo;BU do Sistema de Apuracao (busa);769;769;18/09/2026 15:16:17;04/10/2026 18:25:22;1;0;01808076;;;;5;9;13
ZZ;39102;0001;0712;anexo;BU do Sistema de Apuracao (busa);1121;1121;18/09/2026 15:16:17;04/10/2026 18:59:31;1;0;01808076;;;;5;15;13
ZZ;99155;0001;1504;anexo;BU do Sistema de Apuracao (busa);1412;1412;18/09/2026 15:16:17;04/10/2026 20:15:32;1;0;01808076;;;;5;20;13
ZZ;99180;0001;1228;anexo;BU do Sistema de Apuracao (busa);1296;1296;18/09/2026 15:16:17;04/10/2026 20:03:57;1;0;01808076;;;;5;18;13
ZZ;99473;0001;1327;anexo;BU do Sistema de Apuracao (busa);595;595;18/09/2026 15:16:17;04/10/2026 18:06:18;1;0;01808076;;;;5;6;13
SP;67431;0009;0078;controle;;4940;4940;24/09/2026 09:48:47;04/10/2026 17:09:06;10;0;02146383;04/10/2026 17:09:01;04/10/2026 17:09:06;04/10/2026 07:39:24;4;2;1
RJ;60011;0170;0242;controle;;6501;6501;21/09/2026 16:41:24;04/10/2026 17:41:51;18;0;01792227;04/10/2026 17:41:03;04/10/2026 17:41:51;04/10/2026 07:45:10;4;2;1
BA;38490;0011;0568;controle;;7252;7252;23/09/2026 08:37:25;04/10/2026 17:12:28;25;0;02391649;04/10/2026 17:12:23;04/10/2026 17:12:28;04/10/2026 07:44:00;5;2;1
ES;56235;0002;0178;controle;;5059;5059;21/09/2026 14:19:41;04/10/2026 17:07:56;13;0;02248285;04/10/2026 17:07:51;04/10/2026 17:07:56;04/10/2026 07:45:35;5;2;1
SP;62138;0199;0369;controle;;6597;6597;28/09/2026 14:35:34;04/10/2026 17:19:56;7;0;02146824;04/10/2026 17:19:51;04/10/2026 17:19:56;04/10/2026 07:27:41;5;2;1
MA;08400;0082;0080;controle;;6381;6381;30/09/2026 17:19:41;04/10/2026 17:07:46;23;0;02130760;04/10/2026 17:07:41;04/10/2026 17:07:46;04/10/2026 07:50:56;4;2;1
SP;71153;0132;0062;controle;;5906;5906;25/09/2026 12:11:56;04/10/2026 17:06:33;13;0;02324217;04/10/2026 17:06:28;04/10/2026 17:06:33;04/10/2026 07:29:56;4;2;1
SP;71218;0177;0252;controle;;4924;4924;26/09/2026 14:05:36;04/10/2026 17:07:51;8;0;01827536;04/10/2026 17:07:06;04/10/2026 17:07:51;04/10/2026 07:48:15;4;2;1
PI;12190;0002;0487;controle;;7313;7313;24/09/2026 12:00:02;04/10/2026 17:11:25;3;0;02400417;04/10/2026 17:11:20;04/10/2026 17:11:25;04/10/2026 07:42:57;4;2;1
MG;48658;0317;0347;controle;;7472;7472;21/09/2026 10:04:29;04/10/2026 17:26:34;19;0;02061424;04/10/2026 17:26:29;04/10/2026 17:26:34;04/10/2026 07:33:37;4;2;1
DF;97012;0008;0922;controle;;4153;4153;25/09/2026 09:26:21;04/10/2026 17:11:45;5;0;02011777;04/10/2026 17:11:40;04/10/2026 17:11:45;04/10/2026 07:13:39;4;2;1
MG;46019;0041;0195;controle;;6754;6754;23/09/2026 13:55:03;04/10/2026 17:04:29;14;0;02416030;04/10/2026 17:04:24;04/10/2026 17:04:29;04/10/2026 07:25:20;4;2;1
MG;41238;0036;0033;controle;;6088;6088;21/09/2026 08:04:34;04/10/2026 17:02:25;35;0;02281758;04/10/2026 17:02:20;04/10/2026 17:02:25;04/10/2026 07:45:45;4;2;1
PA;04413;0012;0081;controle;;6025;6025;23/09/2026 11:18:36;04/10/2026 17:48:53;51;0;02188238;04/10/2026 17:48:48;04/10/2026 17:48:53;04/10/2026 07:29:56;4;2;1
RJ;60011;0188;0010;controle;;7093;7093;28/09/2026 11:53:57;04/10/2026 17:17:22;30;0;01773573;04/10/2026 17:16:39;04/10/2026 17:17:22;04/10/2026 08:00:03;6;2;1
MA;08958;0083;0056;controle;;5272;5272;25/09/2026 16:11:11;04/10/2026 17:05:41;12;0;02082721;04/10/2026 17:05:36;04/10/2026 17:05:41;04/10/2026 08:01:57;4;2;1
MG;47333;0315;0343;controle;;5849;5849;20/09/2026 15:46:43;04/10/2026 17:05:17;25;0;02418883;04/10/2026 17:05:12;04/10/2026 17:05:17;04/10/2026 07:53:45;4;2;1
GO;93734;0133;0099;controle;;6073;6073;30/09/2026 08:58:53;04/10/2026 17:08:20;17;0;02307663;04/10/2026 17:08:15;04/10/2026 17:08:20;04/10/2026 07:35:07;4;2;1
RJ;60011;0169;0073;controle;;7271;7271;25/09/2026 10:37:06;04/10/2026 17:23:38;24;3;01791019;04/10/2026 17:22:48;04/10/2026 17:23:38;04/10/2026 07:28:58;9;2;4
BA;34851;0124;0081;controle;;8143;8143;30/09/2026 10:31:53;04/10/2026 20:17:58;123;0;01795470;04/10/2026 20:17:17;04/10/2026 20:17:58;04/10/2026 07:10:05;4;2;1
SP;65030;0050;0059;controle;;5757;5757;25/09/2026 10:55:40;04/10/2026 17:06:21;11;0;02189877;04/10/2026 17:06:16;04/10/2026 17:06:21;04/10/2026 08:06:58;4;2;1
CE;14516;0014;0056;controle;;4611;4611;28/09/2026 13:30:13;04/10/2026 17:04:09;17;0;02185458;04/10/2026 17:04:04;04/10/2026 17:04:09;04/10/2026 07:56:09;4;2;1
MS;91880;0026;0081;controle;;5257;5257;29/09/2026 09:41:18;04/10/2026 16:11:16;12;0;02009444;04/10/2026 16:11:11;04/10/2026 16:11:16;04/10/2026 06:43:48;4;2;1
ES;56995;0053;0222;controle;;4681;4681;22/09/2026 16:43:46;04/10/2026 17:08:03;10;0;01674284;04/10/2026 17:07:42;04/10/2026 17:08:03;04/10/2026 07:41:03;5;2;1
MG;49778;0249;0055;controle;;5800;5800;21/09/2026 09:21:05;04/10/2026 17:42:37;6;0;01836758;04/10/2026 17:41:58;04/10/2026 17:42:37;04/10/2026 07:53:28;4;2;1
SP;71072;0253;0126;controle;;7108;7108;27/09/2026 08:26:51;04/10/2026 17:09:32;46;0;02346220;04/10/2026 17:09:27;04/10/2026 17:09:32;04/10/2026 07:31:03;6;2;1
RJ;60011;0185;0109;controle;;7568;7568;28/09/2026 14:59:31;04/10/2026 17:57:56;12;0;01778916;04/10/2026 17:57:07;04/10/2026 17:57:56;04/10/2026 07:38:44;6;2;1
PR;76392;0079;0078;controle;;6226;6226;19/09/2026 14:20:38;04/10/2026 17:04:40;9;0;01678664;04/10/2026 17:04:07;04/10/2026 17:04:40;04/10/2026 07:47:02;5;3;1
SP;69795;0110;0229;controle;;5574;5574;26/09/2026 14:18:01;04/10/2026 17:06:36;5;0;01841101;04/10/2026 17:05:45;04/10/2026 17:06:36;04/10/2026 07:52:06;4;2;1
RS;88846;0043;0089;controle;;6006;6006;21/09/2026 12:51:50;04/10/2026 17:20:37;17;0;02411640;04/10/2026 17:20:32;04/10/2026 17:20:37;04/10/2026 07:43:44;5;2;1
PR;78590;0022;0088;controle;;4538;4538;23/09/2026 12:35:57;04/10/2026 17:08:26;19;0;01780601;04/10/2026 17:07:50;04/10/2026 17:08:26;04/10/2026 07:37:13;4;2;1
MA;09210;0089;0494;controle;;6681;6681;29/09/2026 09:18:36;04/10/2026 17:28:14;7;0;01792504;04/10/2026 17:27:39;04/10/2026 17:28:14;04/10/2026 07:53:19;4;2;1
MG;50610;0217;0071;controle;;5204;5204;20/09/2026 12:13:04;04/10/2026 17:08:09;23;0;01757467;04/10/2026 17:07:17;04/10/2026 17:08:09;04/10/2026 07:15:20;4;2;1
ES;56790;0036;0067;controle;;6137;6137;21/09/2026 13:56:10;04/10/2026 17:04:17;25;0;02336085;04/10/2026 17:04:12;04/10/2026 17:04:17;04/10/2026 07:24:00;7;3;1
PA;04650;0006;0129;controle;;6978;6978;24/09/2026 13:50:00;04/10/2026 18:20:34;44;0;02193410;04/10/2026 18:20:29;04/10/2026 18:20:34;04/10/2026 07:30:34;4;2;1
PR;76678;0157;0225;controle;;6209;6209;24/09/2026 12:22:42;04/10/2026 17:10:51;25;0;02128852;04/10/2026 17:10:46;04/10/2026 17:10:51;04/10/2026 07:48:04;4;2;1
MG;46019;0041;0110;controle;;4348;4348;23/09/2026 10:49:03;04/10/2026 17:06:19;12;0;02303541;04/10/2026 17:06:14;04/10/2026 17:06:19;04/10/2026 07:55:51;4;2;1
PE;25771;0071;0018;controle;;7648;7648;23/09/2026 11:04:57;04/10/2026 18:59:29;25;0;02259691;04/10/2026 18:59:24;04/10/2026 18:59:29;04/10/2026 07:49:05;4;2;1
CE;15717;0097;0106;controle;;7331;7331;23/09/2026 09:23:05;04/10/2026 19:02:59;33;0;02242926;04/10/2026 19:02:54;04/10/2026 19:02:59;04/10/2026 07:48:17;4;2;1
SP;71455;0356;0480;controle;;4864;4864;24/09/2026 12:09:28;04/10/2026 17:06:02;15;0;01827803;04/10/2026 17:05:26;04/10/2026 17:06:02;04/10/2026 07:17:45;4;2;1
PA;05070;0041;0169;controle;;4557;4557;25/09/2026 12:34:39;04/10/2026 17:44:16;23;0;02180723;04/10/2026 17:44:11;04/10/2026 17:44:16;04/10/2026 07:56:36;4;2;1
TO;96199;0005;0032;controle;;3652;3652;23/09/2026 09:44:33;04/10/2026 17:09:12;15;0;02029087;04/10/2026 17:09:07;04/10/2026 17:09:12;04/10/2026 07:57:44;4;2;1
SP;64033;0370;0083;controle;;6564;6564;25/09/2026 13:28:29;04/10/2026 17:06:07;16;0;02307770;04/10/2026 17:06:02;04/10/2026 17:06:07;04/10/2026 07:49:50;8;2;3
SP;71072;0002;0141;controle;;5700;5700;29/09/2026 13:02:35;04/10/2026 17:07:44;17;0;02304836;04/10/2026 17:07:39;04/10/2026 17:07:44;04/10/2026 07:51:52;5;2;1
PA;05150;0044;0025;controle;;5667;5667;24/09/2026 11:10:01;04/10/2026 17:06:59;22;0;02430957;04/10/2026 17:06:54;04/10/2026 17:06:59;04/10/2026 07:54:15;5;2;1
RS;89273;0055;0138;controle;;6335;6335;23/09/2026 17:28:10;04/10/2026 17:08:08;33;0;01801631;04/10/2026 17:07:24;04/10/2026 17:08:08;04/10/2026 07:21:19;5;2;1
RS;88013;0002;0252;controle;;6732;6732;19/09/2026 09:35:33;04/10/2026 17:37:27;14;0;02467492;04/10/2026 17:37:22;04/10/2026 17:37:27;04/10/2026 07:11:07;5;2;1
PA;04685;0033;0168;controle;;6064;6064;24/09/2026 15:34:04;04/10/2026 17:11:29;8;0;02384173;04/10/2026 17:11:24;04/10/2026 17:11:29;04/10/2026 08:07:47;4;2;1
PB;19879;0036;0096;controle;;6621;6621;24/09/2026 08:32:49;04/10/2026 18:44:34;7;0;02209385;04/10/2026 18:44:30;04/10/2026 18:44:34;04/10/2026 07:48:22;4;2;1
BA;33316;0082;0188;controle;;7306;7306;24/09/2026 10:39:59;04/10/2026 19:02:15;8;0;02308962;04/10/2026 19:02:11;04/10/2026 19:02:15;04/10/2026 07:16:40;4;2;1
SP;71072;0327;0477;controle;;85;0;;;0;0;;;;;0;0;0
RJ;59293;0141;0079;controle;;4294;4294;09/09/2026 16:52:34;04/10/2026 17:06:18;9;0;02440060;04/10/2026 17:06:14;04/10/2026 17:06:18;04/10/2026 07:44:13;4;2;1
RN;16438;0011;0168;controle;;4012;4012;23/09/2026 10:05:25;04/10/2026 17:06:54;20;0;02102254;04/10/2026 17:06:49;04/10/2026 17:06:54;04/10/2026 07:32:53;5;2;1
SP;72257;0034;0035;controle;;4000;4000;26/09/2026 09:14:52;04/10/2026 17:04:07;9;0;02295002;04/10/2026 17:04:02;04/10/2026 17:04:07;04/10/2026 07:26:09;4;2;1
CE;13234;0067;0056;controle;;5428;5428;25/07/2026 14:56:55;04/10/2026 17:04:04;14;0;02255113;04/10/2026 17:03:59;04/10/2026 17:04:04;04/10/2026 07:40:52;4;2;1
BA;38032;0059;0337;controle;;5449;5449;24/09/2026 12:00:17;04/10/2026 17:19:33;20;0;02037507;04/10/2026 17:19:29;04/10/2026 17:19:33;04/10/2026 07:34:44;4;2;1
SC;81990;0022;0119;controle;;6029;6029;26/09/2026 18:52:49;04/10/2026 17:06:09;8;0;01845745;04/10/2026 17:05:36;04/10/2026 17:06:09;04/10/2026 07:48:00;4;2;1
RJ;58076;0094;0148;controle;;3471;3471;22/09/2026 10:26:11;04/10/2026 17:05:41;14;0;02364795;04/10/2026 17:05:36;04/10/2026 17:05:41;04/10/2026 07:40:12;4;2;1
SP;70572;0264;0122;controle;;4734;4734;25/09/2026 09:39:44;04/10/2026 17:05:18;13;0;02221963;04/10/2026 17:05:13;04/10/2026 17:05:18;04/10/2026 07:26:59;5;2;1
SP;64017;0341;0363;controle;;4988;4988;24/09/2026 17:01:28;04/10/2026 17:05:57;5;0;02013775;04/10/2026 17:05:52;04/10/2026 17:05:57;04/10/2026 07:32:32;5;2;1
SP;71072;0259;0458;controle;;4700;4700;25/09/2026 16:20:06;04/10/2026 17:08:41;12;0;02056408;04/10/2026 17:08:36;04/10/2026 17:08:41;04/10/2026 07:59:39;4;2;1
SP;71072;0248;0878;controle;;6622;6622;27/09/2026 11:26:31;04/10/2026 17:08:25;34;0;02350516;04/10/2026 17:08:20;04/10/2026 17:08:25;04/10/2026 07:31:29;4;2;1
SP;71072;0248;0791;controle;;7211;7211;26/09/2026 13:16:56;04/10/2026 17:09:19;10;1;01825756;04/10/2026 17:08:32;04/10/2026 17:09:19;04/10/2026 07:52:44;5;6;1
MG;47295;0144;0026;controle;;5044;5044;22/09/2026 12:41:30;04/10/2026 17:05:57;27;0;02121708;04/10/2026 17:05:52;04/10/2026 17:05:57;04/10/2026 07:36:22;4;2;1
PI;10235;0006;0157;controle;;6043;6043;28/09/2026 17:30:53;04/10/2026 17:10:03;39;0;01787317;04/10/2026 17:09:25;04/10/2026 17:10:03;04/10/2026 07:52:05;4;2;1
PA;05231;0064;0168;controle;;6328;6328;25/09/2026 15:17:17;04/10/2026 18:32:50;20;0;02431757;04/10/2026 18:32:45;04/10/2026 18:32:50;04/10/2026 07:58:22;4;2;1
SC;81051;0012;0487;controle;;4353;4353;22/09/2026 17:26:28;04/10/2026 17:04:11;20;0;02430068;04/10/2026 17:04:06;04/10/2026 17:04:11;04/10/2026 07:19:23;5;2;1
SC;80390;0056;0333;controle;;5931;5931;20/09/2026 15:11:00;04/10/2026 17:04:54;14;0;02003431;04/10/2026 17:04:49;04/10/2026 17:04:54;04/10/2026 07:39:11;4;2;1
RJ;58491;0148;0205;controle;;4336;4336;25/09/2026 13:17:21;04/10/2026 17:04:39;19;0;02448059;04/10/2026 17:04:34;04/10/2026 17:04:39;04/10/2026 08:07:59;4;2;1
SP;64777;0185;0089;controle;;6000;6000;24/09/2026 10:33:50;04/10/2026 17:05:13;27;0;02334936;04/10/2026 17:05:08;04/10/2026 17:05:13;04/10/2026 07:39:13;5;2;1
MG;41718;0050;0220;controle;;2676;2676;19/09/2026 15:30:44;04/10/2026 17:06:38;6;0;02096542;04/10/2026 17:06:33;04/10/2026 17:06:38;04/10/2026 07:20:24;6;3;1
RN;17795;0050;0258;controle;;7270;7270;22/09/2026 09:32:18;04/10/2026 17:18:40;34;0;02049513;04/10/2026 17:18:35;04/10/2026 17:18:40;04/10/2026 07:47:31;4;2;1
BA;37770;0052;0036;controle;;8297;8297;29/09/2026 14:13:04;04/10/2026 19:26:19;28;0;02273654;04/10/2026 19:26:15;04/10/2026 19:26:19;04/10/2026 07:04:59;5;2;1
MS;90514;0035;0544;controle;;5358;5358;20/09/2026 13:43:56;04/10/2026 16:07:07;9;0;02357485;04/10/2026 16:07:02;04/10/2026 16:07:07;04/10/2026 06:50:07;4;2;1
SC;81000;0033;0450;controle;;6083;6083;22/09/2026 10:47:57;04/10/2026 17:33:09;16;0;02192068;04/10/2026 17:33:04;04/10/2026 17:33:09;04/10/2026 08:00:33;4;2;1
GO;95419;0102;0022;controle;;5706;5706;24/09/2026 08:44:09;04/10/2026 17:07:07;16;0;02009446;04/10/2026 17:07:02;04/10/2026 17:07:07;04/10/2026 07:54:01;6;3;1
MG;40800;0288;0407;controle;;6480;6480;19/09/2026 16:40:23;04/10/2026 17:05:47;15;0;02406770;04/10/2026 17:05:42;04/10/2026 17:05:47;04/10/2026 07:26:36;4;2;1
SP;65897;0396;0193;controle;;4461;4461;26/09/2026 10:51:08;04/10/2026 17:03:48;7;0;02161956;04/10/2026 17:03:43;04/10/2026 17:03:48;04/10/2026 07:30:46;4;2;1
PA;04740;0021;0279;controle;;2399;2399;23/09/2026 18:37:05;04/10/2026 17:40:21;15;0;01753991;04/10/2026 17:40:00;04/10/2026 17:40:21;04/10/2026 07:41:20;5;2;1
RJ;58190;0076;0280;controle;;6625;6625;07/09/2026 20:04:48;04/10/2026 18:21:49;19;0;02462833;04/10/2026 18:21:44;04/10/2026 18:21:49;04/10/2026 07:34:44;6;2;1
SP;61433;0215;0072;controle;;5162;5162;27/09/2026 09:56:13;04/10/2026 17:04:17;11;0;02290167;04/10/2026 17:04:12;04/10/2026 17:04:17;04/10/2026 07:35:13;4;2;1
SP;62499;0026;0225;controle;;5374;5374;27/08/2026 10:15:01;04/10/2026 17:08:00;18;0;02072419;04/10/2026 17:07:55;04/10/2026 17:08:00;04/10/2026 07:19:56;4;2;1
SP;71072;0390;0222;controle;;6477;6477;26/09/2026 18:26:55;04/10/2026 17:08:13;23;0;02066695;04/10/2026 17:08:08;04/10/2026 17:08:13;04/10/2026 07:38:56;6;2;1
GO;95010;0079;0018;controle;;536;0;;;0;0;;;;;0;0;0
BA;39373;0080;0008;controle;;6150;6150;25/09/2026 09:17:15;04/10/2026 17:07:02;6;0;02351505;04/10/2026 17:06:57;04/10/2026 17:07:02;04/10/2026 07:49:59;4;2;1
SP;70750;0174;0271;controle;;5060;5060;26/09/2026 11:35:59;04/10/2026 17:06:58;20;0;02286931;04/10/2026 17:06:52;04/10/2026 17:06:58;04/10/2026 07:37:24;4;2;1
MG;42013;0303;0002;controle;;5546;5546;23/09/2026 16:12:58;04/10/2026 17:04:59;11;0;02091602;04/10/2026 17:04:54;04/10/2026 17:04:59;04/10/2026 07:28:00;4;2;1
MG;49611;0211;0284;controle;;7179;7179;25/09/2026 14:25:43;04/10/2026 17:11:37;23;0;02067289;04/10/2026 17:11:32;04/10/2026 17:11:37;04/10/2026 07:35:10;4;2;1
RO;00590;0027;0121;controle;;4554;4554;25/09/2026 09:07:59;04/10/2026 16:04:34;31;0;02286949;04/10/2026 16:04:29;04/10/2026 16:04:34;04/10/2026 06:46:24;4;2;1
SP;67938;0163;0069;controle;;5663;5663;29/09/2026 09:03:44;04/10/2026 17:04:12;13;0;02136322;04/10/2026 17:04:07;04/10/2026 17:04:12;04/10/2026 07:44:36;4;2;1
BA;39993;0098;0104;controle;;8120;8120;26/09/2026 09:53:16;04/10/2026 19:31:24;23;0;02238577;04/10/2026 19:31:19;04/10/2026 19:31:24;04/10/2026 07:56:05;5;2;1
PA;04120;0058;0190;controle;;5352;5352;25/09/2026 13:48:37;04/10/2026 17:06:37;24;0;02157448;04/10/2026 17:06:32;04/10/2026 17:06:37;04/10/2026 07:39:36;4;2;1
SP;71072;0003;0176;controle;;5795;5795;27/09/2026 16:24:56;04/10/2026 17:06:09;17;2;01782884;04/10/2026 17:05:33;04/10/2026 17:06:09;04/10/2026 07:35:22;5;2;1
BA;37133;0118;0162;controle;;5887;5887;29/09/2026 11:06:46;04/10/2026 17:06:04;19;0;02152743;04/10/2026 17:05:59;04/10/2026 17:06:04;04/10/2026 07:33:24;4;2;1
CE;13897;0116;0353;controle;;7377;7377;21/09/2026 15:11:41;04/10/2026 17:03:48;23;0;02303639;04/10/2026 17:03:43;04/10/2026 17:03:48;04/10/2026 07:42:07;4;2;1
SP;65897;0396;0250;controle;;6837;6837;24/09/2026 16:41:29;04/10/2026 17:06:23;19;0;02403657;04/10/2026 17:06:18;04/10/2026 17:06:23;04/10/2026 07:45:07;4;2;1
MG;54038;0314;0298;controle;;5825;5825;22/09/2026 10:28:14;04/10/2026 17:06:43;10;0;02097750;04/10/2026 17:06:38;04/10/2026 17:06:43;04/10/2026 07:29:47;4;2;1
PE;25313;0005;0513;controle;;5555;5555;23/09/2026 09:55:15;04/10/2026 17:40:07;9;0;02371884;04/10/2026 17:40:02;04/10/2026 17:40:07;04/10/2026 07:41:03;4;2;1
BA;34037;0063;0011;controle;;5676;5676;26/09/2026 08:38:40;04/10/2026 17:07:07;27;1;02212340;04/10/2026 17:07:02;04/10/2026 17:07:07;04/10/2026 07:25:49;4;2;1
MG;45497;0003;0146;controle;;4820;4820;22/09/2026 14:59:37;04/10/2026 17:07:36;16;0;02293444;04/10/2026 17:07:31;04/10/2026 17:07:36;04/10/2026 07:58:40;4;2;1
SP;67890;0315;0124;controle;;6700;6700;25/09/2026 15:42:44;04/10/2026 17:05:32;11;0;02307115;04/10/2026 17:05:27;04/10/2026 17:05:32;04/10/2026 07:49:56;6;3;1
SP;71072;0389;0265;controle;;5317;5317;27/09/2026 09:38:23;04/10/2026 17:03:57;1;0;02381917;04/10/2026 17:03:52;04/10/2026 17:03:57;04/10/2026 07:41:20;4;2;1
SE;31496;0008;0019;controle;;7555;7555;19/09/2026 07:52:14;04/10/2026 19:19:51;18;0;02305871;04/10/2026 19:19:46;04/10/2026 19:19:51;04/10/2026 07:40:33;4;2;1
MA;09571;0057;0312;controle;;6232;6232;29/09/2026 15:07:34;04/10/2026 17:23:20;20;0;02210518;04/10/2026 17:23:15;04/10/2026 17:23:20;04/10/2026 07:46:21;4;2;1
BA;33197;0036;0186;controle;;7220;7220;23/09/2026 10:47:28;04/10/2026 17:42:10;39;0;02198292;04/10/2026 17:42:05;04/10/2026 17:42:10;04/10/2026 07:50:26;5;2;1
RS;89010;0108;0361;controle;;5990;5990;24/09/2026 11:33:27;04/10/2026 17:06:10;12;0;02215089;04/10/2026 17:06:05;04/10/2026 17:06:10;04/10/2026 07:35:43;5;2;1
BA;39659;0040;0380;controle;;574;0;;;0;0;;;;;0;0;0
BA;39411;0038;0095;controle;;5999;5999;23/09/2026 12:47:19;04/10/2026 17:07:49;15;0;02019453;04/10/2026 17:07:44;04/10/2026 17:07:49;04/10/2026 07:49:09;8;2;1
SP;69019;0099;0035;controle;;5413;5413;26/09/2026 09:33:37;04/10/2026 17:04:29;19;0;02275122;04/10/2026 17:04:24;04/10/2026 17:04:29;04/10/2026 07:28:08;6;2;1
PE;23574;0121;0169;controle;;5524;5524;23/09/2026 09:56:58;04/10/2026 17:11:03;6;0;02172269;04/10/2026 17:10:58;04/10/2026 17:11:03;04/10/2026 07:34:00;4;2;1
SP;63711;0119;0035;controle;;4519;4519;27/09/2026 11:37:55;04/10/2026 17:06:30;13;0;02098186;04/10/2026 17:06:25;04/10/2026 17:06:30;04/10/2026 07:29:41;4;2;1
MG;42374;0216;0043;controle;;5968;5968;22/09/2026 15:51:18;04/10/2026 17:08:22;19;0;01783505;04/10/2026 17:07:40;04/10/2026 17:08:22;04/10/2026 07:39:24;4;2;1
SP;71072;0352;0574;controle;;6787;6787;26/09/2026 10:06:47;04/10/2026 17:11:49;19;0;02066754;04/10/2026 17:11:44;04/10/2026 17:11:49;04/10/2026 07:27:25;4;2;1
RJ;58190;0076;0390;controle;;4346;4346;07/09/2026 16:30:18;04/10/2026 17:08:23;16;0;02461188;04/10/2026 17:08:18;04/10/2026 17:08:23;04/10/2026 08:06:30;6;4;1
MG;40681;0130;0312;controle;;6537;6537;22/09/2026 12:56:41;04/10/2026 17:09:01;17;0;02423215;04/10/2026 17:08:56;04/10/2026 17:09:01;04/10/2026 07:18:31;4;2;1
SP;63118;0206;0007;controle;;4718;4718;23/09/2026 12:36:15;04/10/2026 17:10:21;8;0;01783548;04/10/2026 17:09:35;04/10/2026 17:10:21;04/10/2026 07:37:07;5;2;1
SE;31950;0034;0206;controle;;5882;5882;24/09/2026 09:08:30;04/10/2026 17:09:41;6;0;02015630;04/10/2026 17:09:36;04/10/2026 17:09:41;04/10/2026 07:39:24;4;2;1
PI;11576;0012;0130;controle;;5411;5411;29/09/2026 09:12:19;04/10/2026 17:04:58;23;0;02353700;04/10/2026 17:04:53;04/10/2026 17:04:58;04/10/2026 07:41:48;5;2;1
MS;91138;0002;0130;controle;;3899;3899;28/09/2026 17:42:07;04/10/2026 16:04:31;12;0;02024236;04/10/2026 16:04:26;04/10/2026 16:04:31;04/10/2026 06:41:52;4;2;1
MG;54038;0278;0759;controle;;2120;2120;21/09/2026 11:21:15;04/10/2026 17:08:01;13;0;02037249;04/10/2026 17:07:56;04/10/2026 17:08:01;04/10/2026 08:00:18;4;2;1
PR;79618;0149;0051;controle;;5317;5317;25/09/2026 08:51:27;04/10/2026 17:05:54;15;0;01830027;04/10/2026 17:05:15;04/10/2026 17:05:54;04/10/2026 07:31:45;4;2;1
AM;02550;0001;0941;controle;;5731;5731;30/09/2026 15:28:05;04/10/2026 16:15:36;5;0;02037771;04/10/2026 16:15:31;04/10/2026 16:15:36;04/10/2026 06:35:38;6;3;1
PR;76333;0018;0085;controle;;6673;6673;23/09/2026 09:44:45;04/10/2026 17:27:30;25;0;02020600;04/10/2026 17:27:25;04/10/2026 17:27:30;04/10/2026 07:44:47;4;2;1
AC;01023;0001;0597;controle;;3066;3066;26/09/2026 08:45:36;04/10/2026 15:08:14;7;0;02268616;04/10/2026 15:08:09;04/10/2026 15:08:14;04/10/2026 05:46:08;4;2;1
PA;04839;0100;0058;controle;;6988;6988;25/09/2026 08:52:10;04/10/2026 17:54:28;34;0;02187925;04/10/2026 17:54:23;04/10/2026 17:54:28;04/10/2026 07:33:22;4;2;1
PE;25976;0027;0105;controle;;6736;6736;28/09/2026 10:12:30;04/10/2026 17:36:53;6;0;02247848;04/10/2026 17:36:48;04/10/2026 17:36:53;04/10/2026 07:38:48;4;2;1
MG;40690;0016;0181;controle;;4371;4371;21/09/2026 16:50:38;04/10/2026 17:02:41;3;0;02088402;04/10/2026 17:02:36;04/10/2026 17:02:41;04/10/2026 07:37:30;4;2;1
PR;76414;0149;0013;controle;;6438;6438;25/09/2026 15:44:06;04/10/2026 17:05:47;10;0;01775946;04/10/2026 17:05:01;04/10/2026 17:05:47;04/10/2026 07:35:11;4;2;1
RS;85839;0166;0082;controle;;4484;4484;24/09/2026 16:31:26;04/10/2026 17:03:01;3;0;02453920;04/10/2026 17:02:56;04/10/2026 17:03:01;04/10/2026 07:07:57;5;2;1
RS;88811;0052;0092;controle;;5023;5023;13/09/2026 18:22:33;04/10/2026 17:06:06;25;0;02284104;04/10/2026 17:06:01;04/10/2026 17:06:06;04/10/2026 07:37:05;5;2;1
PI;11959;0030;0109;controle;;5759;5759;30/09/2026 13:30:48;04/10/2026 17:04:49;17;0;01662725;04/10/2026 17:04:12;04/10/2026 17:04:49;04/10/2026 07:30:30;4;2;1
SP;71072;0376;0595;controle;;6855;6855;26/09/2026 09:36:21;04/10/2026 17:28:07;33;0;02255953;04/10/2026 17:28:02;04/10/2026 17:28:07;04/10/2026 07:26:09;4;2;1
SP;71072;0327;0754;controle;;5808;5808;27/09/2026 16:16:01;04/10/2026 17:06:28;15;1;02372711;04/10/2026 17:06:24;04/10/2026 17:06:28;04/10/2026 07:26:59;5;2;1
MG;41238;0034;0068;controle;;6159;6159;23/09/2026 11:52:35;04/10/2026 17:03:43;11;0;02265653;04/10/2026 17:03:38;04/10/2026 17:03:43;04/10/2026 07:23:36;4;2;1
PA;04090;0055;0122;controle;;6071;6071;22/09/2026 11:24:36;04/10/2026 18:45:41;20;0;01827418;04/10/2026 18:44:54;04/10/2026 18:45:41;04/10/2026 07:08:40;4;2;1
SC;80616;0103;0090;controle;;7162;7162;20/09/2026 16:19:48;04/10/2026 17:09:29;12;0;02177933;04/10/2026 17:09:24;04/10/2026 17:09:29;04/10/2026 07:35:02;4;2;1
MG;48194;0180;0139;controle;;4242;4242;23/09/2026 08:57:59;04/10/2026 17:08:43;14;0;02131166;04/10/2026 17:08:38;04/10/2026 17:08:43;04/10/2026 07:29:33;4;2;1
SP;72214;0207;0024;controle;;6279;6279;26/09/2026 13:57:08;04/10/2026 17:07:21;11;0;02183303;04/10/2026 17:07:16;04/10/2026 17:07:21;04/10/2026 07:25:24;5;2;1
RJ;58076;0091;0101;controle;;5175;5175;25/09/2026 09:19:35;04/10/2026 17:04:53;16;0;02383854;04/10/2026 17:04:48;04/10/2026 17:04:53;04/10/2026 07:45:56;6;3;1
RS;89095;0022;0023;controle;;6396;6396;22/09/2026 10:12:59;04/10/2026 17:05:34;17;0;02417819;04/10/2026 17:05:29;04/10/2026 17:05:34;04/10/2026 07:17:51;5;2;1
MA;08613;0009;0106;controle;;5337;5337;23/09/2026 12:59:51;04/10/2026 17:09:49;10;0;02308296;04/10/2026 17:09:44;04/10/2026 17:09:49;04/10/2026 07:48:22;5;3;1
PE;24570;0011;0076;controle;;5906;5906;22/09/2026 12:01:32;04/10/2026 17:07:17;21;0;02172035;04/10/2026 17:07:12;04/10/2026 17:07:17;04/10/2026 07:25:58;4;2;1
BA;38490;0009;0042;controle;;87;0;;;0;0;;;;;0;0;0
SP;71072;0408;0098;controle;;6082;6082;28/09/2026 11:07:24;04/10/2026 17:15:14;21;1;01823534;04/10/2026 17:14:28;04/10/2026 17:15:14;04/10/2026 07:56:23;7;3;1
PE;25313;0003;0719;controle;;3948;3948;23/09/2026 08:56:13;04/10/2026 17:04:43;9;0;02387474;04/10/2026 17:04:39;04/10/2026 17:04:43;04/10/2026 07:46:05;4;2;1
PE;25690;0074;0080;controle;;6927;6927;25/09/2026 09:14:57;04/10/2026 18:15:37;23;0;02278810;04/10/2026 18:15:32;04/10/2026 18:15:37;04/10/2026 07:51:13;5;3;1
SP;68896;0023;0402;controle;;4808;4808;24/09/2026 15:50:07;04/10/2026 17:07:14;12;0;02292096;04/10/2026 17:07:09;04/10/2026 17:07:14;04/10/2026 07:30:30;4;2;1
BA;38075;0122;0583;controle;;7101;7101;25/09/2026 08:34:24;04/10/2026 18:10:36;34;1;02164402;04/10/2026 18:10:31;04/10/2026 18:10:36;04/10/2026 07:34:57;4;2;1
SP;65897;0062;0376;controle;;5613;5613;26/09/2026 08:54:06;04/10/2026 17:08:32;22;0;02263921;04/10/2026 17:08:27;04/10/2026 17:08:32;04/10/2026 07:19:09;4;2;1
BA;34673;0132;0078;controle;;6445;6445;01/10/2026 12:18:39;04/10/2026 17:11:05;15;0;02235311;04/10/2026 17:11:00;04/10/2026 17:11:05;04/10/2026 07:20:33;4;2;1
GO;93734;0146;0181;controle;;5511;5511;28/09/2026 13:29:38;04/10/2026 17:08:25;7;1;02465187;04/10/2026 17:08:20;04/10/2026 17:08:25;04/10/2026 07:34:18;4;4;1
CE;13196;0066;0278;controle;;6295;6295;23/09/2026 10:07:57;04/10/2026 17:07:37;19;0;02410206;04/10/2026 17:07:32;04/10/2026 17:07:37;04/10/2026 07:48:29;4;2;1
PB;20990;0018;0005;controle;;6164;6164;23/09/2026 14:17:43;04/10/2026 17:27:26;15;0;02225965;04/10/2026 17:27:22;04/10/2026 17:27:26;04/10/2026 07:14:23;4;2;1
DF;97012;0016;0149;controle;;5106;5106;24/09/2026 09:09:07;04/10/2026 17:07:05;8;0;02225815;04/10/2026 17:07:00;04/10/2026 17:07:05;04/10/2026 07:10:06;5;2;1
RN;17019;0031;0073;controle;;6687;6687;24/09/2026 14:11:11;04/10/2026 17:53:31;22;0;02344289;04/10/2026 17:53:26;04/10/2026 17:53:31;04/10/2026 07:41:32;4;2;1
PR;75353;0174;0112;controle;;7386;7386;26/09/2026 10:03:24;04/10/2026 17:03:00;24;0;02273521;04/10/2026 17:02:55;04/10/2026 17:03:00;04/10/2026 07:31:22;9;4;1
GO;93955;0013;0038;controle;;5288;5288;21/09/2026 16:44:26;04/10/2026 17:03:17;10;3;02013253;04/10/2026 17:03:12;04/10/2026 17:03:17;04/10/2026 08:01:09;6;3;1
AL;28053;0046;0023;controle;;6942;6942;20/09/2026 09:06:05;04/10/2026 19:00:52;46;0;01763673;04/10/2026 19:00:10;04/10/2026 19:00:52;04/10/2026 07:50:22;5;2;1
MG;53554;0259;0125;controle;;5344;5344;26/09/2026 08:51:18;04/10/2026 17:03:03;9;0;02067536;04/10/2026 17:02:58;04/10/2026 17:03:03;04/10/2026 07:30:55;5;2;1
RS;85570;0069;0050;controle;;5026;5026;21/09/2026 13:51:54;04/10/2026 17:08:13;19;0;02394430;04/10/2026 17:08:09;04/10/2026 17:08:13;04/10/2026 07:42:57;5;2;1
RO;00299;0029;0166;controle;;5366;5366;29/09/2026 14:09:20;04/10/2026 16:11:52;14;0;02263172;04/10/2026 16:11:47;04/10/2026 16:11:52;04/10/2026 06:22:02;4;2;1
SC;83313;0104;0186;controle;;4279;4279;19/09/2026 17:45:43;04/10/2026 17:05:30;13;0;02460386;04/10/2026 17:05:25;04/10/2026 17:05:30;04/10/2026 07:52:11;4;2;1
BA;38067;0149;0165;controle;;6918;6918;30/09/2026 11:30:42;04/10/2026 17:51:55;20;0;02424959;04/10/2026 17:51:50;04/10/2026 17:51:55;04/10/2026 08:08:27;4;2;1
MG;50911;0321;0190;controle;;7115;7115;22/09/2026 10:06:38;04/10/2026 17:26:15;12;0;02330874;04/10/2026 17:26:10;04/10/2026 17:26:15;04/10/2026 07:46:26;4;2;1
MA;09210;0002;0266;controle;;5555;5555;25/09/2026 10:24:14;04/10/2026 17:07:06;20;0;01661889;04/10/2026 17:06:40;04/10/2026 17:07:06;04/10/2026 07:28:06;4;2;1
RS;85553;0009;0041;controle;;2616;2616;22/09/2026 10:28:47;04/10/2026 17:17:36;14;0;02259887;04/10/2026 17:17:32;04/10/2026 17:17:36;04/10/2026 07:39:04;6;2;1
RJ;58637;0201;0006;controle;;5264;5264;23/09/2026 10:08:26;04/10/2026 17:29:59;7;0;01758019;04/10/2026 17:29:09;04/10/2026 17:29:59;04/10/2026 07:44:26;4;2;1
PI;10430;0096;0048;controle;;5438;5438;30/09/2026 09:52:37;04/10/2026 17:04:58;8;0;01802515;04/10/2026 17:04:18;04/10/2026 17:04:58;04/10/2026 08:09:59;5;2;1
SP;69671;0183;0018;controle;;4285;4285;24/09/2026 14:38:39;04/10/2026 17:06:44;3;0;01835234;04/10/2026 17:06:08;04/10/2026 17:06:44;04/10/2026 07:32:06;4;2;1
CE;13897;0115;0391;controle;;5004;5004;21/09/2026 15:31:15;04/10/2026 17:07:37;18;0;02333732;04/10/2026 17:07:32;04/10/2026 17:07:37;04/10/2026 07:26:41;4;2;1
CE;14753;0047;0025;controle;;6634;6634;30/09/2026 10:08:21;04/10/2026 17:35:45;24;0;01817338;04/10/2026 17:35:03;04/10/2026 17:35:45;04/10/2026 07:49:20;4;2;1
SP;64912;0083;0013;controle;;6752;6752;24/09/2026 13:18:44;04/10/2026 17:07:47;16;0;02274144;04/10/2026 17:07:41;04/10/2026 17:07:47;04/10/2026 08:01:43;4;2;1
SE;31798;0014;0028;controle;;4312;4312;21/09/2026 09:28:23;04/10/2026 17:05:27;15;0;02020483;04/10/2026 17:05:23;04/10/2026 17:05:27;04/10/2026 07:51:46;4;2;1
SP;62910;0378;0468;controle;;4881;4881;26/09/2026 10:59:48;04/10/2026 17:06:02;28;0;02167632;04/10/2026 17:05:57;04/10/2026 17:06:02;04/10/2026 07:55:30;4;2;1
RN;17892;0052;0035;controle;;4723;4723;23/09/2026 14:21:42;04/10/2026 17:12:02;60;0;02057115;04/10/2026 17:11:57;04/10/2026 17:12:02;04/10/2026 08:05:39;4;2;1
PR;76090;0141;0022;controle;;5644;5644;22/09/2026 14:13:51;04/10/2026 17:04:35;20;0;02293984;04/10/2026 17:04:30;04/10/2026 17:04:35;04/10/2026 07:23:27;4;2;1
MG;54011;0276;0105;controle;;5321;5321;26/09/2026 08:34:59;04/10/2026 17:04:16;33;0;02121457;04/10/2026 17:04:11;04/10/2026 17:04:16;04/10/2026 07:52:22;4;2;1
RJ;58637;0201;0076;controle;;7064;7064;23/09/2026 10:33:55;04/10/2026 18:25:33;27;0;01810869;04/10/2026 18:24:45;04/10/2026 18:25:33;04/10/2026 07:41:40;5;2;1
AM;98370;0069;0007;controle;;5071;5071;25/09/2026 10:58:32;04/10/2026 15:10:36;36;0;02470249;04/10/2026 15:10:31;04/10/2026 15:10:36;04/10/2026 05:24:03;4;2;1
MG;40690;0016;0185;controle;;4650;4650;21/09/2026 17:18:36;04/10/2026 17:05:19;11;0;02141188;04/10/2026 17:05:14;04/10/2026 17:05:19;04/10/2026 07:34:44;4;2;1
SE;31658;0011;0016;controle;;5763;5763;19/09/2026 11:37:35;04/10/2026 17:04:12;15;0;02199581;04/10/2026 17:04:07;04/10/2026 17:04:12;04/10/2026 07:31:16;5;2;1
RJ;58050;0093;0048;controle;;4406;4406;22/09/2026 11:16:22;04/10/2026 17:03:20;7;0;02405170;04/10/2026 17:03:15;04/10/2026 17:03:20;04/10/2026 07:59:28;6;2;1
SP;65790;0059;0459;controle;;5181;5181;28/09/2026 14:22:30;04/10/2026 17:05:04;4;1;02281120;04/10/2026 17:04:59;04/10/2026 17:05:04;04/10/2026 07:28:34;5;2;2
MT;91979;0016;0076;controle;;4141;4141;21/09/2026 08:10:58;04/10/2026 16:04:08;22;0;02457309;04/10/2026 16:04:03;04/10/2026 16:04:08;04/10/2026 06:37:44;4;2;1
SP;69531;0172;0008;controle;;5236;5236;23/09/2026 16:48:45;04/10/2026 17:05:09;8;0;02099704;04/10/2026 17:05:04;04/10/2026 17:05:09;04/10/2026 07:40:57;4;2;1
AL;27758;0053;0035;controle;;5039;5039;24/09/2026 09:12:59;04/10/2026 17:05:12;8;0;02074223;04/10/2026 17:05:07;04/10/2026 17:05:12;04/10/2026 07:52:25;5;2;1
RJ;58432;0107;0072;controle;;5854;5854;25/09/2026 10:46:16;04/10/2026 17:08:09;23;0;02469498;04/10/2026 17:08:04;04/10/2026 17:08:09;04/10/2026 07:26:38;4;2;1
RJ;58041;0154;0192;controle;;6126;6126;23/09/2026 09:42:01;04/10/2026 17:13:35;31;0;02238713;04/10/2026 17:13:30;04/10/2026 17:13:35;04/10/2026 08:01:31;7;2;1
MA;08915;0018;0065;controle;;6431;6431;24/09/2026 14:15:58;04/10/2026 17:54:16;19;0;01838781;04/10/2026 17:53:39;04/10/2026 17:54:16;04/10/2026 07:47:35;4;2;1
SC;81795;0105;0171;controle;;5982;5982;23/09/2026 15:17:10;04/10/2026 17:07:35;11;0;02347790;04/10/2026 17:07:30;04/10/2026 17:07:35;04/10/2026 07:40:50;4;2;1
PA;04332;0013;0213;controle;;6481;6481;24/09/2026 17:22:06;04/10/2026 17:57:57;32;0;02282378;04/10/2026 17:57:52;04/10/2026 17:57:57;04/10/2026 07:54:14;7;2;1
CE;13897;0116;0459;controle;;6962;6962;24/09/2026 12:36:14;04/10/2026 17:29:02;31;0;02252154;04/10/2026 17:28:57;04/10/2026 17:29:02;04/10/2026 07:49:42;4;2;1
MA;07161;0073;0094;controle;;5341;5341;29/09/2026 09:24:20;04/10/2026 17:21:41;21;0;02398678;04/10/2026 17:21:36;04/10/2026 17:21:41;04/10/2026 07:37:39;4;2;1
BA;39330;0128;0167;controle;;6140;6140;29/09/2026 09:52:51;04/10/2026 17:31:29;7;0;01655845;04/10/2026 17:31:01;04/10/2026 17:31:29;04/10/2026 07:56:42;4;2;1
DF;97012;0021;0349;controle;;5804;5804;24/09/2026 10:26:11;04/10/2026 17:21:23;7;0;01785747;04/10/2026 17:20:52;04/10/2026 17:21:23;04/10/2026 07:24:46;5;2;1
BA;39179;0190;0114;controle;;6674;6674;25/09/2026 17:22:06;04/10/2026 18:02:04;29;1;01771811;04/10/2026 18:01:20;04/10/2026 18:02:04;04/10/2026 07:23:01;4;2;1
SP;66370;0161;0120;controle;;5658;5658;25/09/2026 10:57:18;04/10/2026 17:05:02;10;0;02074778;04/10/2026 17:04:57;04/10/2026 17:05:02;04/10/2026 07:28:10;4;2;1
PR;79294;0019;0027;controle;;5886;5886;27/09/2026 10:19:40;04/10/2026 17:04:59;19;0;01676985;04/10/2026 17:04:22;04/10/2026 17:04:59;04/10/2026 07:56:21;5;2;1
AL;28258;0010;0087;controle;;7101;7101;25/09/2026 09:09:27;04/10/2026 17:37:17;5;0;01768445;04/10/2026 17:36:37;04/10/2026 17:37:17;04/10/2026 07:58:51;5;3;1
RS;88013;0111;0002;controle;;5499;5499;17/09/2026 08:54:56;04/10/2026 17:03:58;21;0;02393528;04/10/2026 17:03:53;04/10/2026 17:03:58;04/10/2026 07:50:35;6;2;1
RS;86371;0148;0254;controle;;7588;7588;22/09/2026 15:04:45;04/10/2026 17:08:05;25;0;01818694;04/10/2026 17:07:17;04/10/2026 17:08:05;04/10/2026 07:20:20;7;2;1
PE;24236;0025;0080;controle;;6050;6050;28/09/2026 09:43:18;04/10/2026 17:22:55;8;0;02173352;04/10/2026 17:22:50;04/10/2026 17:22:55;04/10/2026 07:19:20;4;2;1
SC;80896;0010;0122;controle;;6213;6213;26/09/2026 14:48:26;04/10/2026 17:06:06;18;0;02433306;04/10/2026 17:06:01;04/10/2026 17:06:06;04/10/2026 07:51:24;4;2;1
MG;51110;0237;0238;controle;;4463;4463;23/09/2026 13:46:59;04/10/2026 17:11:57;90;0;02077935;04/10/2026 17:11:52;04/10/2026 17:11:57;04/10/2026 10:16:34;5;2;1
SP;66370;0161;0159;controle;;6920;6920;26/09/2026 08:44:00;04/10/2026 17:11:37;15;0;02084405;04/10/2026 17:11:32;04/10/2026 17:11:37;04/10/2026 07:27:41;4;2;1
CE;15652;0061;0062;controle;;4318;4318;21/09/2026 11:05:12;04/10/2026 17:04:57;27;0;02246669;04/10/2026 17:04:52;04/10/2026 17:04:57;04/10/2026 07:17:19;4;2;1
PI;12440;0027;0175;controle;;5295;5295;29/09/2026 11:27:16;04/10/2026 17:04:28;12;0;02361486;04/10/2026 17:04:24;04/10/2026 17:04:28;04/10/2026 07:32:56;4;2;1
MG;49417;0202;0273;controle;;6633;6633;26/09/2026 14:31:45;04/10/2026 17:06:04;18;0;01774777;04/10/2026 17:05:15;04/10/2026 17:06:04;04/10/2026 07:22:51;4;2;1
RS;87050;0023;0064;controle;;4291;4291;18/09/2026 17:13:50;04/10/2026 17:04:21;11;0;02282160;04/10/2026 17:04:16;04/10/2026 17:04:21;04/10/2026 07:29:31;5;2;1
PR;74977;0166;0086;controle;;5268;5268;22/09/2026 11:20:21;04/10/2026 17:10:04;16;0;02334017;04/10/2026 17:09:59;04/10/2026 17:10:04;04/10/2026 08:09:11;4;2;1
MG;41238;0334;0243;controle;;6661;6661;25/09/2026 13:17:53;04/10/2026 17:11:09;16;0;02419511;04/10/2026 17:11:04;04/10/2026 17:11:09;04/10/2026 07:48:18;4;2;1
RJ;60011;0008;0479;controle;;7815;7815;24/09/2026 10:14:08;04/10/2026 17:43:53;19;0;01825771;04/10/2026 17:43:03;04/10/2026 17:43:53;04/10/2026 07:17:41;5;2;1
SP;71072;0005;0026;controle;;6482;6482;27/09/2026 11:24:51;04/10/2026 17:13:28;10;0;01834946;04/10/2026 17:12:40;04/10/2026 17:13:28;04/10/2026 07:43:01;5;2;1
GO;93734;0134;0413;controle;;6096;6096;22/09/2026 14:32:18;04/10/2026 17:05:32;17;0;02338614;04/10/2026 17:05:27;04/10/2026 17:05:32;04/10/2026 07:30:06;5;4;1
RS;88234;0055;0310;controle;;6341;6341;23/09/2026 12:50:20;04/10/2026 17:04:41;17;0;01802316;04/10/2026 17:03:54;04/10/2026 17:04:41;04/10/2026 07:25:43;5;2;1
RS;89354;0110;0180;controle;;4758;4758;22/09/2026 15:15:38;04/10/2026 17:06:34;14;0;01829641;04/10/2026 17:05:52;04/10/2026 17:06:34;04/10/2026 08:10:07;5;2;1
SP;61310;0384;0012;controle;;5814;5814;26/09/2026 14:25:12;04/10/2026 17:09:22;14;0;01835648;04/10/2026 17:08:32;04/10/2026 17:09:22;04/10/2026 07:32:32;4;2;1
ES;56316;0027;0017;controle;;5004;5004;21/09/2026 09:35:32;04/10/2026 17:08:35;17;0;02362599;04/10/2026 17:08:30;04/10/2026 17:08:35;04/10/2026 07:28:56;5;2;1
PR;75353;0002;0297;controle;;7264;7264;22/09/2026 12:15:39;04/10/2026 17:13:52;22;0;02323815;04/10/2026 17:13:48;04/10/2026 17:13:52;04/10/2026 07:12:21;5;2;1
SP;71072;0001;0142;controle;;5995;5995;23/09/2026 15:59:27;04/10/2026 17:12:13;15;0;02030555;04/10/2026 17:12:08;04/10/2026 17:12:13;04/10/2026 07:51:08;4;2;1
BA;35971;0027;0124;controle;;5897;5897;29/09/2026 10:49:21;04/10/2026 17:03:31;17;0;02175168;04/10/2026 17:03:26;04/10/2026 17:03:31;04/10/2026 07:16:52;5;2;1
PR;74950;0016;0110;controle;;6329;6329;25/09/2026 13:29:08;04/10/2026 17:04:39;9;0;02019398;04/10/2026 17:04:34;04/10/2026 17:04:39;04/10/2026 07:25:11;4;2;1
MG;40037;0001;0038;controle;;6270;6270;25/09/2026 17:36:34;04/10/2026 17:05:43;26;0;02009348;04/10/2026 17:05:38;04/10/2026 17:05:43;04/10/2026 07:41:37;4;2;1
GO;93025;0042;0085;controle;;5854;5854;29/09/2026 13:54:16;04/10/2026 17:07:52;20;0;02184583;04/10/2026 17:07:47;04/10/2026 17:07:52;04/10/2026 08:01:02;4;2;1
SP;71072;0350;0614;controle;;7097;7097;25/09/2026 15:38:24;04/10/2026 17:08:38;6;0;01829518;04/10/2026 17:07:50;04/10/2026 17:08:38;04/10/2026 07:57:24;4;2;1
ZZ;29416;0001;0051;controle;;3277;3277;16/09/2026 15:05:54;04/10/2026 17:05:43;25;0;01665989;04/10/2026 17:05:26;04/10/2026 17:05:43;04/10/2026 07:10:10;5;2;1
SP;71072;0389;0151;controle;;5914;5914;24/09/2026 11:11:59;04/10/2026 17:10:47;10;0;01816982;04/10/2026 17:09:59;04/10/2026 17:10:47;04/10/2026 07:50:52;4;2;1
PI;12190;0002;0450;controle;;7611;7611;24/09/2026 10:19:37;04/10/2026 18:37:37;46;0;02359509;04/10/2026 18:37:32;04/10/2026 18:37:37;04/10/2026 07:46:50;5;2;1
PR;78271;0141;0130;controle;;5971;5971;22/09/2026 18:13:55;04/10/2026 17:29:32;26;0;02436501;04/10/2026 17:29:27;04/10/2026 17:29:32;04/10/2026 07:24:59;4;2;1
CE;14532;0029;0157;controle;;6949;6949;28/09/2026 09:42:56;04/10/2026 19:25:29;30;0;01793728;04/10/2026 19:24:53;04/10/2026 19:25:29;04/10/2026 07:53:17;4;2;1
PI;10731;0041;0081;controle;;6123;6123;24/09/2026 12:46:20;04/10/2026 17:07:22;29;0;01846876;04/10/2026 17:06:45;04/10/2026 17:07:22;04/10/2026 08:05:41;4;2;1
PR;75353;0002;0358;controle;;7496;7496;22/09/2026 09:04:00;04/10/2026 17:05:47;17;0;02327133;04/10/2026 17:05:42;04/10/2026 17:05:47;04/10/2026 07:11:31;4;2;1
CE;13102;0099;0091;controle;;6048;6048;29/09/2026 20:37:58;04/10/2026 17:01:48;18;0;02203741;04/10/2026 17:01:43;04/10/2026 17:01:48;04/10/2026 07:08:17;4;2;1
MG;52930;0260;0171;controle;;5701;5701;27/09/2026 11:32:28;04/10/2026 17:17:09;21;0;02084671;04/10/2026 17:17:04;04/10/2026 17:17:09;04/10/2026 07:44:27;4;2;1
SP;70491;0187;0040;controle;;6471;6471;27/09/2026 13:19:42;04/10/2026 17:03:53;12;0;02182705;04/10/2026 17:03:48;04/10/2026 17:03:53;04/10/2026 07:27:44;5;3;1
MT;90336;0013;0159;controle;;6182;6182;22/09/2026 08:17:20;04/10/2026 16:39:42;14;0;02445773;04/10/2026 16:39:37;04/10/2026 16:39:42;04/10/2026 06:50:22;3;2;1
PI;10430;0096;0051;controle;;5743;5743;30/09/2026 10:20:00;04/10/2026 17:08:43;18;0;01799965;04/10/2026 17:08:09;04/10/2026 17:08:43;04/10/2026 07:59:49;4;2;1
CE;13897;0113;0166;controle;;6032;6032;21/09/2026 15:34:45;04/10/2026 17:09:27;19;0;02292456;04/10/2026 17:09:22;04/10/2026 17:09:27;04/10/2026 07:47:57;4;2;1
SP;65633;0377;0014;controle;;4869;4869;23/09/2026 14:52:55;04/10/2026 17:07:57;14;1;02140208;04/10/2026 17:07:51;04/10/2026 17:07:57;04/10/2026 07:51:05;4;2;1
SC;80063;0015;0191;controle;;4213;4213;23/09/2026 13:34:39;04/10/2026 17:04:23;12;0;01681538;04/10/2026 17:04:01;04/10/2026 17:04:23;04/10/2026 07:38:02;4;2;1
BA;34150;0078;0188;controle;;5756;5756;22/09/2026 17:34:53;04/10/2026 17:20:20;8;0;01766951;04/10/2026 17:19:43;04/10/2026 17:20:20;04/10/2026 07:47:33;4;2;1
SP;61280;0272;0462;controle;;5907;5907;25/09/2026 14:19:52;04/10/2026 17:05:06;11;0;02288267;04/10/2026 17:05:02;04/10/2026 17:05:06;04/10/2026 07:26:00;4;2;1
PE;26212;0075;0150;controle;;5474;5474;24/09/2026 09:16:36;04/10/2026 17:07:29;9;0;02359470;04/10/2026 17:07:24;04/10/2026 17:07:29;04/10/2026 08:05:02;4;2;1
PI;10332;0067;0092;controle;;5887;5887;18/09/2026 21:22:21;04/10/2026 17:06:05;16;0;02358079;04/10/2026 17:06:00;04/10/2026 17:06:05;04/10/2026 07:29:11;4;2;1
DF;97012;0016;0301;controle;;5198;5198;24/09/2026 09:08:01;04/10/2026 17:05:47;13;0;02029018;04/10/2026 17:05:42;04/10/2026 17:05:47;04/10/2026 07:28:11;4;2;1
CE;14931;0049;0142;controle;;5765;5765;24/09/2026 13:51:23;04/10/2026 17:07:48;19;1;02307754;04/10/2026 17:07:43;04/10/2026 17:07:48;04/10/2026 07:49:45;5;4;1
RJ;58491;0148;0293;controle;;5453;5453;25/09/2026 14:00:55;04/10/2026 17:06:10;13;0;02443287;04/10/2026 17:06:05;04/10/2026 17:06:10;04/10/2026 08:09:06;5;2;1
PB;19674;0068;0023;controle;;5907;5907;25/09/2026 08:31:36;04/10/2026 18:48:55;15;0;02364979;04/10/2026 18:48:50;04/10/2026 18:48:55;04/10/2026 07:28:17;4;2;1
MG;41238;0030;0307;controle;;4500;4500;20/09/2026 11:18:09;04/10/2026 17:05:00;8;0;02273421;04/10/2026 17:04:55;04/10/2026 17:05:00;04/10/2026 07:15:55;4;2;1
AL;28673;0051;0084;controle;;6814;6814;20/09/2026 15:07:48;04/10/2026 19:02:13;13;0;01805342;04/10/2026 19:01:34;04/10/2026 19:02:13;04/10/2026 07:32:52;6;2;1
SP;71838;0141;0212;controle;;6267;6267;26/09/2026 08:45:59;04/10/2026 17:08:14;23;0;02089217;04/10/2026 17:08:09;04/10/2026 17:08:14;04/10/2026 07:40:20;4;2;1
MG;41378;0042;0081;controle;;5303;5303;19/09/2026 10:52:20;04/10/2026 17:04:24;12;1;02408642;04/10/2026 17:04:19;04/10/2026 17:04:24;04/10/2026 08:01:54;5;4;1
PR;77453;0005;0227;controle;;7422;7422;22/09/2026 16:20:50;04/10/2026 17:45:46;40;0;02095001;04/10/2026 17:45:41;04/10/2026 17:45:46;04/10/2026 07:24:56;5;2;1
MA;07269;0095;0253;controle;;6209;6209;30/09/2026 11:02:17;04/10/2026 17:22:12;30;0;02027073;04/10/2026 17:22:07;04/10/2026 17:22:12;04/10/2026 07:36:07;5;2;1
MA;09636;0082;0039;controle;;7362;7362;30/09/2026 15:16:18;04/10/2026 18:45:48;25;0;02096237;04/10/2026 18:45:43;04/10/2026 18:45:48;04/10/2026 07:36:23;3;2;1
MA;07994;0031;0127;controle;;6350;6350;24/09/2026 14:08:41;04/10/2026 17:09:18;16;0;02261143;04/10/2026 17:09:13;04/10/2026 17:09:18;04/10/2026 08:03:25;4;2;1
GO;96415;0031;0104;controle;;6501;6501;29/09/2026 10:24:12;04/10/2026 17:03:00;13;0;02028904;04/10/2026 17:02:55;04/10/2026 17:03:00;04/10/2026 07:55:05;4;2;1
PE;25313;0001;0074;controle;;6475;6475;22/09/2026 10:02:08;04/10/2026 17:10:47;30;0;02337304;04/10/2026 17:10:42;04/10/2026 17:10:47;04/10/2026 07:48:43;4;2;1
PB;19810;0016;0037;controle;;4609;4609;24/09/2026 08:57:41;04/10/2026 17:03:27;30;0;02166987;04/10/2026 17:03:23;04/10/2026 17:03:27;04/10/2026 07:58:24;4;2;1
BA;33154;0112;0188;controle;;7511;7511;29/09/2026 11:14:09;04/10/2026 18:48:34;9;0;02406448;04/10/2026 18:48:29;04/10/2026 18:48:34;04/10/2026 08:01:45;4;2;1
MG;49590;0210;0336;controle;;6625;6625;19/09/2026 13:18:15;04/10/2026 17:05:24;21;0;02011376;04/10/2026 17:05:19;04/10/2026 17:05:24;04/10/2026 07:20:37;4;2;1
MG;45950;0288;0396;controle;;6901;6901;20/09/2026 11:38:11;04/10/2026 17:06:23;31;0;02421842;04/10/2026 17:06:18;04/10/2026 17:06:23;04/10/2026 07:35:26;4;2;1
BA;30872;0186;0051;controle;;5254;5254;21/09/2026 14:25:34;04/10/2026 17:05:47;17;0;01652044;04/10/2026 17:05:19;04/10/2026 17:05:47;04/10/2026 07:43:23;4;2;1
ES;56154;0007;0021;controle;;4936;4936;22/09/2026 10:11:27;04/10/2026 17:10:22;27;0;02365246;04/10/2026 17:10:17;04/10/2026 17:10:22;04/10/2026 07:24:58;5;2;1
PR;76678;0157;0384;controle;;6277;6277;24/09/2026 10:05:37;04/10/2026 17:04:16;14;0;02082149;04/10/2026 17:04:11;04/10/2026 17:04:16;04/10/2026 07:40:46;4;2;1
MG;47210;0176;0150;controle;;4810;4810;20/09/2026 16:00:31;04/10/2026 17:05:46;11;0;01754955;04/10/2026 17:05:11;04/10/2026 17:05:46;04/10/2026 08:07:31;5;2;1
RO;00477;0021;0338;controle;;5026;5026;22/09/2026 13:05:57;04/10/2026 16:08:42;5;2;02273158;04/10/2026 16:08:37;04/10/2026 16:08:42;04/10/2026 06:56:37;6;2;3
MG;54410;0284;0162;controle;;7226;7226;20/09/2026 16:11:02;04/10/2026 18:08:56;14;0;01841486;04/10/2026 18:08:07;04/10/2026 18:08:56;04/10/2026 07:47:12;4;2;1
BA;34096;0115;0138;controle;;7141;7141;01/10/2026 11:51:31;04/10/2026 18:42:47;42;0;02413716;04/10/2026 18:42:42;04/10/2026 18:42:47;04/10/2026 07:28:46;4;2;1
MT;91553;0038;0181;controle;;3949;3949;25/09/2026 14:35:01;04/10/2026 16:05:05;27;0;02467141;04/10/2026 16:05:00;04/10/2026 16:05:05;04/10/2026 06:56:32;4;2;1
SP;70971;0268;0118;controle;;5987;5987;25/09/2026 10:48:18;04/10/2026 17:07:33;12;0;02182228;04/10/2026 17:07:28;04/10/2026 17:07:33;04/10/2026 07:37:00;4;2;1
ES;56936;0037;0066;controle;;4450;4450;22/09/2026 11:11:21;04/10/2026 17:11:19;10;0;02341718;04/10/2026 17:11:14;04/10/2026 17:11:19;04/10/2026 07:34:49;4;2;1
SP;72435;0220;0161;controle;;5982;5982;23/09/2026 14:41:47;04/10/2026 17:10:18;22;0;01808069;04/10/2026 17:09:30;04/10/2026 17:10:18;04/10/2026 07:45:28;4;2;1
BA;38636;0072;0044;controle;;4221;4221;28/09/2026 11:14:39;04/10/2026 17:08:51;26;0;01673587;04/10/2026 17:08:29;04/10/2026 17:08:51;04/10/2026 07:42:22;4;2;1
SP;71072;0381;0045;controle;;4995;4995;27/09/2026 14:26:27;04/10/2026 17:11:00;11;0;02079303;04/10/2026 17:10:55;04/10/2026 17:11:00;04/10/2026 07:41:15;4;2;1
RS;87718;0076;0265;controle;;5046;5046;22/09/2026 16:38:27;04/10/2026 17:04:07;7;1;02162737;04/10/2026 17:04:02;04/10/2026 17:04:07;04/10/2026 07:46:14;6;3;1
MG;42170;0061;0047;controle;;5733;5733;21/09/2026 16:01:53;04/10/2026 17:04:46;14;0;02063412;04/10/2026 17:04:41;04/10/2026 17:04:46;04/10/2026 07:36:16;4;2;1
PB;22110;0058;0092;controle;;6414;6414;21/09/2026 16:49:01;04/10/2026 18:19:07;10;0;02032847;04/10/2026 18:19:02;04/10/2026 18:19:07;04/10/2026 07:17:45;4;2;1
SP;67113;0073;0065;controle;;6245;6245;27/09/2026 09:24:24;04/10/2026 17:08:46;16;0;02265265;04/10/2026 17:08:41;04/10/2026 17:08:46;04/10/2026 07:18:45;5;2;1
PE;25313;0006;0165;controle;;7487;7487;23/09/2026 09:51:57;04/10/2026 18:37:02;26;0;02363841;04/10/2026 18:36:57;04/10/2026 18:37:02;04/10/2026 07:35:33;4;2;1
PR;76910;0137;0152;controle;;6020;6020;26/09/2026 09:24:50;04/10/2026 17:03:44;15;0;02081276;04/10/2026 17:03:39;04/10/2026 17:03:44;04/10/2026 07:41:05;5;2;1
SP;62090;0021;0212;controle;;6289;6289;28/09/2026 20:53:12;04/10/2026 17:07:07;17;0;02189350;04/10/2026 17:07:02;04/10/2026 17:07:07;04/10/2026 07:41:38;4;2;1
PE;25313;0009;0349;controle;;6945;6945;24/09/2026 09:38:38;04/10/2026 17:10:01;23;0;02389487;04/10/2026 17:09:56;04/10/2026 17:10:01;04/10/2026 07:38:28;4;2;1
RJ;60011;0119;0367;controle;;5811;5811;21/09/2026 13:08:05;04/10/2026 17:08:53;8;0;01779978;04/10/2026 17:08:09;04/10/2026 17:08:53;04/10/2026 08:23:49;7;2;1
SE;31950;0034;0202;controle;;7669;7669;24/09/2026 08:51:09;04/10/2026 17:16:34;7;0;02174701;04/10/2026 17:16:29;04/10/2026 17:16:34;04/10/2026 07:30:39;4;2;1
BA;35157;0154;0305;controle;;6566;6566;28/09/2026 12:43:53;04/10/2026 17:19:40;9;0;01762417;04/10/2026 17:18:55;04/10/2026 17:19:40;04/10/2026 07:25:34;4;2;1
PE;24350;0085;0233;controle;;7383;7383;26/09/2026 10:42:19;04/10/2026 17:54:50;5;0;02160954;04/10/2026 17:54:45;04/10/2026 17:54:50;04/10/2026 07:27:15;4;2;1
SP;67890;0331;0224;controle;;5829;5829;28/09/2026 09:54:47;04/10/2026 17:05:07;13;0;02382277;04/10/2026 17:05:02;04/10/2026 17:05:07;04/10/2026 07:21:53;5;2;1
PR;74713;0078;0134;controle;;5223;5223;27/09/2026 11:17:49;04/10/2026 17:06:39;12;0;01772090;04/10/2026 17:06:05;04/10/2026 17:06:39;04/10/2026 07:38:14;4;2;1
BA;38377;0093;0080;controle;;4811;4811;22/09/2026 08:39:30;04/10/2026 17:07:10;14;0;02038837;04/10/2026 17:07:05;04/10/2026 17:07:10;04/10/2026 07:50:13;5;2;1
MT;90670;0039;0415;controle;;5631;5631;23/09/2026 14:37:23;04/10/2026 16:06:37;20;0;02266910;04/10/2026 16:06:32;04/10/2026 16:06:37;04/10/2026 06:23:23;4;2;1
AP;06157;0006;0209;controle;;6256;6256;01/10/2026 15:10:46;04/10/2026 17:56:15;9;0;02014327;04/10/2026 17:56:10;04/10/2026 17:56:15;04/10/2026 07:29:12;3;2;1
AL;28258;0010;0068;controle;;7383;7383;25/09/2026 13:57:53;04/10/2026 19:34:30;37;0;01812447;04/10/2026 19:33:56;04/10/2026 19:34:30;04/10/2026 08:10:45;5;2;1
RN;17116;0023;0068;controle;;3714;3714;22/09/2026 11:09:48;04/10/2026 17:11:51;13;0;02382719;04/10/2026 17:11:46;04/10/2026 17:11:51;04/10/2026 07:51:52;7;2;1
MA;07161;0073;0160;controle;;5754;5754;29/09/2026 09:58:50;04/10/2026 17:20:26;18;0;02421956;04/10/2026 17:20:21;04/10/2026 17:20:26;04/10/2026 07:44:20;4;2;1
SP;69396;0042;0196;controle;;6254;6254;27/09/2026 12:52:12;04/10/2026 17:06:44;10;0;02295225;04/10/2026 17:06:39;04/10/2026 17:06:44;04/10/2026 08:01:25;4;2;1
RS;88927;0110;0033;controle;;7068;7068;23/09/2026 12:50:26;04/10/2026 19:07:58;22;0;01768469;04/10/2026 19:07:36;04/10/2026 19:07:58;04/10/2026 08:10:21;6;2;1
MA;08699;0037;0048;controle;;6520;6520;01/10/2026 09:27:23;04/10/2026 19:10:57;31;0;02027766;04/10/2026 19:10:52;04/10/2026 19:10:57;04/10/2026 07:56:44;4;2;1
MS;91880;0026;0075;controle;;5822;5822;29/09/2026 08:23:52;04/10/2026 16:25:56;14;0;02149732;04/10/2026 16:25:52;04/10/2026 16:25:56;04/10/2026 06:51:57;4;2;1
SP;65374;0301;0056;controle;;6891;6891;26/09/2026 11:44:43;04/10/2026 17:03:40;26;0;02302626;04/10/2026 17:03:35;04/10/2026 17:03:40;04/10/2026 07:47:00;4;2;1
DF;97012;0019;0023;controle;;5552;5552;25/09/2026 08:56:34;04/10/2026 17:08:43;7;0;02013992;04/10/2026 17:08:38;04/10/2026 17:08:43;04/10/2026 07:50:36;4;2;1
RS;85618;0143;0126;controle;;6291;6291;17/09/2026 14:52:04;04/10/2026 17:05:59;25;1;02201400;04/10/2026 17:05:54;04/10/2026 17:05:59;04/10/2026 08:03:30;5;4;1
RS;86894;0096;0124;controle;;6978;6978;24/09/2026 13:30:15;04/10/2026 17:12:25;1;0;02328557;04/10/2026 17:12:20;04/10/2026 17:12:25;04/10/2026 07:42:40;5;2;1
SP;70793;0121;0074;controle;;3678;3678;26/09/2026 09:59:53;04/10/2026 17:02:21;7;0;02142436;04/10/2026 17:02:16;04/10/2026 17:02:21;04/10/2026 07:28:28;6;2;1
BA;35815;0062;0096;controle;;465;0;;;0;0;;;;;0;0;0
TO;92410;0001;0036;controle;;5769;5769;24/09/2026 12:26:30;04/10/2026 17:10:21;9;0;02152753;04/10/2026 17:10:16;04/10/2026 17:10:21;04/10/2026 07:31:22;4;2;1
PA;04413;0012;0289;controle;;6461;6461;23/09/2026 11:02:35;04/10/2026 18:34:45;71;0;02024228;04/10/2026 18:34:40;04/10/2026 18:34:45;04/10/2026 07:42:32;3;2;1
SE;31054;0001;0533;controle;;6541;6541;25/09/2026 13:57:35;04/10/2026 17:12:02;11;0;01793702;04/10/2026 17:11:25;04/10/2026 17:12:02;04/10/2026 08:00:23;4;2;1
MA;07374;0111;0100;controle;;6070;6070;30/09/2026 14:55:01;04/10/2026 17:54:10;16;0;02083822;04/10/2026 17:54:05;04/10/2026 17:54:10;04/10/2026 07:36:38;4;2;1
RJ;58653;0071;0114;controle;;6449;6449;22/09/2026 09:47:40;04/10/2026 17:06:59;15;0;02043876;04/10/2026 17:06:54;04/10/2026 17:06:59;04/10/2026 07:25:13;5;2;1
PE;26298;0127;0328;controle;;7961;7961;21/09/2026 11:33:14;04/10/2026 18:35:19;21;0;02350292;04/10/2026 18:35:14;04/10/2026 18:35:19;04/10/2026 07:38:24;4;2;1
PA;04073;0021;0251;controle;;7038;7038;23/09/2026 18:07:13;04/10/2026 19:34:25;29;1;01796785;04/10/2026 19:33:41;04/10/2026 19:34:25;04/10/2026 07:52:12;4;2;1
RS;87718;0172;0182;controle;;6748;6748;23/09/2026 14:43:14;04/10/2026 17:29:32;14;0;02159972;04/10/2026 17:29:27;04/10/2026 17:29:32;04/10/2026 07:58:41;5;2;1
RJ;60011;0017;0313;controle;;4291;4291;22/09/2026 15:49:00;04/10/2026 17:05:49;6;0;02008429;04/10/2026 17:05:44;04/10/2026 17:05:49;04/10/2026 07:51:08;4;2;1
MG;47295;0144;0082;controle;;4362;4362;22/09/2026 13:28:01;04/10/2026 17:04:22;26;0;02100116;04/10/2026 17:04:17;04/10/2026 17:04:22;04/10/2026 07:48:32;6;3;1
ES;56235;0002;0022;controle;;6381;6381;24/09/2026 13:53:38;04/10/2026 17:09:19;25;0;02039872;04/10/2026 17:09:14;04/10/2026 17:09:19;04/10/2026 07:40:49;6;2;1
PR;79693;0135;0001;controle;;5731;5731;24/09/2026 10:18:06;04/10/2026 17:04:20;21;0;01662310;04/10/2026 17:03:47;04/10/2026 17:04:20;04/10/2026 07:29:13;4;2;1
PI;12254;0018;0050;controle;;5598;5598;29/09/2026 13:47:08;04/10/2026 17:08:29;22;0;01801084;04/10/2026 17:07:45;04/10/2026 17:08:29;04/10/2026 07:42:33;4;2;1
GO;93734;0134;0510;controle;;7068;7068;22/09/2026 14:19:21;04/10/2026 17:13:33;16;0;02344886;04/10/2026 17:13:28;04/10/2026 17:13:33;04/10/2026 07:33:26;5;2;1
SP;63533;0236;0046;controle;;5544;5544;27/09/2026 13:49:35;04/10/2026 17:15:24;12;3;01848019;04/10/2026 17:14:31;04/10/2026 17:15:24;04/10/2026 08:05:22;5;6;1
MG;41238;0032;0088;controle;;4972;4972;24/09/2026 08:57:53;04/10/2026 17:06:49;14;0;02412720;04/10/2026 17:06:44;04/10/2026 17:06:49;04/10/2026 07:52:55;4;2;1
TO;92576;0011;0025;controle;;5901;5901;24/09/2026 09:20:34;04/10/2026 17:20:14;31;0;02253804;04/10/2026 17:20:09;04/10/2026 17:20:14;04/10/2026 07:39:58;5;2;1
PE;26271;0018;0270;controle;;7243;7243;25/09/2026 09:15:12;04/10/2026 18:39:28;18;0;02170870;04/10/2026 18:39:23;04/10/2026 18:39:28;04/10/2026 07:39:42;4;2;1
BA;37214;0185;0028;controle;;5697;5697;29/09/2026 10:03:52;04/10/2026 17:06:57;17;1;02246197;04/10/2026 17:06:52;04/10/2026 17:06:57;04/10/2026 07:13:54;5;2;1
CE;13498;0070;0420;controle;;2831;2831;23/09/2026 13:47:31;04/10/2026 17:04:53;9;0;02188096;04/10/2026 17:04:49;04/10/2026 17:04:53;04/10/2026 07:47:39;4;2;1
SP;71579;0416;0209;controle;;6039;6039;26/09/2026 13:09:57;04/10/2026 17:06:48;17;0;02143047;04/10/2026 17:06:42;04/10/2026 17:06:48;04/10/2026 07:50:04;4;2;1
PA;04278;0001;0032;controle;;6571;6571;23/09/2026 09:36:02;04/10/2026 17:04:27;13;0;02199165;04/10/2026 17:04:22;04/10/2026 17:04:27;04/10/2026 07:40:21;5;2;1
SP;72370;0345;0208;controle;;87;0;;;0;0;;;;;0;0;0
RS;87734;0077;0003;controle;;6174;6174;21/09/2026 15:19:40;04/10/2026 17:07:07;36;0;01785542;04/10/2026 17:06:22;04/10/2026 17:07:07;04/10/2026 07:57:00;5;2;1
SP;71072;0320;0218;controle;;7203;7203;28/09/2026 09:45:39;04/10/2026 17:09:37;17;0;02381781;04/10/2026 17:09:32;04/10/2026 17:09:37;04/10/2026 07:18:36;5;2;1
MG;42870;0077;0085;controle;;6319;6319;20/09/2026 13:56:49;04/10/2026 17:13:50;13;0;02248331;04/10/2026 17:13:46;04/10/2026 17:13:50;04/10/2026 07:40:30;4;2;1
MG;45535;0318;0017;controle;;5470;5470;21/09/2026 15:28:32;04/10/2026 17:04:05;14;0;02459305;04/10/2026 17:04:00;04/10/2026 17:04:05;04/10/2026 07:32:45;4;2;1
SP;64777;0279;0075;controle;;5165;5165;23/09/2026 15:20:30;04/10/2026 17:03:26;12;0;02387687;04/10/2026 17:03:21;04/10/2026 17:03:26;04/10/2026 07:31:15;4;2;1
SP;71455;0356;0504;controle;;5781;5781;26/09/2026 11:04:24;04/10/2026 17:04:37;8;0;02311684;04/10/2026 17:04:32;04/10/2026 17:04:37;04/10/2026 07:15:29;4;2;1
MG;45799;0284;0004;controle;;4863;4863;19/09/2026 10:52:40;04/10/2026 17:06:41;12;1;01836632;04/10/2026 17:06:01;04/10/2026 17:06:41;04/10/2026 07:52:12;4;4;1
SP;62197;0387;0186;controle;;5034;5034;24/09/2026 12:50:10;04/10/2026 17:04:06;8;0;02102112;04/10/2026 17:04:01;04/10/2026 17:04:06;04/10/2026 07:30:47;5;3;1
MG;46752;0140;0201;controle;;5826;5826;25/09/2026 13:01:14;04/10/2026 17:09:53;10;0;01841407;04/10/2026 17:09:05;04/10/2026 17:09:53;04/10/2026 07:53:10;3;2;1
MG;49611;0211;0105;controle;;6819;6819;24/09/2026 10:01:01;04/10/2026 17:59:35;17;0;02036872;04/10/2026 17:59:31;04/10/2026 17:59:35;04/10/2026 07:44:29;5;2;1
RJ;58696;0158;0178;controle;;6669;6669;21/09/2026 11:30:48;04/10/2026 17:13:29;11;1;02046768;04/10/2026 17:13:24;04/10/2026 17:13:29;04/10/2026 07:31:54;5;2;1
SP;67890;0276;0196;controle;;5895;5895;27/09/2026 13:29:57;04/10/2026 17:16:33;13;0;01832132;04/10/2026 17:15:42;04/10/2026 17:16:33;04/10/2026 07:39:57;4;2;1
RS;89516;0057;0269;controle;;5990;5990;23/09/2026 12:37:29;04/10/2026 17:36:13;20;0;02406248;04/10/2026 17:36:08;04/10/2026 17:36:13;04/10/2026 08:08:01;7;3;1
PR;74837;0031;0016;controle;;6123;6123;25/09/2026 10:32:30;04/10/2026 17:04:34;12;1;02065589;04/10/2026 17:04:29;04/10/2026 17:04:34;04/10/2026 07:55:37;6;2;1
SP;63118;0206;0323;controle;;4803;4803;24/09/2026 15:06:17;04/10/2026 17:10:21;16;0;02147086;04/10/2026 17:10:16;04/10/2026 17:10:21;04/10/2026 07:38:53;5;2;1
RR;03018;0005;0150;controle;;5315;5315;25/09/2026 08:15:12;04/10/2026 16:16:53;53;0;02232892;04/10/2026 16:16:48;04/10/2026 16:16:53;04/10/2026 07:01:23;3;2;1
RJ;60011;0246;0243;controle;;8397;8397;23/09/2026 14:37:13;04/10/2026 18:10:42;7;0;02155152;04/10/2026 18:10:37;04/10/2026 18:10:42;04/10/2026 07:28:17;5;2;1
MT;90107;0036;0148;controle;;6378;6378;24/09/2026 11:12:43;04/10/2026 16:08:19;10;0;02024173;04/10/2026 16:08:14;04/10/2026 16:08:19;04/10/2026 06:25:45;4;2;1
SP;66893;0339;0224;controle;;5314;5314;26/09/2026 09:53:12;04/10/2026 17:05:45;12;0;02389749;04/10/2026 17:05:41;04/10/2026 17:05:45;04/10/2026 07:36:53;4;2;1
BA;38490;0007;0140;controle;;379;0;;;0;0;;;;;0;0;0
BA;39039;0096;0019;controle;;7466;7466;01/10/2026 09:43:39;04/10/2026 18:54:41;23;0;02253685;04/10/2026 18:54:36;04/10/2026 18:54:41;04/10/2026 07:23:59;4;2;1
CE;15377;0009;0251;controle;;6795;6795;22/09/2026 09:46:20;04/10/2026 17:14:43;18;0;01817954;04/10/2026 17:13:59;04/10/2026 17:14:43;04/10/2026 07:37:48;4;2;1
RO;00116;0009;0017;controle;;4258;4258;24/09/2026 09:17:18;04/10/2026 16:06:46;9;0;02019578;04/10/2026 16:06:41;04/10/2026 16:06:46;04/10/2026 06:20:20;6;2;1
BA;38377;0093;0173;controle;;5922;5922;22/09/2026 12:12:05;04/10/2026 17:09:25;15;0;02122210;04/10/2026 17:09:20;04/10/2026 17:09:25;04/10/2026 07:27:19;5;2;1
RS;87718;0172;0034;controle;;5656;5656;21/09/2026 15:04:19;04/10/2026 17:05:50;26;0;02163969;04/10/2026 17:05:45;04/10/2026 17:05:50;04/10/2026 07:41:46;5;2;1
RJ;58696;0156;0080;controle;;6152;6152;28/09/2026 10:13:33;04/10/2026 17:18:01;39;0;02044756;04/10/2026 17:17:56;04/10/2026 17:18:01;04/10/2026 07:45:58;5;2;1
SP;70998;0127;0267;controle;;4158;4158;25/09/2026 10:05:21;04/10/2026 17:08:03;14;0;02087746;04/10/2026 17:07:58;04/10/2026 17:08:03;04/10/2026 07:37:25;4;2;1
PE;25976;0027;0043;controle;;6461;6461;28/09/2026 09:20:42;04/10/2026 18:02:18;9;1;02159937;04/10/2026 18:02:13;04/10/2026 18:02:18;04/10/2026 07:32:11;4;2;1
BA;38490;0010;0507;controle;;7686;7686;22/09/2026 10:27:28;04/10/2026 17:19:17;20;0;02429122;04/10/2026 17:19:12;04/10/2026 17:19:17;04/10/2026 07:37:34;5;2;1
RN;16853;0032;0082;controle;;6999;6999;23/09/2026 10:28:44;04/10/2026 17:07:46;16;0;02360481;04/10/2026 17:07:41;04/10/2026 17:07:46;04/10/2026 07:39:44;4;2;1
MT;98817;0033;0262;controle;;4371;4371;24/09/2026 15:48:27;04/10/2026 16:07:41;18;0;02023827;04/10/2026 16:07:36;04/10/2026 16:07:41;04/10/2026 06:39:47;4;2;1
SP;61310;0384;0002;controle;;7292;7292;25/09/2026 13:38:04;04/10/2026 17:10:18;11;0;01829251;04/10/2026 17:09:31;04/10/2026 17:10:18;04/10/2026 07:26:12;5;2;1
PE;23639;0130;0100;controle;;6938;6938;26/09/2026 08:37:43;04/10/2026 19:18:10;7;1;01770227;04/10/2026 19:17:32;04/10/2026 19:18:10;04/10/2026 07:39:44;4;4;1
SP;62910;0275;0039;controle;;6897;6897;26/09/2026 16:32:11;04/10/2026 17:05:14;4;0;01820472;04/10/2026 17:04:24;04/10/2026 17:05:14;04/10/2026 07:36:57;4;2;1
RS;88692;0049;0012;controle;;3968;3968;23/09/2026 14:26:44;04/10/2026 17:07:03;13;1;01665643;04/10/2026 17:06:43;04/10/2026 17:07:03;04/10/2026 07:51:54;5;2;1
MG;48771;0187;0075;controle;;5712;5712;23/09/2026 14:02:10;04/10/2026 17:04:25;28;1;02401881;04/10/2026 17:04:20;04/10/2026 17:04:25;04/10/2026 07:58:31;4;4;1
GO;92657;0032;0014;controle;;6547;6547;24/09/2026 13:17:30;04/10/2026 17:15:32;28;0;02158213;04/10/2026 17:15:27;04/10/2026 17:15:32;04/10/2026 07:32:08;4;2;1
GO;93017;0008;0187;controle;;6520;6520;25/09/2026 09:40:12;04/10/2026 17:25:29;22;0;02011903;04/10/2026 17:25:24;04/10/2026 17:25:29;04/10/2026 07:34:39;5;4;1
AL;27855;0054;0561;controle;;4813;4813;28/09/2026 09:18:06;04/10/2026 17:21:28;15;0;02072293;04/10/2026 17:21:23;04/10/2026 17:21:28;04/10/2026 07:59:50;4;2;1
SC;82112;0042;0147;controle;;6529;6529;26/09/2026 13:20:53;04/10/2026 17:05:05;22;0;02046354;04/10/2026 17:05:00;04/10/2026 17:05:05;04/10/2026 07:49:42;4;2;1
GO;92215;0003;0447;controle;;6468;6468;21/09/2026 11:05:34;04/10/2026 17:05:10;23;0;02367742;04/10/2026 17:05:05;04/10/2026 17:05:10;04/10/2026 07:57:07;4;2;1
PA;04766;0014;0081;controle;;5172;5172;24/09/2026 09:31:43;04/10/2026 17:10:43;37;0;02156348;04/10/2026 17:10:38;04/10/2026 17:10:43;04/10/2026 07:31:36;5;2;1
PA;04847;0061;0120;controle;;6691;6691;24/09/2026 10:49:09;04/10/2026 18:47:39;17;0;02026032;04/10/2026 18:47:34;04/10/2026 18:47:39;04/10/2026 07:31:36;4;2;1
SP;72370;0345;0025;controle;;6498;6498;26/09/2026 15:01:08;04/10/2026 17:09:38;30;0;02215194;04/10/2026 17:09:33;04/10/2026 17:09:38;04/10/2026 08:01:48;4;2;1
MA;09296;0099;0166;controle;;2873;2873;30/09/2026 18:17:26;04/10/2026 17:20:21;6;0;02139254;04/10/2026 17:20:16;04/10/2026 17:20:21;04/10/2026 07:22:06;6;3;2
SP;71072;0257;0507;controle;;6561;6561;23/09/2026 16:31:39;04/10/2026 17:06:38;30;0;02056847;04/10/2026 17:06:33;04/10/2026 17:06:38;04/10/2026 07:40:06;4;2;1
SP;63452;0075;0044;controle;;4618;4618;24/09/2026 09:24:13;04/10/2026 17:06:14;9;0;01787192;04/10/2026 17:05:29;04/10/2026 17:06:14;04/10/2026 07:58:10;4;2;1
PR;76236;0093;0058;controle;;6390;6390;24/09/2026 08:26:47;04/10/2026 17:11:43;12;0;02062290;04/10/2026 17:11:38;04/10/2026 17:11:43;04/10/2026 07:27:15;4;2;1
PE;23280;0026;0050;controle;;7374;7374;23/09/2026 09:33:40;04/10/2026 18:35:34;31;0;01769807;04/10/2026 18:34:43;04/10/2026 18:35:34;04/10/2026 07:32:52;4;2;1
MG;41238;0034;0094;controle;;6384;6384;23/09/2026 13:28:27;04/10/2026 17:04:36;18;0;02331474;04/10/2026 17:04:31;04/10/2026 17:04:36;04/10/2026 07:21:06;4;2;1
MG;47236;0150;0161;controle;;3879;3879;23/09/2026 13:18:05;04/10/2026 17:04:44;17;0;01755222;04/10/2026 17:03:57;04/10/2026 17:04:44;04/10/2026 07:52:49;4;2;1
MG;44458;0102;0170;controle;;7628;7628;22/09/2026 13:36:39;04/10/2026 17:10:44;28;0;02425330;04/10/2026 17:10:39;04/10/2026 17:10:44;04/10/2026 07:36:31;4;2;1
SC;81795;0019;0603;controle;;7300;7300;26/09/2026 13:22:54;04/10/2026 17:04:01;6;0;02450097;04/10/2026 17:03:56;04/10/2026 17:04:01;04/10/2026 07:51:59;4;2;1
CE;13897;0095;0276;controle;;6057;6057;23/09/2026 08:54:47;04/10/2026 17:07:36;19;0;02333458;04/10/2026 17:07:31;04/10/2026 17:07:36;04/10/2026 07:51:11;4;2;1
MA;09210;0089;0057;controle;;6998;6998;29/09/2026 08:03:33;04/10/2026 17:31:47;20;0;01814586;04/10/2026 17:31:10;04/10/2026 17:31:47;04/10/2026 07:48:39;6;3;1
SC;80942;0011;0040;controle;;5761;5761;22/09/2026 17:15:43;04/10/2026 17:03:14;27;0;01770515;04/10/2026 17:02:30;04/10/2026 17:03:14;04/10/2026 07:38:56;4;2;1
AC;01457;0003;0034;controle;;5399;5399;23/09/2026 11:47:24;04/10/2026 15:11:05;21;0;02046094;04/10/2026 15:11:00;04/10/2026 15:11:05;04/10/2026 06:01:04;4;2;1
GO;93734;0135;0061;controle;;6388;6388;28/09/2026 08:52:27;04/10/2026 17:06:03;28;0;02466377;04/10/2026 17:05:59;04/10/2026 17:06:03;04/10/2026 07:32:21;4;2;1
RJ;58971;0132;0187;controle;;7015;7015;23/09/2026 09:45:48;04/10/2026 17:16:58;25;0;02223186;04/10/2026 17:16:53;04/10/2026 17:16:58;04/10/2026 07:54:13;6;2;1
GO;94331;0018;0127;controle;;4910;4910;21/09/2026 14:27:18;04/10/2026 17:04:04;5;0;02338787;04/10/2026 17:03:59;04/10/2026 17:04:04;04/10/2026 07:49:52;5;4;1
MG;52370;0022;0092;controle;;8033;8033;23/09/2026 16:10:52;04/10/2026 18:39:28;23;0;01753292;04/10/2026 18:38:41;04/10/2026 18:39:28;04/10/2026 08:00:32;4;2;1
AL;27472;0040;0028;controle;;7672;7672;18/09/2026 09:43:06;04/10/2026 18:47:50;16;1;01763685;04/10/2026 18:47:10;04/10/2026 18:47:50;04/10/2026 07:34:15;6;2;1
SP;65196;0114;0105;controle;;6489;6489;24/09/2026 10:24:35;04/10/2026 17:04:53;25;0;02136513;04/10/2026 17:04:48;04/10/2026 17:04:53;04/10/2026 08:02:49;4;2;1
AL;27030;0048;0098;controle;;5157;5157;23/09/2026 11:27:00;04/10/2026 17:04:18;17;0;02436472;04/10/2026 17:04:14;04/10/2026 17:04:18;04/10/2026 07:36:30;5;2;1
PR;75353;0177;0510;controle;;7175;7175;20/09/2026 13:34:56;04/10/2026 17:04:03;15;4;02330612;04/10/2026 17:03:58;04/10/2026 17:04:03;04/10/2026 07:30:14;8;2;1
MA;07846;0074;0115;controle;;7137;7137;30/09/2026 17:02:21;04/10/2026 20:10:45;26;0;02125523;04/10/2026 20:10:40;04/10/2026 20:10:45;04/10/2026 07:24:27;4;2;1
MT;89893;0041;0017;controle;;6426;6426;23/09/2026 10:39:30;04/10/2026 16:13:28;13;0;02286204;04/10/2026 16:13:24;04/10/2026 16:13:28;04/10/2026 06:35:09;4;2;1
SP;65510;0359;0019;controle;;5730;5730;25/09/2026 12:44:32;04/10/2026 17:11:02;23;0;02142944;04/10/2026 17:10:57;04/10/2026 17:11:02;04/10/2026 07:55:35;4;2;1
MG;41238;0030;0234;controle;;5892;5892;20/09/2026 09:35:53;04/10/2026 17:03:35;9;4;02407502;04/10/2026 17:03:30;04/10/2026 17:03:35;04/10/2026 07:25:39;6;2;1
SP;69213;0317;0431;controle;;6250;6250;24/09/2026 14:31:40;04/10/2026 17:04:29;12;1;02142970;04/10/2026 17:04:24;04/10/2026 17:04:29;04/10/2026 07:22:06;4;2;1
MG;48950;0194;0219;controle;;7058;7058;22/09/2026 10:05:51;04/10/2026 17:06:38;23;0;02258905;04/10/2026 17:06:33;04/10/2026 17:06:38;04/10/2026 07:54:28;5;2;1
AM;02550;0063;0697;controle;;7329;7329;01/10/2026 14:59:02;04/10/2026 16:52:20;26;0;01761124;04/10/2026 16:51:31;04/10/2026 16:52:20;04/10/2026 06:36:19;4;2;1
PR;77771;0015;0174;controle;;6110;6110;23/09/2026 09:51:21;04/10/2026 17:05:58;14;0;02064843;04/10/2026 17:05:53;04/10/2026 17:05:58;04/10/2026 07:27:32;5;2;1
BA;37532;0032;0109;controle;;6358;6358;01/10/2026 10:31:12;04/10/2026 17:19:35;26;0;01753463;04/10/2026 17:18:46;04/10/2026 17:19:35;04/10/2026 07:22:45;4;2;1
TO;92533;0017;0024;controle;;5139;5139;23/09/2026 09:45:35;04/10/2026 17:14:09;18;0;02030010;04/10/2026 17:14:04;04/10/2026 17:14:09;04/10/2026 07:52:33;4;2;1
SP;70572;0383;0108;controle;;5108;5108;25/09/2026 09:30:53;04/10/2026 17:07:29;13;0;02218937;04/10/2026 17:07:24;04/10/2026 17:07:29;04/10/2026 07:43:19;4;2;1
PA;04014;0007;0368;controle;;5252;5252;22/09/2026 14:23:23;04/10/2026 17:34:24;17;0;02157389;04/10/2026 17:34:19;04/10/2026 17:34:24;04/10/2026 07:45:25;5;2;1
PR;79219;0125;0085;controle;;5280;5280;24/09/2026 10:47:43;04/10/2026 17:10:48;10;0;01840671;04/10/2026 17:10:07;04/10/2026 17:10:48;04/10/2026 08:14:02;4;2;1
MA;09377;0019;0394;controle;;6339;6339;29/09/2026 13:53:25;04/10/2026 17:07:01;21;1;02251806;04/10/2026 17:06:56;04/10/2026 17:07:01;04/10/2026 07:35:19;4;2;1
RS;86878;0022;0042;controle;;6656;6656;21/09/2026 12:08:04;04/10/2026 17:04:24;23;0;02422346;04/10/2026 17:04:19;04/10/2026 17:04:24;04/10/2026 07:30:27;5;2;1
PR;74934;0068;0492;controle;;6448;6448;24/09/2026 08:54:45;04/10/2026 17:03:28;16;0;02281421;04/10/2026 17:03:23;04/10/2026 17:03:28;04/10/2026 07:26:19;6;2;1
AC;01074;0004;0157;controle;;4645;4645;24/09/2026 15:21:07;04/10/2026 15:07:26;12;0;02280954;04/10/2026 15:07:21;04/10/2026 15:07:26;04/10/2026 05:49:58;4;2;1
SP;71072;0417;0067;controle;;5676;5676;29/09/2026 08:55:28;04/10/2026 17:05:59;10;0;02398813;04/10/2026 17:05:54;04/10/2026 17:05:59;04/10/2026 07:24:49;4;2;1
SP;71072;0420;0145;controle;;4690;4690;26/09/2026 11:01:54;04/10/2026 17:07:59;18;0;02095247;04/10/2026 17:07:54;04/10/2026 17:07:59;04/10/2026 07:26:33;4;2;1
AM;02550;0068;0681;controle;;7314;7314;25/09/2026 11:05:17;04/10/2026 16:40:21;29;0;02018612;04/10/2026 16:40:16;04/10/2026 16:40:21;04/10/2026 06:45:59;4;2;1
MG;45853;0128;0031;controle;;6222;6222;22/09/2026 14:09:07;04/10/2026 17:31:16;10;0;02303388;04/10/2026 17:31:11;04/10/2026 17:31:16;04/10/2026 08:11:07;7;3;2
RS;86290;0018;0114;controle;;362;0;;;0;0;;;;;0;0;0
DF;97012;0009;0232;controle;;5927;5927;28/09/2026 08:47:00;04/10/2026 17:11:17;19;0;02028892;04/10/2026 17:11:12;04/10/2026 17:11:17;04/10/2026 08:05:59;5;2;1
RJ;58653;0071;0321;controle;;5052;5052;22/09/2026 16:21:51;04/10/2026 17:10:52;14;0;02237779;04/10/2026 17:10:47;04/10/2026 17:10:52;04/10/2026 07:40:34;6;2;1
RS;86517;0097;0173;controle;;6364;6364;22/09/2026 15:00:01;04/10/2026 17:05:56;8;0;02005253;04/10/2026 17:05:51;04/10/2026 17:05:56;04/10/2026 08:00:22;6;3;1
SP;71072;0420;0251;controle;;5664;5664;26/09/2026 16:31:50;04/10/2026 17:09:52;11;0;02075118;04/10/2026 17:09:47;04/10/2026 17:09:52;04/10/2026 07:33:03;4;2;1
PI;12572;0091;0084;controle;;6770;6770;29/09/2026 15:28:43;04/10/2026 18:06:04;17;0;02399894;04/10/2026 18:05:59;04/10/2026 18:06:04;04/10/2026 08:01:29;4;2;1
BA;39659;0039;0109;controle;;6833;6833;30/09/2026 09:37:34;04/10/2026 18:07:12;10;0;02049135;04/10/2026 18:07:07;04/10/2026 18:07:12;04/10/2026 07:29:40;4;2;1
AM;02437;0024;0067;controle;;1943;1943;21/09/2026 21:15:42;04/10/2026 16:06:46;31;0;02341920;04/10/2026 16:06:41;04/10/2026 16:06:46;04/10/2026 07:08:41;6;4;3
MS;90115;0001;0032;controle;;4602;4602;27/09/2026 14:56:17;04/10/2026 16:06:20;12;2;02102076;04/10/2026 16:06:15;04/10/2026 16:06:20;04/10/2026 06:43:37;6;4;1
BA;34134;0170;0021;controle;;6163;6163;30/09/2026 12:38:15;04/10/2026 17:22:36;24;0;01838872;04/10/2026 17:22:00;04/10/2026 17:22:36;04/10/2026 08:06:52;5;2;1
MS;98132;0033;0159;controle;;4091;4091;27/09/2026 17:32:17;04/10/2026 16:10:02;9;0;02023192;04/10/2026 16:09:57;04/10/2026 16:10:02;04/10/2026 07:07:01;4;2;1
TO;73091;0032;0083;controle;;5696;5696;23/09/2026 12:54:51;04/10/2026 17:09:21;31;0;02445362;04/10/2026 17:09:16;04/10/2026 17:09:21;04/10/2026 08:01:28;4;2;1
GO;93734;0127;0543;controle;;6427;6427;30/09/2026 13:36:03;04/10/2026 17:02:58;21;0;02338310;04/10/2026 17:02:53;04/10/2026 17:02:58;04/10/2026 07:49:42;5;2;1
MG;43192;0158;0003;controle;;6661;6661;26/09/2026 07:42:09;04/10/2026 17:39:40;14;0;02053524;04/10/2026 17:39:35;04/10/2026 17:39:40;04/10/2026 08:00:02;4;2;1
PR;75353;0002;0601;controle;;6540;6540;22/09/2026 11:47:33;04/10/2026 17:06:59;13;0;02327268;04/10/2026 17:06:54;04/10/2026 17:06:59;04/10/2026 07:46:10;5;2;1
PB;20672;0013;0151;controle;;6122;6122;22/09/2026 10:42:04;04/10/2026 17:06:41;18;0;02209898;04/10/2026 17:06:36;04/10/2026 17:06:41;04/10/2026 07:45:16;6;3;1
RJ;58335;0079;0586;controle;;6096;6096;24/09/2026 15:10:13;04/10/2026 17:20:27;20;0;02100846;04/10/2026 17:20:22;04/10/2026 17:20:27;04/10/2026 07:51:45;6;4;1
SP;71838;0141;0268;controle;;99;0;;;0;0;;;;;0;0;0
CE;14419;0075;0029;controle;;4530;4530;24/09/2026 10:23:07;04/10/2026 17:05:00;10;0;01818012;04/10/2026 17:04:22;04/10/2026 17:05:00;04/10/2026 07:35:14;4;2;1
SC;83674;0033;0244;controle;;5736;5736;23/09/2026 14:14:58;04/10/2026 17:06:25;9;0;02000161;04/10/2026 17:06:20;04/10/2026 17:06:25;04/10/2026 07:38:01;4;2;1
SP;71072;0389;0412;controle;;835;0;;;0;0;;;;;0;0;0
RS;88773;0073;0432;controle;;5682;5682;24/09/2026 11:02:06;04/10/2026 17:05:51;20;0;02201515;04/10/2026 17:05:46;04/10/2026 17:05:51;04/10/2026 07:21:23;8;3;1
PR;76074;0034;0168;controle;;6011;6011;25/09/2026 13:07:15;04/10/2026 17:04:35;21;0;02076317;04/10/2026 17:04:30;04/10/2026 17:04:35;04/10/2026 07:48:57;5;2;1
MA;07846;0074;0171;controle;;6697;6697;30/09/2026 17:23:30;04/10/2026 18:29:41;22;0;02026728;04/10/2026 18:29:36;04/10/2026 18:29:41;04/10/2026 08:05:29;4;2;1
MG;51390;0244;0096;controle;;5741;5741;22/09/2026 11:40:19;04/10/2026 17:28:07;31;0;02041561;04/10/2026 17:28:02;04/10/2026 17:28:07;04/10/2026 07:21:59;4;2;1
RS;88013;0001;0040;controle;;6611;6611;22/09/2026 08:54:37;04/10/2026 17:10:03;20;0;02446025;04/10/2026 17:09:58;04/10/2026 17:10:03;04/10/2026 07:47:28;7;2;1
MS;91570;0031;0097;controle;;4835;4835;25/09/2026 16:38:48;04/10/2026 16:12:07;28;0;02001024;04/10/2026 16:12:02;04/10/2026 16:12:07;04/10/2026 06:53:07;3;2;1
MA;08893;0047;0050;controle;;6685;6685;23/09/2026 15:12:50;04/10/2026 18:42:53;24;0;01815203;04/10/2026 18:42:04;04/10/2026 18:42:53;04/10/2026 07:42:26;4;2;1
SP;67156;0216;0139;controle;;6155;6155;25/09/2026 16:24:33;04/10/2026 17:07:30;14;0;02361012;04/10/2026 17:07:25;04/10/2026 17:07:30;04/10/2026 07:49:12;4;2;1
RJ;58696;0156;0349;controle;;5296;5296;28/09/2026 12:32:36;04/10/2026 17:05:21;17;0;02194908;04/10/2026 17:05:16;04/10/2026 17:05:21;04/10/2026 08:02:11;5;2;1
MG;43010;0078;0061;controle;;5936;5936;22/09/2026 10:55:02;04/10/2026 17:05:40;13;0;02031710;04/10/2026 17:05:35;04/10/2026 17:05:40;04/10/2026 07:31:04;4;2;1
SP;71358;0135;0161;controle;;6332;6332;25/09/2026 09:13:45;04/10/2026 17:04:56;5;0;02195699;04/10/2026 17:04:51;04/10/2026 17:04:56;04/10/2026 07:57:08;5;2;1
MA;09210;0001;0564;controle;;7085;7085;28/09/2026 10:00:37;04/10/2026 17:59:51;34;0;01810805;04/10/2026 17:59:06;04/10/2026 17:59:51;04/10/2026 07:43:02;4;2;1
MG;47015;0147;0251;controle;;7331;7331;20/09/2026 15:28:15;04/10/2026 18:43:05;31;0;02075650;04/10/2026 18:43:01;04/10/2026 18:43:05;04/10/2026 08:08:19;4;2;1
MS;90930;0027;0005;controle;;5948;5948;21/09/2026 14:35:19;04/10/2026 16:36:00;29;0;01757483;04/10/2026 16:35:29;04/10/2026 16:36:00;04/10/2026 06:39:18;4;2;1
SP;68632;0111;0084;controle;;4638;4638;24/09/2026 09:38:54;04/10/2026 17:05:40;5;0;02272405;04/10/2026 17:05:35;04/10/2026 17:05:40;04/10/2026 07:20:51;4;2;1
BA;38210;0067;0148;controle;;3370;3370;21/09/2026 11:18:20;04/10/2026 17:04:57;19;0;02252775;04/10/2026 17:04:52;04/10/2026 17:04:57;04/10/2026 08:05:19;4;2;1
SE;31275;0029;0059;controle;;5686;5686;23/09/2026 09:13:00;04/10/2026 17:09:50;5;0;02289622;04/10/2026 17:09:45;04/10/2026 17:09:50;04/10/2026 07:28:24;4;2;1
RJ;58335;0126;0247;controle;;7257;7257;22/09/2026 09:15:27;04/10/2026 17:08:10;16;0;02239653;04/10/2026 17:08:06;04/10/2026 17:08:10;04/10/2026 07:50:05;5;2;1
ES;56197;0039;0077;controle;;5974;5974;22/09/2026 11:17:22;04/10/2026 17:09:19;16;0;02352298;04/10/2026 17:09:14;04/10/2026 17:09:19;04/10/2026 07:51:24;6;2;1
BA;37567;0196;0211;controle;;8726;8726;29/09/2026 10:16:22;04/10/2026 20:10:48;30;1;02241639;04/10/2026 20:10:43;04/10/2026 20:10:48;04/10/2026 07:32:42;4;4;1
AM;02550;0037;0623;controle;;7058;7058;28/09/2026 09:56:52;04/10/2026 16:19:02;20;0;02088420;04/10/2026 16:18:57;04/10/2026 16:19:02;04/10/2026 07:00:54;4;2;1
AM;02070;0035;0062;controle;;5919;5919;29/09/2026 14:06:17;04/10/2026 16:14:37;10;0;02358975;04/10/2026 16:14:32;04/10/2026 16:14:37;04/10/2026 07:11:49;4;2;1
BA;39659;0039;0138;controle;;7155;7155;30/09/2026 10:39:54;04/10/2026 17:13:42;21;0;02153445;04/10/2026 17:13:37;04/10/2026 17:13:42;04/10/2026 07:20:11;4;2;1
MG;41238;0031;0058;controle;;5661;5661;23/09/2026 08:54:01;04/10/2026 17:08:36;51;0;02324512;04/10/2026 17:08:31;04/10/2026 17:08:36;04/10/2026 08:03:23;4;2;1
PE;25739;0013;0089;controle;;6589;6589;26/09/2026 10:16:35;04/10/2026 17:08:19;27;0;02041205;04/10/2026 17:08:14;04/10/2026 17:08:19;04/10/2026 07:27:15;4;2;1
SP;64939;0049;0040;controle;;4994;4994;25/09/2026 10:57:28;04/10/2026 17:05:56;11;0;02292830;04/10/2026 17:05:50;04/10/2026 17:05:56;04/10/2026 07:27:03;4;2;1
MG;47317;0056;0079;controle;;5330;5330;22/09/2026 10:11:45;04/10/2026 17:29:11;38;0;01781738;04/10/2026 17:28:36;04/10/2026 17:29:11;04/10/2026 07:38:14;4;2;1
PE;24570;0101;0268;controle;;251;0;;;0;0;;;;;0;0;0
SP;69191;0197;0113;controle;;5135;5135;29/09/2026 09:50:27;04/10/2026 17:07:24;14;0;02078944;04/10/2026 17:07:19;04/10/2026 17:07:24;04/10/2026 07:29:14;4;2;1
MG;41238;0039;0516;controle;;7116;7116;22/09/2026 09:34:34;04/10/2026 17:48:30;22;0;02255682;04/10/2026 17:48:25;04/10/2026 17:48:30;04/10/2026 08:03:26;4;2;1
PE;23302;0043;0250;controle;;6555;6555;24/09/2026 09:35:56;04/10/2026 18:17:54;26;1;01819648;04/10/2026 18:17:11;04/10/2026 18:17:54;04/10/2026 07:35:38;5;2;1
RJ;60011;0219;0169;controle;;7678;7678;21/09/2026 14:45:52;04/10/2026 17:47:59;21;0;01773063;04/10/2026 17:47:07;04/10/2026 17:47:59;04/10/2026 07:58:21;4;2;1
RJ;60011;0118;0473;controle;;7569;7569;24/09/2026 15:44:27;04/10/2026 17:17:09;11;0;01778323;04/10/2026 17:16:20;04/10/2026 17:17:09;04/10/2026 07:15:11;5;2;1
SP;71072;0253;0386;controle;;4836;4836;24/09/2026 10:15:14;04/10/2026 17:11:56;10;0;02260142;04/10/2026 17:11:51;04/10/2026 17:11:56;04/10/2026 08:03:53;4;2;1
RJ;58696;0159;0189;controle;;6572;6572;25/09/2026 11:10:27;04/10/2026 18:06:48;22;0;02154995;04/10/2026 18:06:43;04/10/2026 18:06:48;04/10/2026 07:29:05;4;2;1
SP;70572;0306;0201;controle;;6489;6489;27/09/2026 10:29:08;04/10/2026 17:06:21;9;0;01830209;04/10/2026 17:05:26;04/10/2026 17:06:21;04/10/2026 07:39:31;5;3;1
BA;36439;0137;0069;controle;;4445;4445;24/09/2026 12:06:40;04/10/2026 17:03:49;16;0;02231643;04/10/2026 17:03:44;04/10/2026 17:03:49;04/10/2026 07:53:41;4;2;1
MA;08044;0040;0110;controle;;5699;5699;29/09/2026 08:43:26;04/10/2026 17:05:34;29;0;02278315;04/10/2026 17:05:29;04/10/2026 17:05:34;04/10/2026 07:38:30;4;2;1
SP;71072;0259;0701;controle;;6321;6321;25/09/2026 11:59:32;04/10/2026 17:06:26;6;0;02055926;04/10/2026 17:06:21;04/10/2026 17:06:26;04/10/2026 07:59:37;4;2;1
ZZ;99490;0001;3582;controle;;2085;2085;16/09/2026 14:54:39;04/10/2026 17:08:30;19;0;01664463;04/10/2026 17:08:15;04/10/2026 17:08:30;04/10/2026 07:21:22;4;2;1
DF;97012;0021;0206;controle;;59;0;;;0;0;;;;;0;0;0
SP;68870;0096;0062;controle;;4283;4283;25/09/2026 17:40:40;04/10/2026 17:05:26;14;0;02211366;04/10/2026 17:05:21;04/10/2026 17:05:26;04/10/2026 07:22:14;4;2;1
RJ;58637;0201;0069;controle;;5038;5038;23/09/2026 10:40:11;04/10/2026 17:14:34;17;0;01777120;04/10/2026 17:13:46;04/10/2026 17:14:34;04/10/2026 07:53:56;6;2;1
CE;14818;0079;0253;controle;;4692;4692;22/09/2026 17:49:40;04/10/2026 17:06:02;21;0;01699940;04/10/2026 17:05:41;04/10/2026 17:06:02;04/10/2026 07:49:11;4;2;1
MA;09210;0003;0514;controle;;6738;6738;26/09/2026 09:24:48;04/10/2026 17:40:56;22;0;01752987;04/10/2026 17:40:21;04/10/2026 17:40:56;04/10/2026 07:33:58;4;2;1
RJ;60011;0211;0337;controle;;5846;5846;23/09/2026 13:06:12;04/10/2026 17:09:31;5;0;02206426;04/10/2026 17:09:26;04/10/2026 17:09:31;04/10/2026 07:57:52;5;2;1
GO;93343;0028;0323;controle;;6048;6048;27/09/2026 12:19:07;04/10/2026 17:05:25;25;0;02377808;04/10/2026 17:05:20;04/10/2026 17:05:25;04/10/2026 07:34:42;4;2;1
SC;82139;0083;0079;controle;;4518;4518;26/09/2026 09:14:06;04/10/2026 17:05:53;12;0;02191345;04/10/2026 17:05:48;04/10/2026 17:05:53;04/10/2026 07:32:56;4;2;1
RJ;58122;0138;0142;controle;;6347;6347;24/09/2026 11:20:25;04/10/2026 17:41:22;14;0;02467905;04/10/2026 17:41:17;04/10/2026 17:41:22;04/10/2026 07:40:31;4;2;1
MT;89850;0022;0213;controle;;7175;7175;22/09/2026 13:44:43;04/10/2026 16:16:33;22;0;02134957;04/10/2026 16:16:28;04/10/2026 16:16:33;04/10/2026 06:20:02;4;2;1
BA;35750;0044;0026;controle;;5890;5890;29/09/2026 09:52:23;04/10/2026 17:31:13;40;1;02212192;04/10/2026 17:31:08;04/10/2026 17:31:13;04/10/2026 07:40:33;4;4;1
SP;72010;0143;0130;controle;;6757;6757;24/09/2026 15:55:05;04/10/2026 17:09:50;33;0;02332374;04/10/2026 17:09:45;04/10/2026 17:09:50;04/10/2026 08:03:19;4;2;1
SP;71072;0005;0249;controle;;5144;5144;03/10/2026 14:16:28;04/10/2026 17:05:42;7;2;01831495;04/10/2026 17:04:50;04/10/2026 17:05:42;04/10/2026 07:46:12;5;2;1
RN;17418;0005;0116;controle;;5433;5433;23/09/2026 09:05:11;04/10/2026 17:08:11;28;0;02052353;04/10/2026 17:08:06;04/10/2026 17:08:11;04/10/2026 07:58:02;4;2;1
BA;39136;0033;0218;controle;;7220;7220;25/09/2026 11:26:03;04/10/2026 18:26:49;44;0;01657870;04/10/2026 18:26:18;04/10/2026 18:26:49;04/10/2026 07:47:27;6;2;1
MG;46477;0134;0250;controle;;6424;6424;22/09/2026 12:22:32;04/10/2026 17:06:51;17;0;02122814;04/10/2026 17:06:46;04/10/2026 17:06:51;04/10/2026 07:25:17;5;2;1
MG;46795;0015;0194;controle;;5204;5204;22/09/2026 11:01:17;04/10/2026 17:20:26;17;0;02133731;04/10/2026 17:20:21;04/10/2026 17:20:26;04/10/2026 07:18:24;4;2;1
MG;54372;0283;0045;controle;;5115;5115;26/09/2026 10:13:14;04/10/2026 17:05:43;31;1;02400670;04/10/2026 17:05:38;04/10/2026 17:05:43;04/10/2026 07:25:25;4;4;1
AP;06041;0010;0249;controle;;6541;6541;23/09/2026 10:21:48;04/10/2026 17:45:23;22;0;02342439;04/10/2026 17:45:18;04/10/2026 17:45:23;04/10/2026 07:39:41;5;2;1
RJ;58335;0126;0020;controle;;6634;6634;22/09/2026 11:43:09;04/10/2026 18:23:22;24;0;02224920;04/10/2026 18:23:17;04/10/2026 18:23:22;04/10/2026 07:35:40;5;2;1
GO;94374;0045;0115;controle;;4758;4758;29/09/2026 12:32:05;04/10/2026 17:09:09;17;0;02031863;04/10/2026 17:09:05;04/10/2026 17:09:09;04/10/2026 07:28:13;5;2;1
SP;70971;0268;0130;controle;;7097;7097;24/09/2026 13:39:26;04/10/2026 17:11:33;14;0;02182684;04/10/2026 17:11:28;04/10/2026 17:11:33;04/10/2026 07:32:15;4;2;1
BA;39730;0104;0017;controle;;4769;4769;30/09/2026 10:30:34;04/10/2026 17:06:13;11;0;02311857;04/10/2026 17:06:09;04/10/2026 17:06:13;04/10/2026 07:40:13;4;2;1
MT;89990;0025;0218;controle;;5290;5290;22/09/2026 15:20:53;04/10/2026 16:11:55;32;0;02289083;04/10/2026 16:11:50;04/10/2026 16:11:55;04/10/2026 06:57:37;4;2;1
SP;65510;0359;0280;controle;;5913;5913;25/09/2026 17:06:25;04/10/2026 17:06:22;17;0;02139739;04/10/2026 17:06:17;04/10/2026 17:06:22;04/10/2026 07:38:04;4;2;1
PR;74934;0143;0498;controle;;6355;6355;26/09/2026 08:33:03;04/10/2026 17:05:11;11;0;02411652;04/10/2026 17:05:06;04/10/2026 17:05:11;04/10/2026 07:38:10;4;2;1
SP;61514;0232;0048;controle;;6076;6076;28/09/2026 14:32:58;04/10/2026 17:14:39;20;0;01835856;04/10/2026 17:13:52;04/10/2026 17:14:39;04/10/2026 07:34:23;5;2;1
MA;07579;0004;0421;controle;;5331;5331;24/09/2026 16:18:59;04/10/2026 17:05:52;30;0;02006835;04/10/2026 17:05:47;04/10/2026 17:05:52;04/10/2026 07:59:26;4;2;1
CE;13226;0088;0172;controle;;7027;7027;21/09/2026 10:30:45;04/10/2026 17:53:43;22;0;02277254;04/10/2026 17:53:38;04/10/2026 17:53:43;04/10/2026 08:05:19;4;2;1
RJ;58041;0154;0070;controle;;205;0;;;0;0;;;;;0;0;0
SP;62910;0274;0109;controle;;7124;7124;26/09/2026 11:10:21;04/10/2026 17:03:51;21;0;02163545;04/10/2026 17:03:46;04/10/2026 17:03:51;04/10/2026 07:17:47;4;2;1
RN;18813;0009;0079;controle;;6714;6714;18/09/2026 10:34:36;04/10/2026 17:26:12;31;0;02053687;04/10/2026 17:26:07;04/10/2026 17:26:12;04/10/2026 07:42:23;5;2;1
RJ;60011;0188;0224;controle;;7588;7588;28/09/2026 10:45:06;04/10/2026 17:50:50;25;0;01759764;04/10/2026 17:50:01;04/10/2026 17:50:50;04/10/2026 07:47:13;5;2;1
RJ;58467;0083;0109;controle;;6227;6227;21/09/2026 10:27:55;04/10/2026 17:34:30;26;1;01811351;04/10/2026 17:33:41;04/10/2026 17:34:30;04/10/2026 07:21:52;6;4;1
RJ;58432;0107;0083;controle;;5816;5816;25/09/2026 11:45:45;04/10/2026 17:10:11;16;0;02463589;04/10/2026 17:10:06;04/10/2026 17:10:11;04/10/2026 07:20:21;4;2;1
CE;13897;0095;0305;controle;;7398;7398;23/09/2026 08:59:17;04/10/2026 17:16:53;16;0;02411262;04/10/2026 17:16:48;04/10/2026 17:16:53;04/10/2026 07:42:46;4;2;1
SC;82333;0024;0302;controle;;6562;6562;26/09/2026 13:16:58;04/10/2026 17:05:26;8;0;02198490;04/10/2026 17:05:21;04/10/2026 17:05:26;04/10/2026 07:40:07;4;2;1
MG;53910;0274;0091;controle;;5769;5769;21/09/2026 16:51:12;04/10/2026 17:03:38;34;0;02077384;04/10/2026 17:03:33;04/10/2026 17:03:38;04/10/2026 07:15:36;4;2;1
PB;20516;0077;0054;controle;;5939;5939;25/09/2026 08:32:46;04/10/2026 17:09:58;14;0;01681863;04/10/2026 17:09:21;04/10/2026 17:09:58;04/10/2026 07:54:59;5;3;1
RJ;58033;0092;0079;controle;;5356;5356;25/09/2026 08:40:05;04/10/2026 17:05:36;14;0;02395776;04/10/2026 17:05:31;04/10/2026 17:05:36;04/10/2026 07:17:48;4;2;1
SP;71072;0372;0078;controle;;8119;8119;25/09/2026 11:06:18;04/10/2026 17:27:49;26;0;01815575;04/10/2026 17:27:07;04/10/2026 17:27:49;04/10/2026 07:50:14;4;2;1
RS;89338;0085;0007;controle;;6222;6222;18/09/2026 08:32:42;04/10/2026 17:07:10;9;0;02263668;04/10/2026 17:07:05;04/10/2026 17:07:10;04/10/2026 07:32:56;5;2;1
SC;83275;0084;0103;controle;;7128;7128;21/09/2026 10:43:52;04/10/2026 17:10:07;29;2;02388151;04/10/2026 17:10:02;04/10/2026 17:10:07;04/10/2026 07:42:58;4;2;1
PA;05592;0039;0079;controle;;5215;5215;24/09/2026 12:18:55;04/10/2026 17:22:56;33;0;02156026;04/10/2026 17:22:51;04/10/2026 17:22:56;04/10/2026 07:41:11;4;2;1
AM;02550;0059;0552;controle;;6992;6992;24/09/2026 10:33:27;04/10/2026 16:34:40;22;0;02015822;04/10/2026 16:34:35;04/10/2026 16:34:40;04/10/2026 06:39:58;4;2;1
ES;56910;0011;0062;controle;;6452;6452;22/09/2026 14:14:38;04/10/2026 17:06:53;16;0;02349933;04/10/2026 17:06:48;04/10/2026 17:06:53;04/10/2026 07:46:17;5;2;1
SP;64777;0395;0049;controle;;6504;6504;24/09/2026 15:25:43;04/10/2026 17:05:42;24;0;01811247;04/10/2026 17:04:53;04/10/2026 17:05:42;04/10/2026 07:39:31;4;2;1
SC;80390;0056;0202;controle;;5392;5392;20/09/2026 12:43:22;04/10/2026 17:07:08;14;0;02046239;04/10/2026 17:07:03;04/10/2026 17:07:08;04/10/2026 07:48:39;4;2;1
MA;09210;0003;0512;controle;;6308;6308;26/09/2026 09:09:17;04/10/2026 18:01:53;18;0;01815327;04/10/2026 18:01:12;04/10/2026 18:01:53;04/10/2026 07:48:29;4;2;1
SP;66435;0067;0171;controle;;6490;6490;28/09/2026 15:33:23;04/10/2026 17:06:42;28;0;01666746;04/10/2026 17:06:00;04/10/2026 17:06:42;04/10/2026 07:29:05;4;2;1
SP;64777;0185;0260;controle;;7140;7140;25/09/2026 16:54:22;04/10/2026 17:16:25;10;0;01803909;04/10/2026 17:15:34;04/10/2026 17:16:25;04/10/2026 07:58:36;5;2;1
MG;50350;0222;0198;controle;;3795;3795;21/09/2026 18:28:01;04/10/2026 17:06:39;7;0;02098816;04/10/2026 17:06:34;04/10/2026 17:06:39;04/10/2026 07:46:42;4;2;1
BA;36315;0081;0205;controle;;460;0;;;0;0;;;;;0;0;0
BA;39136;0033;0225;controle;;7232;7232;25/09/2026 12:39:01;04/10/2026 18:13:29;32;0;01675800;04/10/2026 18:12:54;04/10/2026 18:13:29;04/10/2026 07:52:49;6;2;1
PB;20516;0077;0032;controle;;5492;5492;25/09/2026 11:22:31;04/10/2026 17:05:42;10;0;01672761;04/10/2026 17:05:17;04/10/2026 17:05:42;04/10/2026 07:52:03;4;2;1
PA;05398;0036;0401;controle;;6351;6351;24/09/2026 16:39:42;04/10/2026 17:19:01;40;0;01790533;04/10/2026 17:18:21;04/10/2026 17:19:01;04/10/2026 07:36:34;4;2;1
BA;38490;0004;0197;controle;;7672;7672;22/09/2026 09:42:20;04/10/2026 17:28:19;8;0;02283395;04/10/2026 17:28:14;04/10/2026 17:28:19;04/10/2026 07:11:11;5;2;1
MG;43710;0313;0233;controle;;6871;6871;26/09/2026 08:30:21;04/10/2026 17:05:27;21;2;02404458;04/10/2026 17:05:22;04/10/2026 17:05:27;04/10/2026 07:37:13;5;2;1
RN;17590;0034;0099;controle;;5929;5929;23/09/2026 13:48:31;04/10/2026 17:05:07;20;0;02360965;04/10/2026 17:05:02;04/10/2026 17:05:07;04/10/2026 07:47:53;7;3;1
ES;56235;0002;0076;controle;;5743;5743;23/09/2026 09:16:07;04/10/2026 17:05:23;25;0;02056109;04/10/2026 17:05:18;04/10/2026 17:05:23;04/10/2026 07:23:46;7;3;1
SC;81051;0100;0194;controle;;6266;6266;26/09/2026 09:19:57;04/10/2026 17:06:07;25;0;02453331;04/10/2026 17:06:02;04/10/2026 17:06:07;04/10/2026 07:52:21;4;2;1
RO;00094;0011;0088;controle;;4686;4686;29/09/2026 10:57:10;04/10/2026 16:04:02;12;0;02016748;04/10/2026 16:03:57;04/10/2026 16:04:02;04/10/2026 06:38:02;4;2;1
SP;70572;0156;0069;controle;;6560;6560;24/09/2026 12:50:34;04/10/2026 17:06:38;16;1;01834868;04/10/2026 17:05:49;04/10/2026 17:06:38;04/10/2026 07:57:17;5;3;1
RO;00159;0010;0152;controle;;3546;3546;24/09/2026 09:08:51;04/10/2026 16:15:45;15;0;02259207;04/10/2026 16:15:40;04/10/2026 16:15:45;04/10/2026 07:14:35;6;3;1
SP;70050;0221;0034;controle;;6908;6908;29/09/2026 08:58:08;04/10/2026 17:05:03;24;0;01785980;04/10/2026 17:04:11;04/10/2026 17:05:03;04/10/2026 07:41:25;4;2;1
CE;14753;0047;0003;controle;;6613;6613;30/09/2026 12:55:30;04/10/2026 19:26:47;20;0;01817311;04/10/2026 19:26:11;04/10/2026 19:26:47;04/10/2026 08:15:08;4;2;1
SC;80616;0103;0050;controle;;6472;6472;20/09/2026 17:00:30;04/10/2026 17:21:05;28;0;02048526;04/10/2026 17:21:00;04/10/2026 17:21:05;04/10/2026 08:09:54;6;2;1
PB;21857;0052;0073;controle;;5864;5864;25/09/2026 08:57:26;04/10/2026 17:03:42;10;0;02211162;04/10/2026 17:03:37;04/10/2026 17:03:42;04/10/2026 07:47:18;4;2;1
MT;89877;0024;0045;controle;;5882;5882;24/09/2026 10:44:44;04/10/2026 16:09:02;19;0;02025108;04/10/2026 16:08:56;04/10/2026 16:09:02;04/10/2026 06:48:57;4;2;1
PA;05096;0042;0127;controle;;6461;6461;09/09/2026 15:54:20;04/10/2026 17:12:29;18;0;01796821;04/10/2026 17:11:39;04/10/2026 17:12:29;04/10/2026 07:37:28;4;2;1
CE;13471;0063;0067;controle;;4985;4985;01/10/2026 13:56:58;04/10/2026 17:04:52;21;0;02184867;04/10/2026 17:04:47;04/10/2026 17:04:52;04/10/2026 07:40:48;4;2;1
SP;71072;0375;0185;controle;;5632;5632;25/09/2026 15:33:29;04/10/2026 17:10:44;22;0;01815459;04/10/2026 17:10:00;04/10/2026 17:10:44;04/10/2026 07:17:11;4;2;1
MG;54259;0311;0082;controle;;6009;6009;21/09/2026 11:33:15;04/10/2026 17:08:22;23;0;02270074;04/10/2026 17:08:17;04/10/2026 17:08:22;04/10/2026 08:00:58;4;2;1
MT;90697;0007;0080;controle;;2919;2919;22/09/2026 13:42:55;04/10/2026 16:04:52;11;0;02136753;04/10/2026 16:04:47;04/10/2026 16:04:52;04/10/2026 06:31:47;4;2;1
MG;48658;0185;0061;controle;;5451;5451;24/09/2026 10:30:25;04/10/2026 17:04:16;27;0;02078655;04/10/2026 17:04:11;04/10/2026 17:04:16;04/10/2026 07:41:53;4;2;1
SP;62910;0379;0320;controle;;6620;6620;24/09/2026 16:57:49;04/10/2026 17:09:01;12;0;02167118;04/10/2026 17:08:56;04/10/2026 17:09:01;04/10/2026 07:32:44;4;2;1
MG;52531;0237;0071;controle;;5128;5128;22/09/2026 08:56:20;04/10/2026 17:06:25;16;0;02133425;04/10/2026 17:06:20;04/10/2026 17:06:25;04/10/2026 07:44:42;4;2;1
RJ;59234;0041;0103;controle;;5966;5966;23/09/2026 13:46:12;04/10/2026 17:06:39;19;0;02393907;04/10/2026 17:06:34;04/10/2026 17:06:39;04/10/2026 07:58:53;6;3;1
BA;38490;0002;0115;controle;;6088;6088;25/09/2026 08:50:39;04/10/2026 17:13:37;34;0;02308920;04/10/2026 17:13:32;04/10/2026 17:13:37;04/10/2026 07:50:13;8;2;1
RJ;60011;0179;0005;controle;;7451;7451;23/09/2026 08:59:31;04/10/2026 18:02:36;12;0;01773049;04/10/2026 18:01:47;04/10/2026 18:02:36;04/10/2026 07:29:31;5;2;1
CE;14559;0004;0618;controle;;6077;6077;30/09/2026 11:41:03;04/10/2026 17:09:25;29;0;02281023;04/10/2026 17:09:20;04/10/2026 17:09:25;04/10/2026 07:43:48;4;2;1
BA;39659;0041;0274;controle;;7800;7800;23/09/2026 09:31:01;04/10/2026 18:08:23;11;0;02048932;04/10/2026 18:08:18;04/10/2026 18:08:23;04/10/2026 07:31:12;4;2;1
PB;20516;0076;0395;controle;;6290;6290;24/09/2026 13:55:48;04/10/2026 17:06:10;8;0;01815195;04/10/2026 17:05:21;04/10/2026 17:06:10;04/10/2026 07:34:22;4;2;1
MG;44318;0101;0262;controle;;5308;5308;26/09/2026 10:32:56;04/10/2026 17:06:07;9;0;02084512;04/10/2026 17:06:02;04/10/2026 17:06:07;04/10/2026 07:28:03;4;2;1
PB;22098;0023;0141;controle;;857;0;;;0;0;;;;;0;0;0
SP;71072;0328;0544;controle;;6633;6633;27/09/2026 12:34:27;04/10/2026 17:16:59;13;0;02058146;04/10/2026 17:16:54;04/10/2026 17:16:59;04/10/2026 07:37:06;5;2;1
SC;83259;0028;0035;controle;;3322;3322;25/09/2026 15:20:23;04/10/2026 17:04:41;6;0;01825616;04/10/2026 17:04:11;04/10/2026 17:04:41;04/10/2026 07:30:40;4;2;1
SP;71072;0255;0240;controle;;5508;5508;30/09/2026 10:29:27;04/10/2026 17:12:35;26;0;01822274;04/10/2026 17:11:43;04/10/2026 17:12:35;04/10/2026 07:33:25;4;2;1
RJ;58122;0138;0327;controle;;326;0;;;0;0;;;;;0;0;0
PB;20516;0077;0165;controle;;6949;6949;25/09/2026 09:26:19;04/10/2026 18:24:17;27;0;01667852;04/10/2026 18:23:43;04/10/2026 18:24:17;04/10/2026 07:55:24;5;2;1
BA;38490;0017;0294;controle;;7393;7393;28/09/2026 08:43:27;04/10/2026 17:18:35;32;0;02428589;04/10/2026 17:18:30;04/10/2026 17:18:35;04/10/2026 08:09:39;5;2;1
RJ;58475;0109;0317;controle;;5958;5958;25/09/2026 13:21:58;04/10/2026 17:05:50;18;0;02430108;04/10/2026 17:05:45;04/10/2026 17:05:50;04/10/2026 07:47:15;5;4;1
BA;36080;0068;0071;controle;;6681;6681;30/09/2026 15:14:17;04/10/2026 18:00:04;8;1;02351653;04/10/2026 17:59:59;04/10/2026 18:00:04;04/10/2026 07:31:58;4;4;1
CE;14532;0029;0168;controle;;7203;7203;28/09/2026 09:54:14;04/10/2026 17:43:43;21;0;01817248;04/10/2026 17:43:06;04/10/2026 17:43:43;04/10/2026 07:32:05;4;2;1
MG;47635;0160;0226;controle;;5837;5837;21/09/2026 09:15:37;04/10/2026 17:06:14;7;0;01835865;04/10/2026 17:05:29;04/10/2026 17:06:14;04/10/2026 07:34:03;4;2;1
AL;28533;0015;0175;controle;;7221;7221;22/09/2026 11:31:54;04/10/2026 17:50:06;24;0;02037258;04/10/2026 17:50:01;04/10/2026 17:50:06;04/10/2026 08:01:19;6;2;1
PE;25810;0062;0051;controle;;4632;4632;25/09/2026 08:29:23;04/10/2026 17:07:06;36;0;02363842;04/10/2026 17:07:01;04/10/2026 17:07:06;04/10/2026 07:38:41;5;2;1
RJ;58190;0075;0351;controle;;6091;6091;07/09/2026 16:17:46;04/10/2026 18:12:26;12;3;02433883;04/10/2026 18:12:21;04/10/2026 18:12:26;04/10/2026 07:58:02;8;2;3
CE;13897;0003;0594;controle;;3990;3990;23/09/2026 09:28:09;04/10/2026 17:06:27;18;0;02412433;04/10/2026 17:06:22;04/10/2026 17:06:27;04/10/2026 07:40:05;4;2;1
MG;41238;0028;0128;controle;;7372;7372;22/09/2026 09:17:55;04/10/2026 17:10:32;24;0;02272682;04/10/2026 17:10:27;04/10/2026 17:10:32;04/10/2026 08:01:09;4;2;1
ES;56251;0034;1020;controle;;5282;5282;23/09/2026 14:10:35;04/10/2026 17:11:55;15;0;01768845;04/10/2026 17:11:26;04/10/2026 17:11:55;04/10/2026 07:54:18;5;2;1
SP;62499;0026;0376;controle;;6563;6563;26/09/2026 13:06:02;04/10/2026 17:08:40;13;0;02321711;04/10/2026 17:08:35;04/10/2026 17:08:40;04/10/2026 07:29:06;5;3;1
SP;69957;0163;0047;controle;;6063;6063;13/09/2026 17:21:24;04/10/2026 17:10:53;16;0;02328947;04/10/2026 17:10:48;04/10/2026 17:10:53;04/10/2026 07:43:43;6;3;1
SP;71072;0403;0367;controle;;6611;6611;26/09/2026 14:05:28;04/10/2026 17:09:32;10;0;02084763;04/10/2026 17:09:27;04/10/2026 17:09:32;04/10/2026 07:44:23;4;2;1
MG;41076;0022;0134;controle;;2524;2524;23/09/2026 11:40:30;04/10/2026 17:05:23;7;0;01776508;04/10/2026 17:04:54;04/10/2026 17:05:23;04/10/2026 08:03:54;4;2;1
MG;40681;0130;0258;controle;;4805;4805;21/09/2026 18:22:11;04/10/2026 17:10:46;21;0;02449245;04/10/2026 17:10:41;04/10/2026 17:10:46;04/10/2026 07:47:49;4;2;1
RN;16578;0043;0004;controle;;5996;5996;23/09/2026 11:43:57;04/10/2026 17:04:06;14;0;02357501;04/10/2026 17:04:01;04/10/2026 17:04:06;04/10/2026 07:34:39;4;2;1
RJ;60011;0233;0063;controle;;6614;6614;24/09/2026 14:40:40;04/10/2026 17:06:20;17;0;02079029;04/10/2026 17:06:15;04/10/2026 17:06:20;04/10/2026 07:12:49;7;3;1
MG;49395;0203;0149;controle;;6287;6287;22/09/2026 08:05:28;04/10/2026 17:16:44;15;0;02419419;04/10/2026 17:16:39;04/10/2026 17:16:44;04/10/2026 07:52:27;4;2;1
AM;02259;0008;0133;controle;;6535;6535;26/09/2026 10:00:01;04/10/2026 17:01:24;21;0;02037834;04/10/2026 17:01:19;04/10/2026 17:01:24;04/10/2026 06:32:17;6;2;1
SP;65439;0189;0360;controle;;6793;6793;27/09/2026 09:38:45;04/10/2026 17:10:46;46;0;02143327;04/10/2026 17:10:41;04/10/2026 17:10:46;04/10/2026 07:38:23;5;2;1
GO;92274;0119;0044;controle;;7695;7695;21/09/2026 10:05:59;04/10/2026 17:53:14;25;0;02376299;04/10/2026 17:53:09;04/10/2026 17:53:14;04/10/2026 07:59:51;4;2;1
MS;90514;0053;0039;controle;;4444;4444;20/09/2026 14:17:36;04/10/2026 16:02:26;10;0;02363434;04/10/2026 16:02:21;04/10/2026 16:02:26;04/10/2026 06:20:34;4;2;1
GO;95710;0140;0022;controle;;5887;5887;28/09/2026 10:32:43;04/10/2026 17:04:42;28;0;02011521;04/10/2026 17:04:37;04/10/2026 17:04:42;04/10/2026 07:44:45;4;2;1
GO;92053;0087;0071;controle;;176;0;;;0;0;;;;;0;0;0
TO;95290;0016;0092;controle;;5014;5014;24/09/2026 17:28:47;04/10/2026 17:04:27;17;0;02279607;04/10/2026 17:04:22;04/10/2026 17:04:27;04/10/2026 07:23:52;4;2;1
SP;71153;0132;0144;controle;;6526;6526;27/09/2026 09:50:18;04/10/2026 17:09:39;18;0;02147813;04/10/2026 17:09:34;04/10/2026 17:09:39;04/10/2026 07:43:06;4;2;1
SP;67890;0331;0251;controle;;6614;6614;27/09/2026 16:24:22;04/10/2026 17:06:46;19;0;02211029;04/10/2026 17:06:41;04/10/2026 17:06:46;04/10/2026 07:44:55;5;2;1
MS;90514;0036;0100;controle;;5467;5467;23/09/2026 17:59:14;04/10/2026 16:04:11;12;0;02351913;04/10/2026 16:04:06;04/10/2026 16:04:11;04/10/2026 06:23:35;4;2;1
MS;90034;0023;0037;controle;;5163;5163;28/09/2026 09:53:44;04/10/2026 16:13:22;11;0;02024675;04/10/2026 16:13:17;04/10/2026 16:13:22;04/10/2026 06:46:26;5;2;1
MA;09679;0104;0091;controle;;2529;2529;30/09/2026 11:54:09;04/10/2026 17:20:49;34;0;02384572;04/10/2026 17:20:44;04/10/2026 17:20:49;04/10/2026 07:11:35;5;2;1
MG;49476;0206;0097;controle;;6664;6664;24/09/2026 15:36:28;04/10/2026 17:12:29;19;0;01835702;04/10/2026 17:11:42;04/10/2026 17:12:29;04/10/2026 08:22:02;5;2;1
SP;70076;0294;0147;controle;;5017;5017;27/09/2026 13:05:55;04/10/2026 17:09:19;19;0;02301634;04/10/2026 17:09:14;04/10/2026 17:09:19;04/10/2026 07:26:06;4;2;1
PE;24953;0077;0058;controle;;6213;6213;25/09/2026 09:04:14;04/10/2026 17:19:51;24;0;02370942;04/10/2026 17:19:46;04/10/2026 17:19:51;04/10/2026 07:17:52;4;2;1
PR;77453;0005;0222;controle;;6924;6924;23/09/2026 18:09:53;04/10/2026 17:05:25;17;0;02095463;04/10/2026 17:05:20;04/10/2026 17:05:25;04/10/2026 07:22:00;5;2;1
MG;54410;0284;0101;controle;;4526;4526;20/09/2026 09:02:37;04/10/2026 17:08:05;17;0;01779384;04/10/2026 17:07:24;04/10/2026 17:08:05;04/10/2026 07:38:30;4;2;1
SP;65650;0057;0099;controle;;5225;5225;23/09/2026 15:55:43;04/10/2026 17:05:38;13;0;02139369;04/10/2026 17:05:33;04/10/2026 17:05:38;04/10/2026 07:18:18;4;2;1
AP;06050;0010;0126;controle;;7165;7165;23/09/2026 10:02:45;04/10/2026 18:25:44;37;0;02353647;04/10/2026 18:25:39;04/10/2026 18:25:44;04/10/2026 07:53:05;3;2;1
SE;31054;0001;0250;controle;;5582;5582;25/09/2026 13:20:42;04/10/2026 17:06:05;8;0;01793776;04/10/2026 17:05:31;04/10/2026 17:06:05;04/10/2026 07:30:48;4;2;1
SC;81833;0093;0177;controle;;5803;5803;21/09/2026 13:38:59;04/10/2026 17:04:56;12;0;02430845;04/10/2026 17:04:51;04/10/2026 17:04:56;04/10/2026 07:22:28;4;2;1
AM;02577;0016;0107;controle;;7156;7156;18/09/2026 15:47:24;04/10/2026 17:48:05;14;1;02101690;04/10/2026 17:48:00;04/10/2026 17:48:05;04/10/2026 07:01:45;7;2;2
GO;93734;0001;0116;controle;;6021;6021;29/09/2026 08:54:33;04/10/2026 17:09:55;16;0;02365906;04/10/2026 17:09:50;04/10/2026 17:09:55;04/10/2026 07:49:06;4;2;1
SP;64270;0367;0102;controle;;6527;6527;25/09/2026 14:31:03;04/10/2026 17:11:30;20;0;02070262;04/10/2026 17:11:25;04/10/2026 17:11:30;04/10/2026 07:22:57;5;2;1
RO;00736;0019;0126;controle;;5929;5929;24/09/2026 09:03:16;04/10/2026 16:08:45;26;0;02251709;04/10/2026 16:08:40;04/10/2026 16:08:45;04/10/2026 06:26:53;4;2;1
PB;22179;0072;0366;controle;;4985;4985;23/09/2026 09:38:59;04/10/2026 17:07:43;35;0;02033664;04/10/2026 17:07:38;04/10/2026 17:07:43;04/10/2026 07:19:32;4;2;1
AC;01570;0006;0036;controle;;5055;5055;23/09/2026 12:06:28;04/10/2026 15:09:18;19;0;02270316;04/10/2026 15:09:13;04/10/2026 15:09:18;04/10/2026 05:47:14;4;2;1
CE;13218;0008;0274;controle;;5925;5925;09/10/2026 00:11:54;04/10/2026 17:14:37;18;0;02302965;04/10/2026 17:14:32;04/10/2026 17:14:37;04/10/2026 07:50:50;4;2;1
MA;07412;0025;0080;controle;;5390;5390;25/09/2026 11:41:43;04/10/2026 18:40:31;4;0;02261536;04/10/2026 18:40:26;04/10/2026 18:40:31;04/10/2026 07:16:21;6;3;2
GO;94730;0022;0023;controle;;5280;5280;27/09/2026 10:40:34;04/10/2026 17:10:16;8;0;02029669;04/10/2026 17:10:11;04/10/2026 17:10:16;04/10/2026 07:25:29;4;2;1
SP;71137;0131;0284;controle;;5535;5535;28/09/2026 11:05:53;04/10/2026 17:04:51;8;0;02334738;04/10/2026 17:04:46;04/10/2026 17:04:51;04/10/2026 07:38:30;3;2;1
SP;66818;0070;0005;controle;;6366;6366;24/09/2026 09:01:36;04/10/2026 17:22:18;16;1;02136555;04/10/2026 17:22:13;04/10/2026 17:22:18;04/10/2026 07:08:29;5;4;1
CE;13897;0118;0659;controle;;7778;7778;23/09/2026 09:35:23;04/10/2026 18:58:55;21;0;02410306;04/10/2026 18:58:50;04/10/2026 18:58:55;04/10/2026 07:41:03;4;2;1
GO;93734;0146;0023;controle;;7067;7067;28/09/2026 13:31:32;04/10/2026 17:15:07;18;0;02373570;04/10/2026 17:15:02;04/10/2026 17:15:07;04/10/2026 07:22:44;4;2;1
SP;71072;0350;0639;controle;;6887;6887;26/09/2026 10:32:14;04/10/2026 17:08:29;10;0;01829223;04/10/2026 17:07:42;04/10/2026 17:08:29;04/10/2026 07:47:24;5;2;1
PA;05754;0079;0083;controle;;6469;6469;23/09/2026 17:38:37;04/10/2026 17:47:25;38;0;01809304;04/10/2026 17:46:43;04/10/2026 17:47:25;04/10/2026 07:43:45;4;2;1
PA;04359;0015;0299;controle;;6716;6716;24/09/2026 11:15:35;04/10/2026 18:42:56;25;0;02420024;04/10/2026 18:42:51;04/10/2026 18:42:56;04/10/2026 07:52:16;4;2;1
SP;71358;0135;0164;controle;;6610;6610;24/09/2026 16:43:22;04/10/2026 17:08:24;6;0;02397796;04/10/2026 17:08:19;04/10/2026 17:08:24;04/10/2026 07:51:14;4;2;1
SC;82953;0074;0093;controle;;6914;6914;25/09/2026 13:08:58;04/10/2026 17:07:38;37;0;01845512;04/10/2026 17:07:00;04/10/2026 17:07:38;04/10/2026 07:35:12;4;2;1
ES;56634;0025;0592;controle;;4852;4852;23/09/2026 13:32:00;04/10/2026 17:05:41;15;0;02428065;04/10/2026 17:05:36;04/10/2026 17:05:41;04/10/2026 08:00:30;5;2;1
PE;23493;0099;0061;controle;;6228;6228;28/09/2026 09:08:34;04/10/2026 17:35:10;22;0;02358771;04/10/2026 17:35:05;04/10/2026 17:35:10;04/10/2026 07:25:46;4;2;1
MA;07269;0095;0143;controle;;3105;3105;30/09/2026 09:34:08;04/10/2026 17:04:23;4;0;02127606;04/10/2026 17:04:18;04/10/2026 17:04:23;04/10/2026 07:44:02;4;2;1
RJ;59218;0111;0057;controle;;5923;5923;23/09/2026 08:50:15;04/10/2026 17:04:28;19;0;02395038;04/10/2026 17:04:23;04/10/2026 17:04:28;04/10/2026 08:02:32;7;2;1
PA;05371;0033;0106;controle;;5235;5235;25/09/2026 14:46:57;04/10/2026 17:07:29;21;0;02282972;04/10/2026 17:07:24;04/10/2026 17:07:29;04/10/2026 07:26:36;4;2;1
ES;56120;0043;0076;controle;;5607;5607;23/09/2026 13:01:01;04/10/2026 17:09:24;9;0;02035349;04/10/2026 17:09:19;04/10/2026 17:09:24;04/10/2026 07:36:09;5;2;1
RS;87840;0022;0041;controle;;5414;5414;23/09/2026 12:12:06;04/10/2026 17:06:08;8;0;02415641;04/10/2026 17:06:03;04/10/2026 17:06:08;04/10/2026 07:27:59;5;2;1
SP;71072;0250;0313;controle;;5267;5267;26/09/2026 12:03:49;04/10/2026 17:09:17;7;0;02056583;04/10/2026 17:09:12;04/10/2026 17:09:17;04/10/2026 07:37:38;4;2;1
SP;71455;0271;0170;controle;;6401;6401;27/09/2026 09:19:40;04/10/2026 17:03:21;7;0;02378655;04/10/2026 17:03:16;04/10/2026 17:03:21;04/10/2026 07:38:22;4;2;1
MG;43877;0097;0156;controle;;6150;6150;21/09/2026 10:58:14;04/10/2026 17:50:29;40;0;01755496;04/10/2026 17:49:47;04/10/2026 17:50:29;04/10/2026 07:24:15;4;2;1
MT;90603;0021;0152;controle;;6637;6637;22/09/2026 08:30:52;04/10/2026 16:13:55;32;0;02001744;04/10/2026 16:13:50;04/10/2026 16:13:55;04/10/2026 06:48:03;4;2;1
RJ;59250;0131;0365;controle;;6238;6238;24/09/2026 14:50:34;04/10/2026 17:07:19;19;0;02422588;04/10/2026 17:07:14;04/10/2026 17:07:19;04/10/2026 07:38:37;4;2;1
PB;21490;0050;0120;controle;;2916;2916;21/09/2026 14:18:34;04/10/2026 17:05:58;6;0;02034434;04/10/2026 17:05:53;04/10/2026 17:05:58;04/10/2026 07:24:46;4;2;1
RJ;59153;0038;0311;controle;;6318;6318;23/09/2026 09:29:56;04/10/2026 17:04:54;11;0;02470639;04/10/2026 17:04:49;04/10/2026 17:04:54;04/10/2026 07:29:13;4;2;1
BA;38717;0178;0013;controle;;4969;4969;24/09/2026 09:51:01;04/10/2026 17:13:15;9;0;01666401;04/10/2026 17:12:52;04/10/2026 17:13:15;04/10/2026 08:03:12;4;2;1
BA;38490;0005;0512;controle;;7501;7501;29/09/2026 10:45:51;04/10/2026 17:27:24;18;0;02393958;04/10/2026 17:27:19;04/10/2026 17:27:24;04/10/2026 07:07:15;5;2;1
MG;41920;0215;0317;controle;;5516;5516;25/09/2026 13:24:01;04/10/2026 17:04:19;29;0;02455315;04/10/2026 17:04:14;04/10/2026 17:04:19;04/10/2026 07:41:33;4;2;1
PR;74276;0061;0254;controle;;6202;6202;26/09/2026 07:49:25;04/10/2026 17:06:31;23;0;02332831;04/10/2026 17:06:26;04/10/2026 17:06:31;04/10/2026 07:35:18;4;2;1
BA;36838;0160;0089;controle;;6943;6943;21/09/2026 10:59:04;04/10/2026 17:24:46;29;0;01768913;04/10/2026 17:24:04;04/10/2026 17:24:46;04/10/2026 07:30:28;5;2;1
MG;52655;0169;0208;controle;;5449;5449;20/09/2026 13:28:23;04/10/2026 17:06:19;16;0;02269922;04/10/2026 17:06:15;04/10/2026 17:06:19;04/10/2026 07:42:26;4;2;1
SC;83119;0030;0070;controle;;6304;6304;21/09/2025 14:10:59;04/10/2026 17:03:50;9;0;01844712;04/10/2026 17:03:10;04/10/2026 17:03:50;04/10/2026 07:25:20;4;2;1
MS;90557;0028;0023;controle;;6417;6417;24/09/2026 08:03:56;04/10/2026 16:04:24;8;0;02004084;04/10/2026 16:04:19;04/10/2026 16:04:24;04/10/2026 06:32:20;5;3;1
PI;11673;0011;0147;controle;;5644;5644;23/09/2026 09:11:08;04/10/2026 17:05:17;26;0;02344759;04/10/2026 17:05:12;04/10/2026 17:05:17;04/10/2026 07:15:01;4;3;1
SP;71072;0422;0344;controle;;6432;6432;26/09/2026 14:02:54;04/10/2026 17:08:59;9;0;02256310;04/10/2026 17:08:54;04/10/2026 17:08:59;04/10/2026 07:55:14;5;3;1
SP;70750;0414;0016;controle;;6408;6408;26/09/2026 14:36:29;04/10/2026 17:07:00;10;0;02028708;04/10/2026 17:06:55;04/10/2026 17:07:00;04/10/2026 08:03:10;4;2;1
PA;04570;0009;0172;controle;;2481;2481;24/09/2026 16:44:00;04/10/2026 17:05:27;6;0;02433145;04/10/2026 17:05:22;04/10/2026 17:05:27;04/10/2026 07:09:51;4;2;1
MT;90956;0014;0089;controle;;6045;6045;24/09/2026 09:44:24;04/10/2026 16:02:54;18;0;02448084;04/10/2026 16:02:49;04/10/2026 16:02:54;04/10/2026 07:02:25;6;2;1
AP;06130;0007;0115;controle;;4086;4086;01/10/2026 10:14:56;04/10/2026 17:17:33;9;1;02017850;04/10/2026 17:17:28;04/10/2026 17:17:33;04/10/2026 07:18:55;3;4;1
SP;68799;0095;0012;controle;;5446;5446;25/09/2026 09:13:33;04/10/2026 17:02:56;14;0;02288579;04/10/2026 17:02:51;04/10/2026 17:02:56;04/10/2026 07:23:18;4;2;1
SP;71072;0372;0163;controle;;7032;7032;27/09/2026 13:25:43;04/10/2026 17:13:15;26;0;02268098;04/10/2026 17:13:10;04/10/2026 17:13:15;04/10/2026 07:45:11;4;2;1
RS;86134;0146;0075;controle;;6090;6090;25/09/2026 14:24:16;04/10/2026 17:08:58;18;0;02442881;04/10/2026 17:08:53;04/10/2026 17:08:58;04/10/2026 07:29:12;5;2;1
RO;00418;0035;0086;controle;;5296;5296;26/09/2026 10:10:41;04/10/2026 16:05:08;10;0;02294341;04/10/2026 16:05:03;04/10/2026 16:05:08;04/10/2026 06:58:42;4;2;1
SP;71331;0134;0042;controle;;5352;5352;26/09/2026 16:45:07;04/10/2026 17:03:34;10;0;02126817;04/10/2026 17:03:29;04/10/2026 17:03:34;04/10/2026 07:24:36;4;2;1
ES;56731;0019;0022;controle;;5214;5214;22/09/2026 15:47:41;04/10/2026 17:10:22;17;0;02365187;04/10/2026 17:10:18;04/10/2026 17:10:22;04/10/2026 07:28:40;5;2;1
SP;63193;0032;0023;controle;;5950;5950;25/09/2026 13:02:21;04/10/2026 17:08:55;44;0;02209576;04/10/2026 17:08:50;04/10/2026 17:08:55;04/10/2026 07:57:15;4;2;1
BA;34878;0098;0184;controle;;6098;6098;26/09/2026 10:05:50;04/10/2026 17:08:46;16;1;02234454;04/10/2026 17:08:41;04/10/2026 17:08:46;04/10/2026 07:18:53;5;2;1
GO;95079;0008;0244;controle;;6352;6352;26/09/2026 08:35:50;04/10/2026 17:08:37;25;0;02202598;04/10/2026 17:08:32;04/10/2026 17:08:37;04/10/2026 07:56:34;4;2;1
RJ;59099;0062;0119;controle;;6834;6834;24/09/2026 13:36:25;04/10/2026 17:11:10;24;0;02374653;04/10/2026 17:11:05;04/10/2026 17:11:10;04/10/2026 08:01:28;4;2;1
CE;15970;0055;0125;controle;;6135;6135;25/09/2026 10:09:21;04/10/2026 18:16:11;26;0;01769390;04/10/2026 18:15:31;04/10/2026 18:16:11;04/10/2026 07:37:00;4;2;1
PI;10383;0019;0107;controle;;5261;5261;30/09/2026 14:24:31;04/10/2026 17:07:52;21;0;02203264;04/10/2026 17:07:47;04/10/2026 17:07:52;04/10/2026 08:02:07;4;2;1
PE;23035;0107;0110;controle;;4716;4716;26/09/2026 09:58:58;04/10/2026 17:06:59;12;2;02345521;04/10/2026 17:06:54;04/10/2026 17:06:59;04/10/2026 07:44:58;4;2;1
MG;51551;0246;0215;controle;;5295;5295;19/09/2026 10:59:03;04/10/2026 17:03:11;14;0;02453741;04/10/2026 17:03:06;04/10/2026 17:03:11;04/10/2026 07:26:57;5;4;1
PE;23213;0084;0183;controle;;6685;6685;25/09/2026 10:50:41;04/10/2026 17:13:45;19;0;02335816;04/10/2026 17:13:40;04/10/2026 17:13:45;04/10/2026 07:43:04;4;2;1
BA;38334;0110;0149;controle;;5436;5436;29/09/2026 10:03:34;04/10/2026 17:06:40;25;0;02305117;04/10/2026 17:06:35;04/10/2026 17:06:40;04/10/2026 07:53:32;5;2;1
MG;54135;0281;0295;controle;;5223;5223;24/09/2026 14:18:33;04/10/2026 17:06:02;22;0;02401792;04/10/2026 17:05:57;04/10/2026 17:06:02;04/10/2026 08:09:15;4;2;1
GO;94595;0021;0025;controle;;6132;6132;24/09/2026 14:23:54;04/10/2026 17:07:33;6;1;02184514;04/10/2026 17:07:28;04/10/2026 17:07:33;04/10/2026 07:28:39;4;4;1
SP;68918;0098;0129;controle;;6775;6775;27/09/2026 09:21:55;04/10/2026 17:30:40;16;0;02187726;04/10/2026 17:30:35;04/10/2026 17:30:40;04/10/2026 07:10:52;5;2;1
GO;92894;0007;0217;controle;;6263;6263;22/09/2026 10:51:21;04/10/2026 17:35:51;28;0;02184337;04/10/2026 17:35:46;04/10/2026 17:35:51;04/10/2026 07:31:59;5;2;1
RR;03018;0001;0183;controle;;4985;4985;24/09/2026 09:03:58;04/10/2026 16:03:11;11;0;02019798;04/10/2026 16:03:07;04/10/2026 16:03:11;04/10/2026 06:50:51;3;2;1
DF;97012;0014;0342;controle;;6543;6543;26/09/2026 08:53:23;04/10/2026 17:06:54;14;0;02225325;04/10/2026 17:06:49;04/10/2026 17:06:54;04/10/2026 07:53:55;5;2;1
BA;38636;0072;0219;controle;;5351;5351;28/09/2026 10:13:20;04/10/2026 17:07:21;23;0;01772633;04/10/2026 17:06:44;04/10/2026 17:07:21;04/10/2026 07:29:17;6;3;1
RS;85995;0016;0128;controle;;6207;6207;21/09/2026 15:50:48;04/10/2026 17:04:16;14;0;02150431;04/10/2026 17:04:11;04/10/2026 17:04:16;04/10/2026 07:28:46;5;2;1
PB;21172;0028;0328;controle;;6669;6669;25/09/2026 10:37:59;04/10/2026 17:06:09;28;0;02459263;04/10/2026 17:06:04;04/10/2026 17:06:09;04/10/2026 07:32:39;4;2;1
MT;90670;0039;0620;controle;;6936;6936;23/09/2026 10:41:57;04/10/2026 16:08:40;11;1;01798789;04/10/2026 16:08:01;04/10/2026 16:08:40;04/10/2026 06:28:12;4;2;1
MA;07803;0074;0314;controle;;5436;5436;30/09/2026 15:50:44;04/10/2026 17:09:00;23;0;02125372;04/10/2026 17:08:55;04/10/2026 17:09:00;04/10/2026 07:23:14;5;2;1
PI;11533;0003;0333;controle;;5402;5402;24/09/2026 08:13:02;04/10/2026 17:03:00;21;0;02240859;04/10/2026 17:02:55;04/10/2026 17:03:00;04/10/2026 07:38:43;4;2;1
PE;24457;0133;0121;controle;;7328;7328;28/09/2026 08:24:57;04/10/2026 19:29:00;15;0;02316177;04/10/2026 19:28:55;04/10/2026 19:29:00;04/10/2026 07:42:42;4;2;1
PB;19780;0049;0125;controle;;7165;7165;23/09/2026 16:08:14;04/10/2026 18:45:36;32;0;02218083;04/10/2026 18:45:31;04/10/2026 18:45:36;04/10/2026 07:42:26;4;2;1
MG;41386;0285;0086;controle;;5307;5307;19/09/2026 17:33:31;04/10/2026 17:07:36;11;0;02078100;04/10/2026 17:07:31;04/10/2026 17:07:36;04/10/2026 07:49:55;4;2;1
GO;93734;0136;0418;controle;;5251;5251;25/09/2026 08:22:07;04/10/2026 17:03:39;10;0;02360657;04/10/2026 17:03:35;04/10/2026 17:03:39;04/10/2026 07:53:48;4;2;1
SP;62910;0274;0658;controle;;6117;6117;25/09/2026 09:49:16;04/10/2026 17:06:13;17;0;02166558;04/10/2026 17:06:08;04/10/2026 17:06:13;04/10/2026 07:11:32;6;2;1
SP;71072;0250;0371;controle;;6531;6531;24/09/2026 13:49:52;04/10/2026 17:13:16;10;0;02338969;04/10/2026 17:13:11;04/10/2026 17:13:16;04/10/2026 08:00:15;4;2;1
PR;77330;0032;0043;controle;;6390;6390;25/09/2026 13:32:50;04/10/2026 17:19:32;53;0;02075721;04/10/2026 17:19:27;04/10/2026 17:19:32;04/10/2026 07:40:50;5;2;1
SE;31496;0008;0064;controle;;6427;6427;19/09/2026 07:52:34;04/10/2026 17:23:02;21;0;02352290;04/10/2026 17:22:57;04/10/2026 17:23:02;04/10/2026 08:16:01;5;2;1
PA;04715;0034;0327;controle;;4771;4771;25/09/2026 11:35:16;04/10/2026 17:25:43;7;0;02395933;04/10/2026 17:25:38;04/10/2026 17:25:43;04/10/2026 07:41:05;4;2;1
SP;61298;0047;0169;controle;;5951;5951;25/09/2026 13:14:01;04/10/2026 17:07:49;60;0;02072768;04/10/2026 17:07:44;04/10/2026 17:07:49;04/10/2026 07:28:07;4;2;1
SP;71072;0350;0711;controle;;6231;6231;25/09/2026 09:29:23;04/10/2026 17:10:25;14;0;02305217;04/10/2026 17:10:20;04/10/2026 17:10:25;04/10/2026 07:41:07;5;2;1
AL;27219;0009;0017;controle;;6596;6596;24/09/2026 09:33:04;04/10/2026 18:22:52;15;0;02473518;04/10/2026 18:22:47;04/10/2026 18:22:52;04/10/2026 07:47:09;5;2;1
SP;71072;0260;0505;controle;;6898;6898;28/09/2026 12:21:15;04/10/2026 17:22:49;29;0;02378979;04/10/2026 17:22:44;04/10/2026 17:22:49;04/10/2026 07:38:37;4;2;1
PE;25313;0005;0197;controle;;7049;7049;23/09/2026 08:14:18;04/10/2026 17:05:42;18;0;02356674;04/10/2026 17:05:37;04/10/2026 17:05:42;04/10/2026 07:10:38;6;3;1
MT;90719;0012;0004;controle;;5703;5703;23/09/2026 10:16:08;04/10/2026 16:04:25;22;0;02454611;04/10/2026 16:04:20;04/10/2026 16:04:25;04/10/2026 06:42:50;4;2;1
SE;31054;0027;0192;controle;;6984;6984;21/09/2026 12:22:48;04/10/2026 17:11:32;30;0;02175944;04/10/2026 17:11:27;04/10/2026 17:11:32;04/10/2026 08:01:12;4;2;1
RS;88099;0036;0057;controle;;5568;5568;25/09/2026 14:35:33;04/10/2026 17:09:47;42;0;02415966;04/10/2026 17:09:42;04/10/2026 17:09:47;04/10/2026 08:16:51;5;2;1
MG;44393;0070;0003;controle;;6420;6420;25/09/2026 09:22:50;04/10/2026 17:22:51;16;0;02132751;04/10/2026 17:22:46;04/10/2026 17:22:51;04/10/2026 07:57:19;4;2;1
DF;97012;0016;0331;controle;;6790;6790;24/09/2026 11:34:58;04/10/2026 17:51:49;28;0;02012624;04/10/2026 17:51:44;04/10/2026 17:51:49;04/10/2026 07:09:45;5;2;1
GO;93599;0011;0119;controle;;6193;6193;23/09/2026 08:18:18;04/10/2026 17:56:24;29;0;02301010;04/10/2026 17:56:19;04/10/2026 17:56:24;04/10/2026 07:23:54;4;2;1
CE;13897;0094;0445;controle;;6125;6125;21/09/2026 10:44:37;04/10/2026 17:20:12;27;0;02304181;04/10/2026 17:20:07;04/10/2026 17:20:12;04/10/2026 08:03:11;4;2;1
MA;08974;0070;0403;controle;;3952;3952;30/09/2026 14:50:02;04/10/2026 17:08:42;11;0;02082129;04/10/2026 17:08:37;04/10/2026 17:08:42;04/10/2026 07:42:57;4;2;1
SP;71218;0340;0385;controle;;3808;3808;28/09/2026 16:49:25;04/10/2026 17:07:47;13;0;01826453;04/10/2026 17:07:03;04/10/2026 17:07:47;04/10/2026 07:49:15;4;2;1
PE;24570;0011;0125;controle;;6878;6878;22/09/2026 13:14:42;04/10/2026 18:04:43;20;0;02171314;04/10/2026 18:04:38;04/10/2026 18:04:43;04/10/2026 07:40:58;4;2;1
MA;08028;0086;0033;controle;;7427;7427;23/09/2026 14:02:16;04/10/2026 19:53:40;34;0;02130344;04/10/2026 19:53:35;04/10/2026 19:53:40;04/10/2026 07:51:13;5;2;1
MT;91839;0015;0230;controle;;6543;6543;23/09/2026 09:47:18;04/10/2026 17:10:20;40;0;02289356;04/10/2026 17:10:15;04/10/2026 17:10:20;04/10/2026 07:04:21;6;2;1
CE;13935;0050;0042;controle;;5410;5410;31/07/2026 12:30:19;04/10/2026 17:08:01;21;0;01751889;04/10/2026 17:07:20;04/10/2026 17:08:01;04/10/2026 07:30:10;4;2;1
BA;39039;0096;0018;controle;;6907;6907;01/10/2026 09:41:24;04/10/2026 17:33:40;10;0;02250844;04/10/2026 17:33:35;04/10/2026 17:33:40;04/10/2026 07:33:25;4;2;1
AC;01392;0001;0492;controle;;5323;5323;25/09/2026 09:51:19;04/10/2026 15:02:55;8;0;02044994;04/10/2026 15:02:50;04/10/2026 15:02:55;04/10/2026 05:46:32;5;2;1
SP;64777;0394;0274;controle;;6912;6912;26/09/2026 14:58:32;04/10/2026 17:14:10;26;0;01786209;04/10/2026 17:13:22;04/10/2026 17:14:10;04/10/2026 07:58:54;5;2;1
BA;33634;0070;0310;controle;;6956;6956;29/09/2026 10:48:18;04/10/2026 18:54:44;16;0;02234400;04/10/2026 18:54:39;04/10/2026 18:54:44;04/10/2026 07:42:20;4;2;1
RJ;58262;0181;0081;controle;;6302;6302;22/09/2026 10:58:03;04/10/2026 17:26:55;15;0;02437313;04/10/2026 17:26:50;04/10/2026 17:26:55;04/10/2026 07:53:03;7;3;1
PA;05355;0083;0269;controle;;3813;3813;24/09/2026 09:28:37;04/10/2026 17:07:11;8;0;02285208;04/10/2026 17:07:06;04/10/2026 17:07:11;04/10/2026 07:47:53;4;2;1
MG;45535;0119;0415;controle;;5690;5690;21/09/2026 12:04:52;04/10/2026 17:06:33;15;0;02270240;04/10/2026 17:06:28;04/10/2026 17:06:33;04/10/2026 07:55:11;4;2;1
GO;94013;0079;0095;controle;;4497;4497;24/09/2026 14:21:36;04/10/2026 17:06:42;16;0;02184276;04/10/2026 17:06:37;04/10/2026 17:06:42;04/10/2026 07:25:11;5;2;1
CE;13730;0037;0216;controle;;6455;6455;26/07/2026 09:13:59;04/10/2026 17:02:38;52;0;02297308;04/10/2026 17:02:33;04/10/2026 17:02:38;04/10/2026 08:04:08;4;2;1
BA;36838;0160;0103;controle;;7397;7397;21/09/2026 11:48:31;04/10/2026 18:16:14;31;2;01766075;04/10/2026 18:15:37;04/10/2026 18:16:14;04/10/2026 07:12:42;7;2;1
SP;67075;0072;0145;controle;;6163;6163;25/09/2026 15:06:16;04/10/2026 17:09:43;13;0;02278434;04/10/2026 17:09:38;04/10/2026 17:09:43;04/10/2026 07:21:50;4;2;1
BA;34509;0111;0225;controle;;4052;4052;21/09/2026 15:09:55;04/10/2026 17:09:25;16;1;02313367;04/10/2026 17:09:20;04/10/2026 17:09:25;04/10/2026 08:03:19;4;2;1
MA;09270;0063;0215;controle;;4856;4856;30/09/2026 15:19:46;04/10/2026 17:17:54;37;0;02100595;04/10/2026 17:17:49;04/10/2026 17:17:54;04/10/2026 07:51:33;5;2;1
RJ;58971;0132;0025;controle;;5383;5383;23/09/2026 15:03:29;04/10/2026 17:05:26;31;0;02220045;04/10/2026 17:05:21;04/10/2026 17:05:26;04/10/2026 07:26:24;5;2;1
RS;87297;0029;0147;controle;;7270;7270;23/09/2026 16:00:33;04/10/2026 17:06:15;25;0;01775751;04/10/2026 17:05:29;04/10/2026 17:06:15;04/10/2026 07:53:16;6;3;1
RJ;58289;0130;0058;controle;;4923;4923;07/09/2026 11:58:38;04/10/2026 17:06:03;15;0;02430841;04/10/2026 17:05:59;04/10/2026 17:06:03;04/10/2026 08:04:45;5;2;1
PB;20516;0001;0023;controle;;5739;5739;21/09/2026 14:53:35;04/10/2026 17:06:09;9;0;01651656;04/10/2026 17:05:36;04/10/2026 17:06:09;04/10/2026 07:38:42;4;2;1
SC;80624;0063;0089;controle;;6636;6636;28/09/2026 16:36:22;04/10/2026 17:09:21;8;0;02177107;04/10/2026 17:09:16;04/10/2026 17:09:21;04/10/2026 07:37:05;4;2;1
RS;85723;0011;0080;controle;;7978;7978;22/09/2026 16:10:29;04/10/2026 17:05:07;16;0;02225061;04/10/2026 17:05:02;04/10/2026 17:05:07;04/10/2026 07:32:46;11;2;1
AM;02372;0030;0025;controle;;4811;4811;29/09/2026 10:30:29;04/10/2026 16:02:58;56;0;02352252;04/10/2026 16:02:53;04/10/2026 16:02:58;04/10/2026 06:30:52;4;2;1
RJ;59153;0195;0123;controle;;5994;5994;23/09/2026 15:47:42;04/10/2026 17:05:28;35;0;02432774;04/10/2026 17:05:23;04/10/2026 17:05:28;04/10/2026 07:38:06;4;2;1
RJ;58971;0069;0109;controle;;5274;5274;25/09/2026 11:33:48;04/10/2026 17:11:26;16;2;02229764;04/10/2026 17:11:22;04/10/2026 17:11:26;04/10/2026 07:47:59;7;2;1
RJ;58912;0060;0049;controle;;3782;3782;23/09/2026 15:49:34;04/10/2026 17:06:44;26;0;02445072;04/10/2026 17:06:39;04/10/2026 17:06:44;04/10/2026 08:03:57;4;2;1
MA;08974;0070;0147;controle;;6229;6229;30/09/2026 10:12:57;04/10/2026 17:53:44;19;0;02127834;04/10/2026 17:53:39;04/10/2026 17:53:44;04/10/2026 07:47:24;4;2;1
SP;65897;0396;0108;controle;;7536;7536;24/09/2026 08:48:39;04/10/2026 17:40:01;15;0;02402226;04/10/2026 17:39:56;04/10/2026 17:40:01;04/10/2026 07:49:04;4;2;1
SE;31771;0026;0210;controle;;4287;4287;23/09/2026 08:06:49;04/10/2026 17:06:31;12;0;02270340;04/10/2026 17:06:26;04/10/2026 17:06:31;04/10/2026 07:39:25;4;2;1
DF;97012;0015;0654;controle;;7183;7183;26/09/2026 10:30:40;04/10/2026 17:09:21;18;0;02219625;04/10/2026 17:09:16;04/10/2026 17:09:21;04/10/2026 07:24:35;5;2;1
SC;80535;0044;0109;controle;;7376;7376;22/09/2026 13:22:56;04/10/2026 17:03:56;14;0;02049910;04/10/2026 17:03:51;04/10/2026 17:03:56;04/10/2026 07:34:00;4;2;1
GO;92614;0035;0090;controle;;5203;5203;29/09/2026 09:42:30;04/10/2026 17:05:09;11;0;02005587;04/10/2026 17:05:04;04/10/2026 17:05:09;04/10/2026 07:33:54;6;3;1
RJ;58335;0126;0396;controle;;6145;6145;22/09/2026 08:43:29;04/10/2026 17:11:01;8;0;02027829;04/10/2026 17:10:56;04/10/2026 17:11:01;04/10/2026 07:56:50;4;2;1
RS;87815;0115;0033;controle;;4520;4520;23/09/2026 14:09:17;04/10/2026 17:03:28;21;0;02429906;04/10/2026 17:03:23;04/10/2026 17:03:28;04/10/2026 07:32:15;5;2;1
MG;51330;0241;0227;controle;;6048;6048;22/09/2026 13:11:58;04/10/2026 17:07:53;32;0;02464290;04/10/2026 17:07:48;04/10/2026 17:07:53;04/10/2026 07:23:36;5;2;1
MG;49590;0330;0251;controle;;6799;6799;21/09/2026 10:41:34;04/10/2026 17:28:02;34;0;02128967;04/10/2026 17:27:57;04/10/2026 17:28:02;04/10/2026 07:44:43;4;2;1
MS;55000;0011;0060;controle;;4339;4339;23/09/2026 16:27:46;04/10/2026 16:05:43;21;0;02346307;04/10/2026 16:05:38;04/10/2026 16:05:43;04/10/2026 06:56:26;4;2;1
DF;97012;0008;0609;controle;;5956;5956;25/09/2026 08:40:38;04/10/2026 17:07:35;15;0;02013889;04/10/2026 17:07:30;04/10/2026 17:07:35;04/10/2026 07:09:08;5;2;1
SP;61328;0299;0152;controle;;4529;4529;25/09/2026 14:58:49;04/10/2026 17:04:43;10;0;02203588;04/10/2026 17:04:38;04/10/2026 17:04:43;04/10/2026 07:20:55;4;2;1
MG;42315;0065;0041;controle;;5916;5916;19/09/2026 13:41:56;04/10/2026 17:20:46;27;0;02124067;04/10/2026 17:20:41;04/10/2026 17:20:46;04/10/2026 07:15:22;4;2;1
BA;38610;0145;0048;controle;;5992;5992;22/09/2026 10:20:09;04/10/2026 18:13:16;13;0;02224252;04/10/2026 18:13:11;04/10/2026 18:13:16;04/10/2026 07:54:49;5;2;1
MA;09059;0073;0143;controle;;3485;3485;29/09/2026 08:37:32;04/10/2026 17:07:18;7;0;02400601;04/10/2026 17:07:13;04/10/2026 17:07:18;04/10/2026 07:48:07;5;2;1
AL;28657;0016;0035;controle;;7166;7166;24/09/2026 09:11:21;04/10/2026 18:10:04;43;0;02448861;04/10/2026 18:09:59;04/10/2026 18:10:04;04/10/2026 07:48:59;5;2;1
MS;90514;0036;0179;controle;;6045;6045;24/09/2026 09:14:55;04/10/2026 16:08:13;5;0;02364100;04/10/2026 16:08:08;04/10/2026 16:08:13;04/10/2026 06:30:58;4;2;1
GO;92215;0003;0449;controle;;6247;6247;21/09/2026 11:15:59;04/10/2026 17:05:04;16;0;02338865;04/10/2026 17:04:59;04/10/2026 17:05:04;04/10/2026 08:00:52;5;2;1
PE;23817;0105;0277;controle;;7575;7575;23/09/2026 10:49:53;04/10/2026 17:37:40;11;1;01773686;04/10/2026 17:36:51;04/10/2026 17:37:40;04/10/2026 07:27:58;4;4;1
AL;27057;0055;0058;controle;;363;0;;;0;0;;;;;0;0;0
ZZ;30279;0001;0578;controle;;2220;2220;17/09/2026 10:09:06;04/10/2026 17:06:46;14;0;01650385;04/10/2026 17:06:32;04/10/2026 17:06:46;04/10/2026 07:15:44;5;2;1
RJ;60011;0120;0307;controle;;6673;6673;02/09/2026 10:57:05;04/10/2026 17:11:48;14;0;02216759;04/10/2026 17:11:43;04/10/2026 17:11:48;04/10/2026 07:52:59;5;2;1
RS;85073;0005;0013;controle;;5256;5256;22/09/2026 16:49:55;04/10/2026 17:07:33;14;0;02394720;04/10/2026 17:07:28;04/10/2026 17:07:33;04/10/2026 08:05:37;6;2;1
CE;13897;0117;0350;controle;;7025;7025;21/09/2026 18:42:12;04/10/2026 17:42:31;21;0;02473061;04/10/2026 17:42:26;04/10/2026 17:42:31;04/10/2026 08:01:45;4;2;1
MG;49590;0210;0312;controle;;6147;6147;19/09/2026 11:36:56;04/10/2026 17:11:03;12;0;02123234;04/10/2026 17:10:58;04/10/2026 17:11:03;04/10/2026 07:38:11;4;2;1
BA;34134;0170;0229;controle;;7430;7430;30/09/2026 15:15:30;04/10/2026 18:11:48;21;2;01838114;04/10/2026 18:11:01;04/10/2026 18:11:48;04/10/2026 07:38:34;6;2;1
RS;88455;0030;0113;controle;;5150;5150;23/09/2026 13:32:08;04/10/2026 17:03:38;40;0;02007206;04/10/2026 17:03:33;04/10/2026 17:03:38;04/10/2026 08:02:00;5;2;1
MG;50431;0226;0147;controle;;6095;6095;25/09/2026 13:48:40;04/10/2026 17:48:49;15;0;02055597;04/10/2026 17:48:44;04/10/2026 17:48:49;04/10/2026 07:59:47;4;2;1
SP;71072;0005;0151;controle;;6702;6702;23/09/2026 17:58:53;04/10/2026 17:02:48;18;2;02314808;04/10/2026 17:02:43;04/10/2026 17:02:48;04/10/2026 07:55:51;7;2;1
AM;98418;0051;0007;controle;;7053;7053;24/09/2026 10:08:56;04/10/2026 18:01:20;40;1;02458809;04/10/2026 18:01:15;04/10/2026 18:01:20;04/10/2026 06:49:15;6;2;1
BA;39691;0197;0098;controle;;6276;6276;28/09/2026 10:34:33;04/10/2026 18:17:31;43;0;01795182;04/10/2026 18:16:51;04/10/2026 18:17:31;04/10/2026 08:22:06;4;2;1
SC;80896;0098;0206;controle;;5592;5592;21/09/2026 14:40:42;04/10/2026 17:03:29;13;0;02444803;04/10/2026 17:03:24;04/10/2026 17:03:29;04/10/2026 07:25:25;4;2;1
BA;38490;0007;0351;controle;;8071;8071;25/09/2026 09:38:10;04/10/2026 17:34:44;40;0;02303136;04/10/2026 17:34:40;04/10/2026 17:34:44;04/10/2026 07:26:02;6;2;1
SC;81132;0073;0186;controle;;6759;6759;25/09/2026 12:26:32;04/10/2026 17:09:19;16;0;01829700;04/10/2026 17:08:29;04/10/2026 17:09:19;04/10/2026 07:47:12;4;2;1
SP;69299;0402;0033;controle;;4424;4424;23/09/2026 15:19:58;04/10/2026 17:04:54;12;0;02375215;04/10/2026 17:04:49;04/10/2026 17:04:54;04/10/2026 07:35:08;4;2;1
SP;71072;0001;0242;controle;;5922;5922;25/09/2026 13:39:03;04/10/2026 17:13:43;12;0;02313089;04/10/2026 17:13:38;04/10/2026 17:13:43;04/10/2026 07:25:06;6;4;1
CE;13897;0113;0162;controle;;5589;5589;21/09/2026 14:01:38;04/10/2026 17:05:51;27;0;02299484;04/10/2026 17:05:46;04/10/2026 17:05:51;04/10/2026 07:40:48;4;2;1
MG;46256;0130;0025;controle;;5635;5635;20/09/2026 15:04:21;04/10/2026 17:10:54;45;0;02449235;04/10/2026 17:10:49;04/10/2026 17:10:54;04/10/2026 07:31:03;4;2;1
SP;65633;0419;0037;controle;;6121;6121;25/09/2026 13:16:21;04/10/2026 17:16:35;17;0;02161717;04/10/2026 17:16:30;04/10/2026 17:16:35;04/10/2026 07:31:56;4;2;1
BA;38490;0010;0682;controle;;7573;7573;22/09/2026 09:33:23;04/10/2026 17:25:41;31;0;02413724;04/10/2026 17:25:36;04/10/2026 17:25:41;04/10/2026 07:05:28;5;2;1
CE;13129;0052;0153;controle;;7025;7025;29/09/2026 09:30:17;04/10/2026 18:54:27;24;0;01790472;04/10/2026 18:53:48;04/10/2026 18:54:27;04/10/2026 07:43:51;4;2;1
BA;35157;0154;0044;controle;;8134;8134;28/09/2026 16:11:12;04/10/2026 18:33:30;28;0;01767051;04/10/2026 18:32:38;04/10/2026 18:33:30;04/10/2026 07:17:02;4;2;1
PA;04464;0057;0156;controle;;5721;5721;23/09/2026 11:57:43;04/10/2026 17:24:11;27;0;01796775;04/10/2026 17:23:36;04/10/2026 17:24:11;04/10/2026 07:29:00;4;2;1
RN;18430;0015;0015;controle;;6823;6823;24/09/2026 10:07:15;04/10/2026 17:59:14;15;0;02052905;04/10/2026 17:59:09;04/10/2026 17:59:14;04/10/2026 07:35:26;4;2;1
SP;70998;0127;0493;controle;;6893;6893;24/09/2026 15:11:14;04/10/2026 17:08:35;18;0;01817795;04/10/2026 17:07:48;04/10/2026 17:08:35;04/10/2026 08:03:40;7;6;1
MG;42323;0247;0031;controle;;4416;4416;20/09/2026 10:21:53;04/10/2026 17:07:48;14;0;02103183;04/10/2026 17:07:43;04/10/2026 17:07:48;04/10/2026 07:31:01;4;2;1
MA;09210;0003;0561;controle;;7379;7379;26/09/2026 10:19:36;04/10/2026 17:41:47;32;0;01812371;04/10/2026 17:41:08;04/10/2026 17:41:47;04/10/2026 07:54:56;4;2;1
SP;71579;0324;0235;controle;;10947;10947;30/09/2026 22:20:56;04/10/2026 18:00:59;13;0;01666346;04/10/2026 18:00:13;04/10/2026 18:00:59;04/10/2026 08:00:57;5;4;1
RS;87670;0129;0039;controle;;7494;7494;20/09/2026 09:54:16;04/10/2026 17:05:11;13;0;01766369;04/10/2026 17:04:26;04/10/2026 17:05:11;04/10/2026 07:45:22;6;2;1
RJ;58130;0256;0184;controle;;6123;6123;24/09/2026 10:27:46;04/10/2026 17:12:09;70;1;02164517;04/10/2026 17:12:03;04/10/2026 17:12:09;04/10/2026 07:29:21;4;4;1
CE;13730;0120;0389;controle;;7061;7061;02/08/2026 08:12:22;04/10/2026 17:49:33;24;0;02308292;04/10/2026 17:49:28;04/10/2026 17:49:33;04/10/2026 07:23:16;4;2;1
RN;17558;0044;0097;controle;;4734;4734;22/09/2026 10:47:43;04/10/2026 17:08:27;14;0;02056585;04/10/2026 17:08:22;04/10/2026 17:08:27;04/10/2026 08:00:40;4;2;1
PE;25755;0090;0203;controle;;7012;7012;26/09/2026 09:27:19;04/10/2026 17:41:36;18;0;02222207;04/10/2026 17:41:31;04/10/2026 17:41:36;04/10/2026 07:32:11;7;3;1
PA;05096;0042;0271;controle;;6016;6016;10/09/2026 12:06:51;04/10/2026 17:24:56;21;0;01796855;04/10/2026 17:24:09;04/10/2026 17:24:56;04/10/2026 07:29:34;4;2;1
PB;19810;0017;0119;controle;;6536;6536;25/09/2026 08:53:44;04/10/2026 17:08:13;20;0;02217978;04/10/2026 17:08:08;04/10/2026 17:08:13;04/10/2026 07:47:09;4;2;1
SP;71072;0253;0168;controle;;6046;6046;26/09/2026 11:55:30;04/10/2026 17:11:41;8;0;02012399;04/10/2026 17:11:36;04/10/2026 17:11:41;04/10/2026 07:39:23;4;2;1
PE;24570;0147;0472;controle;;7532;7532;24/09/2026 09:36:23;04/10/2026 18:37:58;16;0;02041315;04/10/2026 18:37:53;04/10/2026 18:37:58;04/10/2026 07:47:47;4;2;1
SP;64033;0370;0056;controle;;6341;6341;24/09/2026 14:17:55;04/10/2026 17:15:08;20;0;02299309;04/10/2026 17:15:03;04/10/2026 17:15:08;04/10/2026 08:03:55;4;2;1
SP;64777;0395;0609;controle;;4737;4737;28/09/2026 12:06:33;04/10/2026 17:06:09;27;0;02394348;04/10/2026 17:06:04;04/10/2026 17:06:09;04/10/2026 07:29:38;4;2;1
SP;67130;0287;0223;controle;;6751;6751;26/09/2026 08:35:06;04/10/2026 17:06:29;10;0;02139797;04/10/2026 17:06:24;04/10/2026 17:06:29;04/10/2026 07:42:10;4;2;1
RS;85863;0075;0007;controle;;7296;7296;22/09/2026 09:51:23;04/10/2026 17:07:03;14;0;02462233;04/10/2026 17:06:58;04/10/2026 17:07:03;04/10/2026 07:52:29;5;2;1
BA;35939;0095;0258;controle;;7696;7696;28/09/2026 10:20:22;04/10/2026 18:48:44;63;0;02336202;04/10/2026 18:48:39;04/10/2026 18:48:44;04/10/2026 08:02:22;4;2;1
GO;96334;0050;0009;controle;;6330;6330;28/09/2026 15:58:52;04/10/2026 17:20:25;19;0;01845306;04/10/2026 17:19:47;04/10/2026 17:20:25;04/10/2026 07:34:43;4;2;1
AM;02232;0023;0021;controle;;5673;5673;30/09/2026 14:19:23;04/10/2026 17:03:40;11;0;02335180;04/10/2026 17:03:35;04/10/2026 17:03:40;04/10/2026 06:30:01;4;2;1
BA;35416;0029;0063;controle;;7260;7260;24/09/2026 10:26:06;04/10/2026 17:45:21;35;0;02166051;04/10/2026 17:45:16;04/10/2026 17:45:21;04/10/2026 07:57:50;4;2;1
RS;87351;0103;0086;controle;;6976;6976;23/09/2026 12:13:29;04/10/2026 17:05:19;21;0;01802231;04/10/2026 17:04:36;04/10/2026 17:05:19;04/10/2026 07:31:43;5;2;1
SP;71072;0421;0623;controle;;5607;5607;26/09/2026 15:02:00;04/10/2026 17:06:09;12;0;02121368;04/10/2026 17:06:04;04/10/2026 17:06:09;04/10/2026 07:26:14;4;2;1
SP;63339;0355;0135;controle;;4478;4478;25/09/2026 08:20:25;04/10/2026 17:03:21;12;0;02385718;04/10/2026 17:03:16;04/10/2026 17:03:21;04/10/2026 07:20:49;4;2;1
PA;04367;0089;0010;controle;;5708;5708;23/09/2026 10:21:12;04/10/2026 17:10:02;128;0;02420006;04/10/2026 17:09:57;04/10/2026 17:10:02;04/10/2026 07:14:26;4;2;1
SP;70750;0409;0397;controle;;5863;5863;25/09/2026 14:49:52;04/10/2026 17:09:55;10;0;01820899;04/10/2026 17:09:05;04/10/2026 17:09:55;04/10/2026 07:42:54;4;2;1
RJ;60011;0170;0187;controle;;6407;6407;21/09/2026 10:21:47;04/10/2026 17:15:10;9;0;01781071;04/10/2026 17:14:21;04/10/2026 17:15:10;04/10/2026 07:51:24;6;2;1
MS;90298;0034;0013;controle;;6060;6060;23/09/2026 12:09:47;04/10/2026 16:19:12;23;0;02002303;04/10/2026 16:19:07;04/10/2026 16:19:12;04/10/2026 06:42:30;4;2;1
MG;51950;0308;0030;controle;;5393;5393;21/09/2026 09:26:03;04/10/2026 17:06:05;21;0;02063681;04/10/2026 17:06:00;04/10/2026 17:06:05;04/10/2026 07:40:18;4;2;1
SC;80047;0090;0181;controle;;5686;5686;25/09/2026 09:28:50;04/10/2026 17:04:26;21;0;02192030;04/10/2026 17:04:21;04/10/2026 17:04:26;04/10/2026 07:38:01;4;2;1
PA;04421;0101;0079;controle;;5890;5890;23/09/2026 14:30:35;04/10/2026 19:05:20;42;0;01790657;04/10/2026 19:04:41;04/10/2026 19:05:20;04/10/2026 07:47:46;4;2;1
SP;71072;0376;0544;controle;;5819;5819;26/09/2026 10:21:51;04/10/2026 17:08:15;23;0;02253159;04/10/2026 17:08:10;04/10/2026 17:08:15;04/10/2026 07:39:11;4;2;1
PR;78590;0022;0068;controle;;5916;5916;23/09/2026 12:44:37;04/10/2026 17:05:59;6;0;01770136;04/10/2026 17:05:17;04/10/2026 17:05:59;04/10/2026 07:22:49;4;2;1
SP;69850;0164;0062;controle;;3779;3779;27/09/2026 09:43:13;04/10/2026 17:23:19;26;0;02181623;04/10/2026 17:23:14;04/10/2026 17:23:19;04/10/2026 07:18:34;4;2;1
MG;41238;0028;0281;controle;;7040;7040;22/09/2026 08:25:01;04/10/2026 17:19:46;11;0;02413162;04/10/2026 17:19:41;04/10/2026 17:19:46;04/10/2026 07:28:18;5;2;1
DF;97012;0019;0074;controle;;3711;3711;25/09/2026 11:24:47;04/10/2026 17:10:08;8;0;02101062;04/10/2026 17:10:03;04/10/2026 17:10:08;04/10/2026 07:30:10;5;2;1
RS;98272;0017;0216;controle;;6423;6423;22/09/2026 10:29:20;04/10/2026 17:04:09;13;0;02319146;04/10/2026 17:04:04;04/10/2026 17:04:09;04/10/2026 07:26:46;7;2;1
MG;50857;0233;0095;controle;;4029;4029;23/09/2026 19:47:14;04/10/2026 17:04:18;25;0;02035212;04/10/2026 17:04:13;04/10/2026 17:04:18;04/10/2026 07:50:22;4;2;1
MS;91030;0050;0106;controle;;5050;5050;29/09/2026 12:14:48;04/10/2026 16:03:04;20;0;02009324;04/10/2026 16:02:59;04/10/2026 16:03:04;04/10/2026 06:49:57;4;2;1
PA;04316;0041;0218;controle;;6206;6206;25/09/2026 08:53:19;04/10/2026 17:08:24;38;0;02199204;04/10/2026 17:08:19;04/10/2026 17:08:24;04/10/2026 07:56:16;5;2;1
SP;64750;0310;0261;controle;;5952;5952;28/09/2026 17:06:45;04/10/2026 17:06:57;16;0;01830257;04/10/2026 17:06:06;04/10/2026 17:06:57;04/10/2026 07:50:03;6;4;1
MG;46256;0348;0076;controle;;4215;4215;21/09/2026 17:01:05;04/10/2026 17:04:29;3;0;02332122;04/10/2026 17:04:24;04/10/2026 17:04:29;04/10/2026 07:19:36;4;2;1
MG;40312;0008;0038;controle;;6101;6101;20/09/2026 09:54:03;04/10/2026 17:07:04;35;0;02415433;04/10/2026 17:06:59;04/10/2026 17:07:04;04/10/2026 07:44:15;5;2;1
SP;71072;0350;0517;controle;;5068;5068;25/09/2026 17:33:44;04/10/2026 17:05:27;11;0;02056381;04/10/2026 17:05:22;04/10/2026 17:05:27;04/10/2026 07:34:04;4;2;1
MA;07609;0103;0048;controle;;7458;7458;30/09/2026 11:18:53;04/10/2026 18:27:26;23;0;02127652;04/10/2026 18:27:21;04/10/2026 18:27:26;04/10/2026 07:18:58;4;2;1
PA;04863;0020;0885;controle;;2780;2780;22/09/2026 09:30:43;04/10/2026 17:02:59;10;0;02467668;04/10/2026 17:02:54;04/10/2026 17:02:59;04/10/2026 07:54:13;5;2;1
PR;76090;0141;0028;controle;;6719;6719;22/09/2026 14:35:58;04/10/2026 17:06:23;14;0;02313900;04/10/2026 17:06:18;04/10/2026 17:06:23;04/10/2026 07:42:02;4;2;1
SP;71072;0371;0756;controle;;7061;7061;26/09/2026 13:43:42;04/10/2026 17:16:12;20;0;02068572;04/10/2026 17:16:07;04/10/2026 17:16:12;04/10/2026 07:20:32;4;2;1
PI;10618;0059;0005;controle;;4450;4450;30/09/2026 09:56:09;04/10/2026 17:05:06;8;0;02474112;04/10/2026 17:05:01;04/10/2026 17:05:06;04/10/2026 07:53:06;4;2;1
SP;67172;0075;0439;controle;;6246;6246;28/09/2026 09:51:15;04/10/2026 17:07:59;24;0;02278852;04/10/2026 17:07:55;04/10/2026 17:07:59;04/10/2026 07:29:50;4;2;1
SP;66397;0399;0103;controle;;3859;3859;27/09/2026 11:01:59;04/10/2026 17:06:55;18;0;02384168;04/10/2026 17:06:50;04/10/2026 17:06:55;04/10/2026 07:22:55;4;2;1
RJ;60011;0009;0266;controle;;6986;6986;22/09/2026 08:28:16;04/10/2026 18:01:16;9;0;01781621;04/10/2026 18:00:29;04/10/2026 18:01:16;04/10/2026 07:57:13;6;2;1
BA;36692;0048;0035;controle;;6400;6400;28/09/2026 08:41:31;04/10/2026 18:03:53;21;0;02253987;04/10/2026 18:03:48;04/10/2026 18:03:53;04/10/2026 07:56:08;5;2;1
CE;15598;0121;0237;controle;;5710;5710;29/09/2026 16:16:23;04/10/2026 17:11:23;26;0;01818741;04/10/2026 17:10:40;04/10/2026 17:11:23;04/10/2026 08:02:56;4;2;1
SP;72451;0147;0185;controle;;5417;5417;27/09/2026 14:09:40;04/10/2026 17:05:58;13;0;02182456;04/10/2026 17:05:53;04/10/2026 17:05:58;04/10/2026 07:24:47;4;2;1
MA;08290;0086;0089;controle;;4641;4641;23/09/2026 13:56:48;04/10/2026 17:13:27;18;0;02126767;04/10/2026 17:13:22;04/10/2026 17:13:27;04/10/2026 07:52:24;4;2;1
TO;73296;0010;0106;controle;;187;0;;;0;0;;;;;0;0;0
SP;70750;0414;0153;controle;;4983;4983;27/09/2026 11:32:29;04/10/2026 17:03:50;14;0;02396772;04/10/2026 17:03:45;04/10/2026 17:03:50;04/10/2026 07:38:38;4;2;1
BA;35939;0095;0446;controle;;7286;7286;28/09/2026 11:53:55;04/10/2026 17:29:46;22;0;02413281;04/10/2026 17:29:41;04/10/2026 17:29:46;04/10/2026 08:02:49;4;2;1
CE;13897;0113;0216;controle;;7299;7299;21/09/2026 16:10:16;04/10/2026 17:49:56;16;0;02394093;04/10/2026 17:49:50;04/10/2026 17:49:56;04/10/2026 07:40:32;4;2;1
ES;56995;0059;0367;controle;;7597;7597;24/09/2026 11:31:39;04/10/2026 17:10:07;26;0;01846238;04/10/2026 17:09:16;04/10/2026 17:10:07;04/10/2026 07:38:57;5;2;1
GO;93734;0127;0203;controle;;6158;6158;30/09/2026 15:21:55;04/10/2026 17:04:29;26;0;02355719;04/10/2026 17:04:24;04/10/2026 17:04:29;04/10/2026 08:01:04;4;2;1
PE;25097;0091;0073;controle;;4997;4997;25/09/2026 10:31:16;04/10/2026 17:07:19;15;0;02216220;04/10/2026 17:07:13;04/10/2026 17:07:19;04/10/2026 07:55:14;4;2;1
RJ;58041;0154;0099;controle;;5489;5489;23/09/2026 10:19:39;04/10/2026 17:08:12;19;0;02230307;04/10/2026 17:08:07;04/10/2026 17:08:12;04/10/2026 08:15:50;4;2;1
SP;71072;0346;0394;controle;;7219;7219;28/09/2026 16:41:04;04/10/2026 17:10:48;21;0;01667153;04/10/2026 17:10:10;04/10/2026 17:10:48;04/10/2026 07:43:13;4;2;1
PB;19992;0003;0054;controle;;6092;6092;23/09/2026 09:51:32;04/10/2026 17:16:25;8;0;01795785;04/10/2026 17:15:41;04/10/2026 17:16:25;04/10/2026 07:50:05;4;2;1
PE;25313;0004;0233;controle;;7368;7368;21/09/2026 11:26:04;04/10/2026 17:51:40;25;0;02358457;04/10/2026 17:51:35;04/10/2026 17:51:40;04/10/2026 07:55:00;4;2;1
PR;77771;0139;0341;controle;;6232;6232;26/09/2026 09:27:04;04/10/2026 17:05:13;22;0;02094980;04/10/2026 17:05:07;04/10/2026 17:05:13;04/10/2026 07:47:25;5;2;1
PI;11673;0011;0181;controle;;3297;3297;23/09/2026 11:39:22;04/10/2026 17:04:52;22;0;02392044;04/10/2026 17:04:47;04/10/2026 17:04:52;04/10/2026 07:40:43;3;2;1
SP;71072;0250;0384;controle;;6070;6070;25/09/2026 16:30:40;04/10/2026 17:10:06;13;0;02057485;04/10/2026 17:10:01;04/10/2026 17:10:06;04/10/2026 07:32:00;4;2;1
PI;11592;0010;0268;controle;;5329;5329;28/09/2026 12:51:44;04/10/2026 17:05:58;18;0;02355073;04/10/2026 17:05:53;04/10/2026 17:05:58;04/10/2026 07:46:00;4;4;1
ZZ;29955;0001;0628;controle;;66;0;;;0;0;;;;;0;0;0
RS;88498;0043;0071;controle;;5701;5701;24/09/2026 12:56:07;04/10/2026 17:04:59;7;0;02377489;04/10/2026 17:04:54;04/10/2026 17:04:59;04/10/2026 07:25:34;5;2;1
RS;88412;0041;0266;controle;;5427;5427;21/09/2026 13:17:30;04/10/2026 17:04:09;11;0;02164857;04/10/2026 17:04:04;04/10/2026 17:04:09;04/10/2026 07:20:29;5;2;1
RO;00035;0006;0470;controle;;5189;5189;24/09/2026 10:54:33;04/10/2026 16:19:36;12;0;02230651;04/10/2026 16:19:31;04/10/2026 16:19:36;04/10/2026 06:45:34;5;2;1
CE;13897;0001;0382;controle;;7168;7168;23/09/2026 10:23:23;04/10/2026 17:33:14;16;0;02299514;04/10/2026 17:33:09;04/10/2026 17:33:14;04/10/2026 07:44:29;5;4;1
SC;83097;0067;0112;controle;;6620;6620;19/09/2026 11:43:09;04/10/2026 17:04:02;10;0;02019540;04/10/2026 17:03:57;04/10/2026 17:04:02;04/10/2026 07:35:13;4;2;1
RN;18694;0045;0064;controle;;5305;5305;24/09/2026 09:57:26;04/10/2026 17:05:04;15;0;02356064;04/10/2026 17:04:59;04/10/2026 17:05:04;04/10/2026 07:38:29;6;2;1
AL;27758;0053;0026;controle;;4513;4513;24/09/2026 10:15:41;04/10/2026 17:05:05;11;0;02444013;04/10/2026 17:05:00;04/10/2026 17:05:05;04/10/2026 07:50:37;5;2;1
MG;50911;0321;0128;controle;;5679;5679;21/09/2026 15:48:22;04/10/2026 17:07:54;14;0;02292488;04/10/2026 17:07:49;04/10/2026 17:07:54;04/10/2026 07:41:14;6;3;1
SP;64378;0162;0061;controle;;5323;5323;24/09/2026 14:33:03;04/10/2026 17:03:22;16;0;02275206;04/10/2026 17:03:17;04/10/2026 17:03:22;04/10/2026 07:16:53;4;2;1
SC;82910;0026;0145;controle;;4341;4341;20/09/2026 09:20:08;04/10/2026 17:04:17;24;0;02174624;04/10/2026 17:04:12;04/10/2026 17:04:17;04/10/2026 07:35:02;4;2;1
PA;04839;0100;0275;controle;;6599;6599;08/09/2026 13:34:18;04/10/2026 18:10:13;48;0;02156702;04/10/2026 18:10:08;04/10/2026 18:10:13;04/10/2026 08:05:35;4;2;1
RS;88013;0161;0148;controle;;5557;5557;24/09/2026 09:22:32;04/10/2026 17:08:20;16;0;02412599;04/10/2026 17:08:15;04/10/2026 17:08:20;04/10/2026 07:53:21;6;2;1
PR;74071;0171;0177;controle;;7243;7243;19/09/2026 11:06:46;04/10/2026 17:06:24;20;0;02128809;04/10/2026 17:06:19;04/10/2026 17:06:24;04/10/2026 07:36:01;5;2;1
SP;71099;0130;0012;controle;;5134;5134;27/09/2026 08:54:47;04/10/2026 17:06:23;12;0;02084260;04/10/2026 17:06:18;04/10/2026 17:06:23;04/10/2026 07:13:26;4;2;1
PR;75876;0161;0006;controle;;6141;6141;26/09/2026 11:14:10;04/10/2026 17:07:30;17;0;02089960;04/10/2026 17:07:25;04/10/2026 17:07:30;04/10/2026 07:47:21;4;2;1
TO;92436;0010;0029;controle;;4807;4807;24/09/2026 11:24:34;04/10/2026 17:06:14;36;0;02255925;04/10/2026 17:06:09;04/10/2026 17:06:14;04/10/2026 08:00:10;4;2;1
CE;13048;0021;0119;controle;;4979;4979;23/09/2026 11:39:56;04/10/2026 17:20:53;41;1;02210242;04/10/2026 17:20:48;04/10/2026 17:20:53;04/10/2026 07:36:01;4;2;1
PR;75850;0006;0060;controle;;3056;3056;22/09/2026 16:29:37;04/10/2026 17:06:09;11;0;02349672;04/10/2026 17:06:04;04/10/2026 17:06:09;04/10/2026 07:48:12;4;2;1
BA;30899;0082;0022;controle;;5815;5815;24/09/2026 08:46:21;04/10/2026 17:23:32;15;0;02354661;04/10/2026 17:23:27;04/10/2026 17:23:32;04/10/2026 07:26:33;4;2;1
PR;76236;0093;0052;controle;;5751;5751;24/09/2026 08:19:56;04/10/2026 17:06:43;4;0;02092117;04/10/2026 17:06:38;04/10/2026 17:06:43;04/10/2026 07:31:06;4;2;1
CE;15296;0011;0296;controle;;6321;6321;21/09/2026 12:39:41;04/10/2026 17:43:01;42;0;01818183;04/10/2026 17:42:13;04/10/2026 17:43:01;04/10/2026 07:55:49;4;2;1
AL;28134;0011;0109;controle;;6807;6807;19/09/2026 08:48:38;04/10/2026 18:01:54;10;0;01822518;04/10/2026 18:01:13;04/10/2026 18:01:54;04/10/2026 07:49:19;5;2;1
MG;49034;0298;0137;controle;;6191;6191;19/09/2026 10:37:20;04/10/2026 17:04:55;13;0;01835774;04/10/2026 17:04:09;04/10/2026 17:04:55;04/10/2026 07:44:03;4;2;1
MG;42994;0110;0074;controle;;6543;6543;24/09/2026 12:45:27;04/10/2026 17:35:11;11;0;02012495;04/10/2026 17:35:06;04/10/2026 17:35:11;04/10/2026 07:29:31;4;2;1
PR;79537;0113;0048;controle;;6305;6305;26/09/2026 14:34:01;04/10/2026 17:25:11;27;0;01822424;04/10/2026 17:24:29;04/10/2026 17:25:11;04/10/2026 08:04:12;4;2;1
GO;93254;0036;0059;controle;;6156;6156;24/09/2026 16:35:29;04/10/2026 17:05:32;12;0;02156149;04/10/2026 17:05:27;04/10/2026 17:05:32;04/10/2026 07:43:04;6;2;1
MA;09210;0089;0328;controle;;6402;6402;29/09/2026 11:20:27;04/10/2026 17:23:30;34;0;01827307;04/10/2026 17:22:40;04/10/2026 17:23:30;04/10/2026 07:36:29;4;2;1
RJ;58670;0222;0256;controle;;5957;5957;22/09/2026 15:00:24;04/10/2026 17:04:44;28;0;02470408;04/10/2026 17:04:39;04/10/2026 17:04:44;04/10/2026 07:41:42;4;2;1
MS;91758;0039;0020;controle;;5090;5090;27/09/2026 13:56:04;04/10/2026 16:07:05;11;0;01762220;04/10/2026 16:06:32;04/10/2026 16:07:05;04/10/2026 06:44:35;4;2;1
SC;80470;0003;0573;controle;;6945;6945;22/09/2026 17:10:30;04/10/2026 17:04:13;15;0;02424128;04/10/2026 17:04:08;04/10/2026 17:04:13;04/10/2026 07:26:49;5;2;1
PI;12190;0002;0564;controle;;6011;6011;24/09/2026 15:44:24;04/10/2026 17:03:42;23;0;02359686;04/10/2026 17:03:37;04/10/2026 17:03:42;04/10/2026 07:29:22;4;2;1
GO;96334;0050;0049;controle;;4804;4804;29/09/2026 08:06:42;04/10/2026 17:09:28;8;0;01840204;04/10/2026 17:08:48;04/10/2026 17:09:28;04/10/2026 08:08:44;4;2;1
SP;69213;0317;0335;controle;;5998;5998;28/09/2026 10:48:32;04/10/2026 17:07:15;11;0;02376363;04/10/2026 17:07:10;04/10/2026 17:07:15;04/10/2026 07:52:32;4;2;1
PB;21598;0055;0088;controle;;6396;6396;21/09/2026 09:42:51;04/10/2026 18:34:01;22;0;02459048;04/10/2026 18:33:56;04/10/2026 18:34:01;04/10/2026 07:44:30;4;2;1
RS;85618;0143;0366;controle;;6356;6356;21/09/2026 11:54:55;04/10/2026 17:05:57;11;0;02199528;04/10/2026 17:05:52;04/10/2026 17:05:57;04/10/2026 07:32:33;4;2;1
BA;33499;0126;0128;controle;;6577;6577;02/10/2026 11:14:57;04/10/2026 17:17:53;70;0;02235930;04/10/2026 17:17:48;04/10/2026 17:17:53;04/10/2026 07:48:18;5;2;1
BA;33570;0139;0034;controle;;5122;5122;25/09/2026 10:51:41;04/10/2026 17:04:37;21;0;02154479;04/10/2026 17:04:31;04/10/2026 17:04:37;04/10/2026 07:20:20;4;2;1
BA;34193;0053;0035;controle;;5912;5912;23/09/2026 08:32:27;04/10/2026 17:09:07;23;0;02341733;04/10/2026 17:09:02;04/10/2026 17:09:07;04/10/2026 07:33:21;4;2;1
MT;90697;0007;0212;controle;;5209;5209;22/09/2026 15:05:27;04/10/2026 16:04:37;28;0;02010634;04/10/2026 16:04:32;04/10/2026 16:04:37;04/10/2026 06:36:06;4;2;1
MS;90514;0035;0390;controle;;5944;5944;20/09/2026 17:11:29;04/10/2026 16:05:29;9;0;02343096;04/10/2026 16:05:24;04/10/2026 16:05:29;04/10/2026 06:48:12;4;2;1
SP;71072;0259;0236;controle;;6781;6781;27/09/2026 15:28:17;04/10/2026 17:07:14;18;0;01827258;04/10/2026 17:06:22;04/10/2026 17:07:14;04/10/2026 07:40:22;7;8;1
PA;04154;0043;0791;controle;;6065;6065;21/09/2026 08:16:11;04/10/2026 17:03:58;21;0;02156298;04/10/2026 17:03:53;04/10/2026 17:03:58;04/10/2026 07:38:06;5;2;1
ES;56472;0024;0295;controle;;7207;7207;22/09/2026 16:17:56;04/10/2026 17:37:26;22;0;01753431;04/10/2026 17:36:42;04/10/2026 17:37:26;04/10/2026 08:09:21;5;2;1
SP;68853;0261;0026;controle;;5976;5976;24/09/2026 15:33:07;04/10/2026 17:04:33;8;0;02370393;04/10/2026 17:04:28;04/10/2026 17:04:33;04/10/2026 07:46:36;4;2;1
RJ;59099;0062;0024;controle;;3890;3890;24/09/2026 10:41:32;04/10/2026 17:09:21;13;0;02377792;04/10/2026 17:09:16;04/10/2026 17:09:21;04/10/2026 07:44:59;4;2;1
RJ;60011;0176;0037;controle;;5233;5233;25/09/2026 14:00:08;04/10/2026 17:11:33;20;0;01825886;04/10/2026 17:10:48;04/10/2026 17:11:33;04/10/2026 08:02:23;4;2;1
ES;56634;0025;0457;controle;;5603;5603;22/09/2026 15:04:34;04/10/2026 17:39:12;37;1;02391237;04/10/2026 17:39:07;04/10/2026 17:39:12;04/10/2026 07:38:36;7;2;1
BA;35335;0064;0070;controle;;6357;6357;21/09/2026 14:51:18;04/10/2026 17:04:59;12;0;02201377;04/10/2026 17:04:54;04/10/2026 17:04:59;04/10/2026 07:17:09;4;2;1
SP;65110;0211;0497;controle;;7443;7443;28/09/2026 15:01:56;04/10/2026 17:07:18;13;0;02336994;04/10/2026 17:07:13;04/10/2026 17:07:18;04/10/2026 08:01:14;4;2;1
SP;72311;0229;0010;controle;;5246;5246;25/09/2026 11:56:06;04/10/2026 17:04:48;14;0;02132528;04/10/2026 17:04:43;04/10/2026 17:04:48;04/10/2026 07:07:41;4;2;1
PR;78972;0088;0216;controle;;6298;6298;23/09/2026 11:16:23;04/10/2026 17:29:36;36;0;01660120;04/10/2026 17:29:00;04/10/2026 17:29:36;04/10/2026 07:48:50;4;2;1
PA;04162;0057;0042;controle;;5318;5318;23/09/2026 09:48:49;04/10/2026 17:06:38;24;0;01806804;04/10/2026 17:06:02;04/10/2026 17:06:38;04/10/2026 07:51:57;4;2;1
ES;56979;0021;0903;controle;;5179;5179;23/09/2026 12:46:32;04/10/2026 17:11:35;17;0;02341660;04/10/2026 17:11:30;04/10/2026 17:11:35;04/10/2026 07:49:35;5;2;1
MA;07196;0027;0071;controle;;5377;5377;22/09/2026 09:10:50;04/10/2026 17:48:48;12;0;02421050;04/10/2026 17:48:43;04/10/2026 17:48:48;04/10/2026 07:45:33;4;2;1
PR;75418;0115;0096;controle;;5759;5759;19/09/2026 16:00:59;04/10/2026 17:04:29;20;0;02394558;04/10/2026 17:04:24;04/10/2026 17:04:29;04/10/2026 07:54:01;4;2;1
BA;37818;0181;0309;controle;;5896;5896;30/09/2026 15:46:38;04/10/2026 17:11:43;24;0;01756918;04/10/2026 17:10:58;04/10/2026 17:11:43;04/10/2026 07:38:40;4;2;1
ES;56375;0015;0074;controle;;6828;6828;22/09/2026 13:11:37;04/10/2026 17:43:30;28;0;02347832;04/10/2026 17:43:25;04/10/2026 17:43:30;04/10/2026 07:49:14;6;2;1
SP;66990;0218;0002;controle;;5458;5458;24/09/2026 09:20:11;04/10/2026 17:05:48;23;0;02146112;04/10/2026 17:05:43;04/10/2026 17:05:48;04/10/2026 07:28:05;4;2;1
PA;04839;0023;0046;controle;;4947;4947;23/09/2026 08:25:43;04/10/2026 17:09:58;26;0;02300645;04/10/2026 17:09:53;04/10/2026 17:09:58;04/10/2026 07:33:12;4;2;1
SP;66052;0344;0282;controle;;7843;7843;26/09/2026 14:54:43;04/10/2026 17:32:57;16;0;02313885;04/10/2026 17:32:52;04/10/2026 17:32:57;04/10/2026 07:42:05;4;2;1
BA;33138;0163;0305;controle;;3900;3900;24/09/2026 08:57:23;04/10/2026 17:06:29;6;0;02231752;04/10/2026 17:06:24;04/10/2026 17:06:29;04/10/2026 07:35:22;4;2;1
SP;71072;0260;0386;controle;;6523;6523;27/09/2026 15:58:03;04/10/2026 17:05:31;28;0;02378699;04/10/2026 17:05:26;04/10/2026 17:05:31;04/10/2026 07:40:00;6;2;1
SP;64777;0395;0098;controle;;4647;4647;27/09/2026 10:03:27;04/10/2026 17:04:06;6;0;02146659;04/10/2026 17:04:01;04/10/2026 17:04:06;04/10/2026 07:25:44;6;2;1
MT;90670;0039;0734;controle;;7004;7004;23/09/2026 11:54:15;04/10/2026 16:09:24;19;0;01758073;04/10/2026 16:08:44;04/10/2026 16:09:24;04/10/2026 06:42:19;5;4;1
PI;12165;0056;0023;controle;;7084;7084;28/09/2026 14:22:59;04/10/2026 17:56:16;8;0;02134042;04/10/2026 17:56:11;04/10/2026 17:56:16;04/10/2026 07:47:35;4;2;1
PE;26310;0119;0202;controle;;7358;7358;25/09/2026 08:44:06;04/10/2026 17:56:48;33;0;02194063;04/10/2026 17:56:43;04/10/2026 17:56:48;04/10/2026 07:55:34;4;2;1
SC;80730;0008;0172;controle;;4527;4527;22/09/2026 15:55:53;04/10/2026 17:09:56;6;0;02049928;04/10/2026 17:09:51;04/10/2026 17:09:56;04/10/2026 07:28:56;4;2;1
PE;24910;0117;0335;controle;;7384;7384;26/09/2026 08:44:15;04/10/2026 18:03:12;14;0;02168439;04/10/2026 18:03:07;04/10/2026 18:03:12;04/10/2026 07:53:44;4;2;1
CE;15750;0015;0220;controle;;5314;5314;23/09/2026 08:40:25;04/10/2026 17:05:30;20;0;02100621;04/10/2026 17:05:25;04/10/2026 17:05:30;04/10/2026 07:29:01;4;2;1
MG;52752;0268;0069;controle;;6041;6041;21/09/2026 13:46:46;04/10/2026 17:05:52;12;0;01768198;04/10/2026 17:05:08;04/10/2026 17:05:52;04/10/2026 07:50:04;4;2;1
SP;71072;0247;0417;controle;;6891;6891;26/09/2026 16:05:34;04/10/2026 17:05:16;11;0;02046982;04/10/2026 17:05:11;04/10/2026 17:05:16;04/10/2026 07:32:04;4;2;1
PI;10405;0074;0107;controle;;5321;5321;29/09/2026 15:08:10;04/10/2026 17:07:50;14;0;01800141;04/10/2026 17:07:10;04/10/2026 17:07:50;04/10/2026 07:45:32;4;2;1
PE;25330;0041;0191;controle;;7393;7393;28/09/2026 14:33:54;04/10/2026 18:36:29;30;0;01775412;04/10/2026 18:35:41;04/10/2026 18:36:29;04/10/2026 07:43:46;7;4;1
BA;35270;0084;0219;controle;;6672;6672;28/09/2026 08:46:31;04/10/2026 18:03:38;14;0;01765510;04/10/2026 18:02:54;04/10/2026 18:03:38;04/10/2026 07:47:07;5;2;1
ES;56812;0039;0040;controle;;4446;4446;22/09/2026 13:39:08;04/10/2026 17:04:48;4;0;02341939;04/10/2026 17:04:43;04/10/2026 17:04:48;04/10/2026 08:00:24;6;2;1
PB;19348;0029;0099;controle;;5998;5998;23/09/2026 09:57:55;04/10/2026 17:33:23;17;0;02381608;04/10/2026 17:33:18;04/10/2026 17:33:23;04/10/2026 07:38:29;4;2;1
SE;32433;0005;0133;controle;;6776;6776;18/09/2026 13:26:07;04/10/2026 17:12:02;31;0;02291538;04/10/2026 17:11:57;04/10/2026 17:12:02;04/10/2026 08:12:33;4;2;1
MG;43710;0313;0189;controle;;6982;6982;26/09/2026 08:09:32;04/10/2026 17:08:37;40;0;02280815;04/10/2026 17:08:32;04/10/2026 17:08:37;04/10/2026 07:20:22;4;2;1
MT;91510;0046;0359;controle;;6981;6981;22/09/2026 08:55:44;04/10/2026 16:05:38;21;0;02283892;04/10/2026 16:05:33;04/10/2026 16:05:38;04/10/2026 06:35:48;4;2;1
MT;91197;0017;0049;controle;;4635;4635;23/09/2026 08:20:34;04/10/2026 16:05:51;21;0;02461330;04/10/2026 16:05:46;04/10/2026 16:05:51;04/10/2026 07:06:17;6;3;1
PI;12190;0098;0096;controle;;8077;8077;22/09/2026 10:44:10;04/10/2026 19:45:41;45;0;02386040;04/10/2026 19:45:36;04/10/2026 19:45:41;04/10/2026 08:04:09;5;2;1
SP;71072;0003;0377;controle;;5377;5377;25/09/2026 14:04:37;04/10/2026 17:07:47;9;0;02269484;04/10/2026 17:07:42;04/10/2026 17:07:47;04/10/2026 07:34:06;6;2;1
SP;71072;0422;0322;controle;;6880;6880;27/09/2026 10:58:13;04/10/2026 17:09:15;28;0;02094114;04/10/2026 17:09:10;04/10/2026 17:09:15;04/10/2026 07:42:31;4;2;1
PB;19810;0017;0355;controle;;6436;6436;25/09/2026 09:02:42;04/10/2026 17:18:30;8;0;02034675;04/10/2026 17:18:25;04/10/2026 17:18:30;04/10/2026 07:46:24;4;2;1
MA;07358;0017;0099;controle;;4561;4561;23/09/2026 09:32:44;04/10/2026 17:04:26;8;0;02286664;04/10/2026 17:04:21;04/10/2026 17:04:26;04/10/2026 07:30:57;4;2;1
PR;75353;0145;0809;controle;;6430;6430;18/09/2026 14:37:13;04/10/2026 17:09:36;22;0;02331089;04/10/2026 17:09:30;04/10/2026 17:09:36;04/10/2026 07:37:39;6;2;1
RN;17159;0041;0030;controle;;6303;6303;23/09/2026 10:02:56;04/10/2026 18:14:37;10;0;02351945;04/10/2026 18:14:32;04/10/2026 18:14:37;04/10/2026 07:40:37;5;2;1
MA;07633;0007;0103;controle;;6181;6181;29/09/2026 10:46:03;04/10/2026 17:05:42;17;0;02288253;04/10/2026 17:05:37;04/10/2026 17:05:42;04/10/2026 07:33:33;4;2;1
AL;27057;0022;0547;controle;;7198;7198;25/09/2026 09:32:12;04/10/2026 18:15:55;17;0;02436827;04/10/2026 18:15:50;04/10/2026 18:15:55;04/10/2026 07:53:10;5;2;1
PE;25313;0006;0156;controle;;6750;6750;23/09/2026 08:22:22;04/10/2026 17:34:37;26;0;02357718;04/10/2026 17:34:32;04/10/2026 17:34:37;04/10/2026 07:42:21;6;3;1
BA;35157;0155;0083;controle;;7013;7013;25/09/2026 11:48:45;04/10/2026 18:43:26;7;0;01779871;04/10/2026 18:42:42;04/10/2026 18:43:26;04/10/2026 07:32:49;4;2;1
SP;71072;0251;0060;controle;;4696;4696;25/09/2026 11:26:21;04/10/2026 17:10:30;17;0;01832278;04/10/2026 17:09:40;04/10/2026 17:10:30;04/10/2026 07:46:36;5;2;1
SP;71072;0006;0053;controle;;6205;6205;28/09/2026 14:46:55;04/10/2026 17:09:35;16;0;02049732;04/10/2026 17:09:30;04/10/2026 17:09:35;04/10/2026 07:47:21;4;2;1
CE;13897;0115;0459;controle;;7252;7252;21/09/2026 14:42:58;04/10/2026 17:54:47;27;0;02277110;04/10/2026 17:54:42;04/10/2026 17:54:47;04/10/2026 07:34:19;4;2;1
RJ;59293;0141;0059;controle;;4332;4332;08/09/2026 20:16:38;04/10/2026 17:07:26;14;0;02439959;04/10/2026 17:07:21;04/10/2026 17:07:26;04/10/2026 07:32:33;4;2;1
SP;69299;0101;0134;controle;;3942;3942;27/09/2026 09:07:57;04/10/2026 17:03:36;7;0;02072658;04/10/2026 17:03:31;04/10/2026 17:03:36;04/10/2026 07:36:04;4;2;1
SP;65374;0301;0023;controle;;7255;7255;26/09/2026 11:08:34;04/10/2026 17:16:08;44;0;02136865;04/10/2026 17:16:03;04/10/2026 17:16:08;04/10/2026 07:46:01;4;2;1
RJ;58475;0109;0136;controle;;4827;4827;25/09/2026 09:01:02;04/10/2026 17:04:34;19;0;02383493;04/10/2026 17:04:29;04/10/2026 17:04:34;04/10/2026 07:20:22;4;2;1
BA;35734;0025;0373;controle;;6454;6454;26/09/2026 11:19:55;04/10/2026 17:07:42;14;0;02175818;04/10/2026 17:07:37;04/10/2026 17:07:42;04/10/2026 07:49:01;7;2;1
PR;75450;0069;0296;controle;;6506;6506;19/09/2026 10:06:58;04/10/2026 17:20:23;15;0;02097825;04/10/2026 17:20:18;04/10/2026 17:20:23;04/10/2026 07:54:52;4;2;1
RS;86878;0022;0052;controle;;6442;6442;21/09/2026 13:29:31;04/10/2026 17:02:31;13;0;02366852;04/10/2026 17:02:26;04/10/2026 17:02:31;04/10/2026 07:17:05;5;2;1
SP;71536;0179;0068;controle;;5423;5423;24/09/2026 13:37:53;04/10/2026 17:03:52;10;0;02324252;04/10/2026 17:03:48;04/10/2026 17:03:52;04/10/2026 07:24:11;4;2;1
GO;92355;0056;0163;controle;;5012;5012;21/09/2026 13:26:37;04/10/2026 17:02:43;16;0;02030455;04/10/2026 17:02:38;04/10/2026 17:02:43;04/10/2026 07:48:12;4;2;1
RJ;58858;0032;0121;controle;;5970;5970;21/09/2026 15:18:41;04/10/2026 17:09:07;13;0;02462871;04/10/2026 17:09:02;04/10/2026 17:09:07;04/10/2026 07:41:34;5;2;1
BA;37974;0054;0065;controle;;6604;6604;24/09/2026 14:24:33;04/10/2026 17:54:30;20;0;02197395;04/10/2026 17:54:25;04/10/2026 17:54:30;04/10/2026 07:35:00;4;2;1
SP;71072;0251;0019;controle;;6245;6245;28/09/2026 17:40:32;04/10/2026 17:05:20;22;0;01830607;04/10/2026 17:04:33;04/10/2026 17:05:20;04/10/2026 07:36:54;5;2;1
RJ;60011;0004;0322;controle;;5421;5421;24/09/2026 10:07:57;04/10/2026 17:09:29;9;1;02003843;04/10/2026 17:09:24;04/10/2026 17:09:29;04/10/2026 07:48:01;4;2;1
PR;75876;0161;0108;controle;;5601;5601;26/09/2026 11:35:32;04/10/2026 17:09:27;13;0;02091050;04/10/2026 17:09:22;04/10/2026 17:09:27;04/10/2026 07:57:03;5;2;1
CE;13897;0082;0104;controle;;7124;7124;25/09/2026 11:09:33;04/10/2026 17:16:53;10;0;02286385;04/10/2026 17:16:48;04/10/2026 17:16:53;04/10/2026 07:31:02;5;2;1
PA;04367;0089;0075;controle;;2783;2783;23/09/2026 11:51:20;04/10/2026 17:07:14;21;0;02437548;04/10/2026 17:07:09;04/10/2026 17:07:14;04/10/2026 07:49:46;5;2;1
PR;75132;0186;0169;controle;;6273;6273;20/09/2026 08:42:29;04/10/2026 17:06:32;16;1;02439301;04/10/2026 17:06:27;04/10/2026 17:06:32;04/10/2026 07:18:40;5;4;1
PA;04022;0093;0073;controle;;5809;5809;25/09/2026 09:13:31;04/10/2026 17:47:37;50;0;02451245;04/10/2026 17:47:32;04/10/2026 17:47:37;04/10/2026 07:34:46;4;2;1
SP;66893;0365;0168;controle;;6496;6496;24/09/2026 17:09:49;04/10/2026 17:07:29;25;0;02102611;04/10/2026 17:07:24;04/10/2026 17:07:29;04/10/2026 07:40:36;5;2;1
GO;93343;0028;0111;controle;;7299;7299;26/09/2026 14:47:26;04/10/2026 17:52:08;26;0;02380725;04/10/2026 17:52:03;04/10/2026 17:52:08;04/10/2026 07:18:08;5;2;1
SP;64777;0185;0373;controle;;2014;2014;27/09/2026 07:53:49;04/10/2026 17:03:36;14;0;01803822;04/10/2026 17:03:08;04/10/2026 17:03:36;04/10/2026 07:51:33;10;4;1
MG;41335;0316;0344;controle;;6068;6068;25/09/2026 09:48:21;04/10/2026 17:04:21;14;0;02419280;04/10/2026 17:04:16;04/10/2026 17:04:21;04/10/2026 08:01:17;4;2;1
SE;31518;0003;0048;controle;;3904;3904;18/09/2026 08:24:24;04/10/2026 17:03:45;19;0;02313177;04/10/2026 17:03:40;04/10/2026 17:03:45;04/10/2026 07:42:41;4;2;1
BA;35890;0089;0074;controle;;5987;5987;29/09/2026 12:59:45;04/10/2026 17:12:36;9;0;02289683;04/10/2026 17:12:31;04/10/2026 17:12:36;04/10/2026 07:50:50;8;3;1
SE;31410;0006;0196;controle;;4596;4596;18/09/2026 16:06:25;04/10/2026 17:03:39;16;0;02273577;04/10/2026 17:03:34;04/10/2026 17:03:39;04/10/2026 07:30:41;4;2;1
MG;47856;0166;0014;controle;;3717;3717;21/09/2026 10:36:54;04/10/2026 17:10:31;9;0;02035074;04/10/2026 17:10:26;04/10/2026 17:10:31;04/10/2026 07:56:31;4;2;1
RJ;59250;0131;0005;controle;;4768;4768;04/09/2026 15:15:35;04/10/2026 17:05:14;6;1;02421454;04/10/2026 17:05:09;04/10/2026 17:05:14;04/10/2026 07:46:10;6;2;2
PB;22357;0030;0216;controle;;3260;3260;24/09/2026 08:10:04;04/10/2026 17:04:00;11;0;02451012;04/10/2026 17:03:55;04/10/2026 17:04:00;04/10/2026 07:40:30;4;2;1
MG;50431;0226;0038;controle;;5807;5807;25/09/2026 11:36:08;04/10/2026 17:18:15;26;0;02133982;04/10/2026 17:18:10;04/10/2026 17:18:15;04/10/2026 07:49:58;4;2;1
AL;28932;0034;0130;controle;;7047;7047;21/09/2026 09:59:31;04/10/2026 18:54:55;23;1;02072113;04/10/2026 18:54:51;04/10/2026 18:54:55;04/10/2026 07:55:11;5;2;1
SP;71358;0135;0415;controle;;5851;5851;26/09/2026 09:28:55;04/10/2026 17:05:09;22;0;02402957;04/10/2026 17:05:04;04/10/2026 17:05:09;04/10/2026 08:04:04;4;2;1
RJ;59072;0061;0048;controle;;6268;6268;21/09/2026 09:18:51;04/10/2026 17:04:27;17;0;02430047;04/10/2026 17:04:22;04/10/2026 17:04:27;04/10/2026 07:52:50;6;2;1
MA;07978;0032;0061;controle;;6244;6244;29/09/2026 09:42:54;04/10/2026 18:35:14;65;0;02270078;04/10/2026 18:35:09;04/10/2026 18:35:14;04/10/2026 07:44:57;4;2;1
RJ;58734;0028;0008;controle;;6536;6536;21/09/2026 15:05:16;04/10/2026 17:10:02;10;0;02434596;04/10/2026 17:09:57;04/10/2026 17:10:02;04/10/2026 07:42:45;5;4;1
MT;89826;0023;0282;controle;;5982;5982;23/09/2026 08:41:16;04/10/2026 16:23:39;23;0;02007091;04/10/2026 16:23:35;04/10/2026 16:23:39;04/10/2026 06:44:18;4;2;1
MG;45896;0126;0052;controle;;5329;5329;26/09/2026 10:15:33;04/10/2026 17:05:24;14;0;02092569;04/10/2026 17:05:19;04/10/2026 17:05:24;04/10/2026 07:44:23;4;2;1
SP;70718;0273;0319;controle;;6744;6744;27/09/2026 11:49:12;04/10/2026 17:07:39;25;0;01823909;04/10/2026 17:06:49;04/10/2026 17:07:39;04/10/2026 07:33:38;4;2;1
PE;25313;0007;0110;controle;;7650;7650;24/09/2026 08:41:00;04/10/2026 18:21:10;42;0;02332685;04/10/2026 18:21:05;04/10/2026 18:21:10;04/10/2026 07:20:28;4;2;1
SP;67130;0287;0169;controle;;6307;6307;24/09/2026 12:18:37;04/10/2026 17:05:10;18;0;02313632;04/10/2026 17:05:05;04/10/2026 17:05:10;04/10/2026 07:27:40;4;2;1
BA;36293;0140;0170;controle;;6954;6954;06/10/2026 13:07:49;04/10/2026 17:22:29;34;0;02155850;04/10/2026 17:22:24;04/10/2026 17:22:29;04/10/2026 07:26:00;4;2;1
CE;14672;0026;0110;controle;;3631;3631;25/09/2026 13:57:20;04/10/2026 17:05:34;16;0;02043277;04/10/2026 17:05:29;04/10/2026 17:05:34;04/10/2026 08:00:49;4;2;1
MG;54011;0326;0398;controle;;5899;5899;26/09/2026 13:57:44;04/10/2026 17:06:24;17;0;02123142;04/10/2026 17:06:19;04/10/2026 17:06:24;04/10/2026 07:44:12;5;3;1
PI;11673;0011;0172;controle;;5311;5311;23/09/2026 11:05:05;04/10/2026 17:06:01;17;0;02469562;04/10/2026 17:05:56;04/10/2026 17:06:01;04/10/2026 07:30:44;3;2;1
MG;51330;0241;0198;controle;;5468;5468;22/09/2026 10:00:56;04/10/2026 17:04:25;10;0;02348571;04/10/2026 17:04:20;04/10/2026 17:04:25;04/10/2026 07:28:29;4;2;1
PB;19810;0072;0304;controle;;6643;6643;23/09/2026 09:46:01;04/10/2026 17:03:38;7;0;02034820;04/10/2026 17:03:34;04/10/2026 17:03:38;04/10/2026 07:33:11;4;2;1
MG;41882;0320;0119;controle;;3997;3997;23/09/2026 12:07:03;04/10/2026 17:05:14;12;0;02129072;04/10/2026 17:05:09;04/10/2026 17:05:14;04/10/2026 07:41:08;4;2;1
SP;65536;0054;0047;controle;;6257;6257;27/09/2026 13:31:22;04/10/2026 17:06:41;7;0;02132358;04/10/2026 17:06:36;04/10/2026 17:06:41;04/10/2026 07:34:03;4;2;1
SC;81655;0065;0117;controle;;6003;6003;24/09/2026 10:33:07;04/10/2026 17:04:17;8;0;02003559;04/10/2026 17:04:12;04/10/2026 17:04:17;04/10/2026 07:42:39;4;2;1
MG;47333;0315;0105;controle;;6427;6427;20/09/2026 15:19:13;04/10/2026 17:07:55;16;0;02471049;04/10/2026 17:07:50;04/10/2026 17:07:55;04/10/2026 07:40:32;5;2;1
PA;04537;0024;0022;controle;;5784;5784;25/09/2026 11:53:32;04/10/2026 17:05:35;7;0;02286922;04/10/2026 17:05:31;04/10/2026 17:05:35;04/10/2026 07:21:08;4;2;1
MA;07730;0048;0202;controle;;5300;5300;25/09/2026 11:29:11;04/10/2026 17:04:55;7;0;02264585;04/10/2026 17:04:50;04/10/2026 17:04:55;04/10/2026 07:44:33;4;2;1
PA;04332;0013;0077;controle;;4870;4870;24/09/2026 18:54:33;04/10/2026 17:12:10;97;0;02399120;04/10/2026 17:12:06;04/10/2026 17:12:10;04/10/2026 07:55:15;6;2;1
MA;07552;0055;0159;controle;;2773;2773;30/09/2026 12:02:57;04/10/2026 17:21:03;35;0;02250410;04/10/2026 17:20:58;04/10/2026 17:21:03;04/10/2026 08:12:25;4;2;1
PR;75353;0178;0276;controle;;7111;7111;18/09/2026 14:22:25;04/10/2026 17:05:33;16;0;02266254;04/10/2026 17:05:28;04/10/2026 17:05:33;04/10/2026 07:25:32;5;2;1
SP;65692;0058;0175;controle;;6581;6581;27/09/2026 11:56:51;04/10/2026 17:04:43;17;0;02124742;04/10/2026 17:04:38;04/10/2026 17:04:43;04/10/2026 07:30:39;5;2;1
GO;95710;0030;0419;controle;;5694;5694;27/09/2026 14:54:59;04/10/2026 17:04:58;34;0;02201493;04/10/2026 17:04:53;04/10/2026 17:04:58;04/10/2026 07:45:03;4;2;1
SC;80810;0035;0055;controle;;5931;5931;21/09/2026 15:48:52;04/10/2026 17:04:12;30;0;02369049;04/10/2026 17:04:07;04/10/2026 17:04:12;04/10/2026 07:52:11;4;2;1
MA;08397;0103;0021;controle;;6624;6624;30/09/2026 10:00:06;04/10/2026 18:44:35;17;0;02094058;04/10/2026 18:44:30;04/10/2026 18:44:35;04/10/2026 07:43:54;4;2;1
SP;70971;0125;0140;controle;;5446;5446;25/09/2026 10:46:47;04/10/2026 17:07:21;13;0;02195624;04/10/2026 17:07:16;04/10/2026 17:07:21;04/10/2026 07:54:49;5;2;1
MG;49735;0213;0019;controle;;3226;3226;24/09/2026 11:50:16;04/10/2026 17:10:13;4;0;02132040;04/10/2026 17:10:08;04/10/2026 17:10:13;04/10/2026 07:57:54;4;2;1
SC;80276;0001;0073;controle;;5855;5855;26/09/2026 09:46:49;04/10/2026 17:06:03;15;0;02003483;04/10/2026 17:05:58;04/10/2026 17:06:03;04/10/2026 07:38:07;4;2;1
SP;62391;0369;0137;controle;;6995;6995;25/09/2026 15:55:11;04/10/2026 17:08:22;32;0;01780507;04/10/2026 17:07:33;04/10/2026 17:08:22;04/10/2026 07:34:27;4;2;1
SP;64777;0176;0194;controle;;5895;5895;27/09/2026 12:57:26;04/10/2026 17:07:16;21;0;02335047;04/10/2026 17:07:11;04/10/2026 17:07:16;04/10/2026 08:00:29;4;2;1
PA;04170;0052;0060;controle;;6344;6344;25/09/2026 15:31:54;04/10/2026 18:06:03;14;0;02430606;04/10/2026 18:05:58;04/10/2026 18:06:03;04/10/2026 07:12:53;4;2;1
CE;14958;0057;0299;controle;;6375;6375;29/09/2026 16:41:13;04/10/2026 17:21:49;11;0;02348583;04/10/2026 17:21:44;04/10/2026 17:21:49;04/10/2026 07:43:04;4;2;1
GO;95710;0030;0436;controle;;4841;4841;27/09/2026 15:05:16;04/10/2026 17:06:21;7;0;02030355;04/10/2026 17:06:16;04/10/2026 17:06:21;04/10/2026 07:54:41;4;2;1
PB;21750;0002;0134;controle;;7467;7467;24/09/2026 11:02:15;04/10/2026 17:49:18;20;1;01798433;04/10/2026 17:48:47;04/10/2026 17:49:18;04/10/2026 08:00:45;5;2;1
AL;28495;0037;0027;controle;;6412;6412;21/09/2026 13:31:58;04/10/2026 17:52:17;25;0;02436915;04/10/2026 17:52:12;04/10/2026 17:52:17;04/10/2026 07:39:20;5;2;1
RJ;60011;0162;0071;controle;;4841;4841;21/09/2026 11:28:47;04/10/2026 17:08:49;33;1;01782006;04/10/2026 17:07:56;04/10/2026 17:08:49;04/10/2026 07:15:09;6;2;1
RJ;58050;0093;0135;controle;;4951;4951;22/09/2026 12:03:17;04/10/2026 17:02:57;23;0;02405635;04/10/2026 17:02:52;04/10/2026 17:02:57;04/10/2026 07:31:35;6;2;1
MA;07633;0007;0018;controle;;6111;6111;29/09/2026 13:03:01;04/10/2026 17:10:50;12;2;02250934;04/10/2026 17:10:44;04/10/2026 17:10:50;04/10/2026 07:28:18;5;2;1
SP;71072;0327;0485;controle;;5999;5999;26/09/2026 13:19:23;04/10/2026 17:08:17;30;0;02146261;04/10/2026 17:08:12;04/10/2026 17:08:17;04/10/2026 07:37:22;4;2;1
MG;53910;0274;0055;controle;;6472;6472;21/09/2026 15:06:06;04/10/2026 17:11:59;23;0;02129385;04/10/2026 17:11:54;04/10/2026 17:11:59;04/10/2026 07:31:41;5;2;1
MS;91650;0009;0181;controle;;5426;5426;25/09/2026 14:52:58;04/10/2026 16:30:22;14;0;02153138;04/10/2026 16:30:17;04/10/2026 16:30:22;04/10/2026 06:49:02;4;2;1
SP;61654;0014;0143;controle;;4700;4700;27/09/2026 15:41:07;04/10/2026 17:04:19;12;0;02143577;04/10/2026 17:04:14;04/10/2026 17:04:19;04/10/2026 07:22:04;4;2;1
SP;71072;0255;0227;controle;;6245;6245;30/09/2026 09:10:41;04/10/2026 17:07:25;17;1;01823126;04/10/2026 17:06:36;04/10/2026 17:07:25;04/10/2026 07:49:07;6;4;1
MT;91510;0046;0315;controle;;5475;5475;21/09/2026 10:14:21;04/10/2026 16:05:17;21;0;02263028;04/10/2026 16:05:12;04/10/2026 16:05:17;04/10/2026 06:22:40;5;2;1
PR;75353;0176;0114;controle;;5039;5039;24/09/2026 10:33:50;04/10/2026 17:03:09;9;0;02082223;04/10/2026 17:03:04;04/10/2026 17:03:09;04/10/2026 07:22:37;5;2;1
MG;46256;0130;0094;controle;;5227;5227;21/09/2026 14:52:50;04/10/2026 17:07:52;42;0;02329810;04/10/2026 17:07:47;04/10/2026 17:07:52;04/10/2026 08:04:10;4;2;1
SP;65897;0396;0025;controle;;5015;5015;25/09/2026 15:35:13;04/10/2026 17:07:51;13;0;01810741;04/10/2026 17:07:04;04/10/2026 17:07:51;04/10/2026 07:35:37;5;2;1
RN;17574;0015;0004;controle;;7108;7108;22/09/2026 14:14:07;04/10/2026 18:38:03;17;0;02055109;04/10/2026 18:37:58;04/10/2026 18:38:03;04/10/2026 07:35:04;4;2;1
RO;00175;0013;0051;controle;;4576;4576;29/09/2026 16:17:19;04/10/2026 16:05:10;18;0;02054878;04/10/2026 16:05:05;04/10/2026 16:05:10;04/10/2026 06:11:53;4;2;1
DF;97012;0021;0016;controle;;7030;7030;24/09/2026 11:45:09;04/10/2026 17:38:24;22;0;01845650;04/10/2026 17:37:42;04/10/2026 17:38:24;04/10/2026 07:28:17;4;2;1
RS;88650;0079;0036;controle;;3000;3000;23/09/2026 12:04:06;04/10/2026 17:07:38;7;0;02434942;04/10/2026 17:07:33;04/10/2026 17:07:38;04/10/2026 07:45:18;6;2;1
MA;09210;0003;0294;controle;;6539;6539;26/09/2026 08:22:28;04/10/2026 17:41:02;25;0;01811638;04/10/2026 17:40:19;04/10/2026 17:41:02;04/10/2026 08:03:58;4;2;1
RJ;58831;0031;0305;controle;;6194;6194;21/09/2026 11:02:17;04/10/2026 17:07:26;24;0;02365074;04/10/2026 17:07:21;04/10/2026 17:07:26;04/10/2026 07:28:26;4;2;1
RJ;58190;0129;0142;controle;;6358;6358;06/09/2026 23:26:36;04/10/2026 17:20:30;25;0;02423133;04/10/2026 17:20:25;04/10/2026 17:20:30;04/10/2026 08:02:12;4;2;1
PI;10197;0061;0298;controle;;5429;5429;23/09/2026 14:28:29;04/10/2026 17:04:53;14;0;02359162;04/10/2026 17:04:48;04/10/2026 17:04:53;04/10/2026 07:08:08;4;2;1
SP;71072;0280;0809;controle;;6212;6212;27/09/2026 11:23:32;04/10/2026 17:12:42;20;0;01826371;04/10/2026 17:11:52;04/10/2026 17:12:42;04/10/2026 07:42:15;5;3;1
SP;71072;0352;0578;controle;;6893;6893;26/09/2026 15:35:39;04/10/2026 17:11:35;14;0;02059954;04/10/2026 17:11:30;04/10/2026 17:11:35;04/10/2026 07:57:16;4;2;1
MG;54038;0314;0280;controle;;6429;6429;22/09/2026 09:04:29;04/10/2026 17:04:41;37;0;02084194;04/10/2026 17:04:36;04/10/2026 17:04:41;04/10/2026 07:33:12;4;2;1
MS;90514;0036;0221;controle;;5638;5638;24/09/2026 08:44:13;04/10/2026 16:09:11;17;2;02364254;04/10/2026 16:09:06;04/10/2026 16:09:11;04/10/2026 06:49:48;5;2;1
BA;38717;0178;0161;controle;;7314;7314;24/09/2026 19:59:24;04/10/2026 17:50:47;23;1;01681685;04/10/2026 17:50:17;04/10/2026 17:50:47;04/10/2026 07:53:21;6;4;1
PB;19216;0011;0027;controle;;3943;3943;21/09/2026 08:36:09;04/10/2026 17:03:17;28;0;02217142;04/10/2026 17:03:12;04/10/2026 17:03:17;04/10/2026 07:52:06;4;2;1
SC;83275;0029;0029;controle;;7092;7092;23/09/2026 14:57:29;04/10/2026 17:05:25;17;0;02368057;04/10/2026 17:05:20;04/10/2026 17:05:25;04/10/2026 07:46:46;4;2;1
MG;54011;0326;0261;controle;;5525;5525;26/09/2026 09:08:01;04/10/2026 17:06:35;27;0;02129641;04/10/2026 17:06:30;04/10/2026 17:06:35;04/10/2026 07:40:54;4;2;1
SP;66192;0424;0038;controle;;6777;6777;26/09/2026 10:15:49;04/10/2026 17:04:38;9;0;02301176;04/10/2026 17:04:33;04/10/2026 17:04:38;04/10/2026 07:21:12;5;2;1
TO;92045;0010;0048;controle;;5971;5971;24/09/2026 09:30:33;04/10/2026 17:27:06;13;0;02253365;04/10/2026 17:27:01;04/10/2026 17:27:06;04/10/2026 07:32:36;5;2;1
RJ;58939;0034;0115;controle;;6301;6301;23/09/2026 10:53:14;04/10/2026 17:12:20;8;0;02430441;04/10/2026 17:12:15;04/10/2026 17:12:20;04/10/2026 07:34:29;4;2;1
MG;54038;0279;0103;controle;;5923;5923;23/09/2026 08:33:03;04/10/2026 17:08:53;17;0;02086006;04/10/2026 17:08:48;04/10/2026 17:08:53;04/10/2026 08:00:36;4;2;1
GO;94030;0015;0040;controle;;6788;6788;28/09/2026 15:53:45;04/10/2026 17:07:41;17;0;02158720;04/10/2026 17:07:36;04/10/2026 17:07:41;04/10/2026 07:57:28;4;2;1
SP;71072;0250;0267;controle;;8061;8061;24/09/2026 11:53:10;04/10/2026 17:40:01;47;0;02256719;04/10/2026 17:39:56;04/10/2026 17:40:01;04/10/2026 07:26:41;3;2;1
SP;71072;0418;0098;controle;;6766;6766;24/09/2026 13:20:31;04/10/2026 17:17:24;18;0;01665826;04/10/2026 17:16:44;04/10/2026 17:17:24;04/10/2026 07:25:03;5;2;1
SP;63118;0206;0295;controle;;4886;4886;25/09/2026 13:11:25;04/10/2026 17:06:03;24;0;01834126;04/10/2026 17:05:19;04/10/2026 17:06:03;04/10/2026 07:53:38;7;2;1
RN;17973;0047;0056;controle;;6380;6380;23/09/2026 14:37:16;04/10/2026 17:14:07;29;0;02368055;04/10/2026 17:14:02;04/10/2026 17:14:07;04/10/2026 08:07:27;5;2;1
RJ;58335;0079;0026;controle;;5813;5813;24/09/2026 14:02:49;04/10/2026 17:19:48;19;0;02218399;04/10/2026 17:19:43;04/10/2026 17:19:48;04/10/2026 07:30:15;4;2;1
ES;57010;0047;0017;controle;;4933;4933;21/09/2026 16:44:25;04/10/2026 17:10:28;11;0;02216276;04/10/2026 17:10:23;04/10/2026 17:10:28;04/10/2026 07:37:09;5;2;1
PE;23035;0107;0086;controle;;7128;7128;26/09/2026 09:58:30;04/10/2026 17:41:49;16;0;02345270;04/10/2026 17:41:44;04/10/2026 17:41:49;04/10/2026 07:58:39;5;3;1
RJ;60011;0182;0255;controle;;7736;7736;25/09/2026 11:22:33;04/10/2026 18:02:56;18;0;01839259;04/10/2026 18:02:05;04/10/2026 18:02:56;04/10/2026 07:29:45;6;2;1
PA;04278;0028;0023;controle;;4744;4744;21/09/2026 09:39:02;04/10/2026 17:05:28;22;0;02169756;04/10/2026 17:05:23;04/10/2026 17:05:28;04/10/2026 07:40:17;5;2;1
ES;56138;0002;0495;controle;;6204;6204;21/09/2026 12:35:20;04/10/2026 17:13:50;4;0;02005633;04/10/2026 17:13:45;04/10/2026 17:13:50;04/10/2026 07:37:11;5;2;1
PR;79790;0124;0104;controle;;6504;6504;25/09/2026 10:15:16;04/10/2026 17:08:26;14;0;01769310;04/10/2026 17:07:39;04/10/2026 17:08:26;04/10/2026 07:49:19;4;2;1
SC;82058;0058;0099;controle;;6498;6498;26/09/2026 10:46:47;04/10/2026 17:04:35;20;0;02179754;04/10/2026 17:04:30;04/10/2026 17:04:35;04/10/2026 07:34:54;4;2;1
PE;23574;0121;0238;controle;;6493;6493;23/09/2026 11:51:54;04/10/2026 17:38:36;18;0;02173764;04/10/2026 17:38:31;04/10/2026 17:38:36;04/10/2026 07:44:19;4;2;1
MG;44733;0267;0009;controle;;4480;4480;20/09/2026 10:25:46;04/10/2026 17:02:44;14;0;02334956;04/10/2026 17:02:39;04/10/2026 17:02:44;04/10/2026 07:52:45;4;2;1
SP;70998;0412;0377;controle;;6237;6237;24/09/2024 10:33:13;04/10/2026 17:08:36;14;0;02098258;04/10/2026 17:08:31;04/10/2026 17:08:36;04/10/2026 07:26:35;4;2;1
PA;04839;0100;0074;controle;;6881;6881;25/09/2026 09:08:53;04/10/2026 17:45:58;33;0;02193599;04/10/2026 17:45:53;04/10/2026 17:45:58;04/10/2026 07:30:50;4;2;1
TO;73512;0009;0152;controle;;4841;4841;24/09/2026 09:35:00;04/10/2026 17:04:35;10;0;02253196;04/10/2026 17:04:30;04/10/2026 17:04:35;04/10/2026 07:48:03;3;2;1
DF;97012;0015;0231;controle;;6132;6132;26/09/2026 09:14:24;04/10/2026 17:07:52;11;0;02010807;04/10/2026 17:07:47;04/10/2026 17:07:52;04/10/2026 07:22:05;5;2;1
RS;85090;0144;0070;controle;;6956;6956;21/09/2026 15:33:26;04/10/2026 17:04:31;10;0;01764831;04/10/2026 17:03:47;04/10/2026 17:04:31;04/10/2026 07:32:27;7;2;1
RS;85316;0142;0177;controle;;4800;4800;23/09/2026 14:56:31;04/10/2026 17:06:55;14;0;01801686;04/10/2026 17:06:22;04/10/2026 17:06:55;04/10/2026 07:34:05;6;2;1
SP;65013;0200;0094;controle;;4924;4924;25/09/2026 09:55:51;04/10/2026 17:06:53;14;0;01813242;04/10/2026 17:06:08;04/10/2026 17:06:53;04/10/2026 07:36:30;5;2;1
MG;50911;0321;0059;controle;;5619;5619;21/09/2026 10:57:30;04/10/2026 17:11:12;7;0;02303757;04/10/2026 17:11:07;04/10/2026 17:11:12;04/10/2026 07:49:46;4;2;1
SP;66192;0424;0126;controle;;6458;6458;26/09/2026 11:41:22;04/10/2026 17:05:16;13;0;02301038;04/10/2026 17:05:12;04/10/2026 17:05:16;04/10/2026 07:17:44;4;2;1
CE;13374;0031;0128;controle;;6673;6673;26/09/2026 17:11:25;04/10/2026 18:12:30;25;0;02043078;04/10/2026 18:12:25;04/10/2026 18:12:30;04/10/2026 07:41:22;4;2;1
RJ;58696;0158;0364;controle;;4618;4618;21/09/2026 15:11:28;04/10/2026 17:16:33;24;0;02192368;04/10/2026 17:16:28;04/10/2026 17:16:33;04/10/2026 07:31:07;5;2;1
SP;72737;0286;0117;controle;;4158;4158;26/09/2026 13:59:21;04/10/2026 17:04:41;16;0;02142493;04/10/2026 17:04:36;04/10/2026 17:04:41;04/10/2026 07:35:37;4;2;1
MG;46752;0140;0133;controle;;5355;5355;24/09/2026 12:04:39;04/10/2026 17:04:49;10;0;01752618;04/10/2026 17:04:01;04/10/2026 17:04:49;04/10/2026 07:55:05;4;2;1
RS;88013;0002;0393;controle;;6953;6953;19/09/2026 10:20:27;04/10/2026 17:12:05;22;1;02455830;04/10/2026 17:12:00;04/10/2026 17:12:05;04/10/2026 07:47:50;5;2;1
SP;61654;0014;0151;controle;;6817;6817;25/09/2026 12:33:42;04/10/2026 17:15:41;17;1;01794298;04/10/2026 17:14:52;04/10/2026 17:15:41;04/10/2026 07:30:44;4;4;1
SC;80810;0035;0403;controle;;7489;7489;21/09/2026 17:13:39;04/10/2026 17:06:08;20;0;02468959;04/10/2026 17:06:03;04/10/2026 17:06:08;04/10/2026 07:43:22;4;2;1
SP;67318;0171;0014;controle;;6159;6159;25/09/2026 12:16:57;04/10/2026 17:13:17;24;0;02179492;04/10/2026 17:13:12;04/10/2026 17:13:17;04/10/2026 07:42:27;4;2;1
RJ;58386;0052;0048;controle;;5244;5244;24/09/2026 15:26:28;04/10/2026 17:05:23;16;0;02468301;04/10/2026 17:05:18;04/10/2026 17:05:23;04/10/2026 07:27:12;4;2;1
MG;41238;0030;0011;controle;;5996;5996;20/09/2026 08:21:50;04/10/2026 17:12:38;25;0;02408102;04/10/2026 17:12:33;04/10/2026 17:12:38;04/10/2026 07:49:01;4;2;1
SP;67156;0216;0075;controle;;5795;5795;25/09/2026 13:44:46;04/10/2026 17:08:56;22;0;02133367;04/10/2026 17:08:51;04/10/2026 17:08:56;04/10/2026 07:44:55;4;2;1
SP;70971;0267;0031;controle;;5118;5118;25/09/2026 14:02:58;04/10/2026 17:04:53;8;0;02189376;04/10/2026 17:04:48;04/10/2026 17:04:53;04/10/2026 07:36:32;4;2;1
SP;66990;0218;0011;controle;;4463;4463;24/09/2026 10:38:32;04/10/2026 17:05:29;20;0;02359607;04/10/2026 17:05:24;04/10/2026 17:05:29;04/10/2026 07:57:26;4;2;1
MG;54011;0276;0133;controle;;4043;4043;26/09/2026 12:03:00;04/10/2026 17:03:37;5;0;02068739;04/10/2026 17:03:32;04/10/2026 17:03:37;04/10/2026 07:57:00;4;2;1
RJ;58300;0255;0183;controle;;5834;5834;21/09/2026 10:53:14;04/10/2026 17:05:23;9;0;02466025;04/10/2026 17:05:18;04/10/2026 17:05:23;04/10/2026 07:38:17;5;2;1
CE;14699;0016;0067;controle;;6416;6416;24/09/2026 08:44:28;04/10/2026 18:36:46;20;0;02208151;04/10/2026 18:36:41;04/10/2026 18:36:46;04/10/2026 07:39:43;4;2;1
SP;71072;0413;0326;controle;;6745;6745;24/09/2026 12:29:50;04/10/2026 17:17:51;6;0;02080486;04/10/2026 17:17:46;04/10/2026 17:17:51;04/10/2026 07:35:20;4;2;1
SC;81612;0016;0392;controle;;6755;6755;21/09/2026 13:50:01;04/10/2026 17:08:08;10;0;02369387;04/10/2026 17:08:03;04/10/2026 17:08:08;04/10/2026 07:58:24;4;2;1
MA;07277;0022;0277;controle;;5443;5443;30/09/2026 10:04:41;04/10/2026 17:19:13;40;2;02100451;04/10/2026 17:19:08;04/10/2026 17:19:13;04/10/2026 07:45:57;4;2;1
AM;02356;0017;0103;controle;;6324;6324;30/09/2026 11:01:53;04/10/2026 17:26:17;13;0;02390574;04/10/2026 17:26:12;04/10/2026 17:26:17;04/10/2026 07:01:20;3;2;1
BA;38970;0088;0216;controle;;6260;6260;25/09/2026 13:48:32;04/10/2026 17:07:53;25;0;02267656;04/10/2026 17:07:48;04/10/2026 17:07:53;04/10/2026 07:30:33;3;2;1
SP;62618;0215;0075;controle;;6123;6123;29/09/2026 16:52:01;04/10/2026 17:12:26;11;0;02359334;04/10/2026 17:12:20;04/10/2026 17:12:26;04/10/2026 07:30:44;4;2;1
MG;48534;0342;0050;controle;;5045;5045;25/09/2026 15:00:01;04/10/2026 17:09:21;15;0;02055337;04/10/2026 17:09:16;04/10/2026 17:09:21;04/10/2026 08:11:25;5;2;1
MG;46256;0348;0124;controle;;6437;6437;22/09/2026 14:41:10;04/10/2026 17:09:08;10;0;02420045;04/10/2026 17:09:03;04/10/2026 17:09:08;04/10/2026 07:34:17;5;2;1
GO;95850;0013;0142;controle;;192;0;;;0;0;;;;;0;0;0
SE;31950;0034;0263;controle;;6835;6835;24/09/2026 08:27:27;04/10/2026 17:15:07;13;0;02174790;04/10/2026 17:15:02;04/10/2026 17:15:07;04/10/2026 07:51:16;4;2;1
PR;77771;0014;0451;controle;;5365;5365;21/09/2026 09:39:26;04/10/2026 17:04:54;4;0;02095957;04/10/2026 17:04:49;04/10/2026 17:04:54;04/10/2026 07:54:54;4;2;1
BA;33774;0071;0208;controle;;8582;8582;21/09/2026 09:22:57;04/10/2026 20:02:31;25;0;01841776;04/10/2026 20:01:46;04/10/2026 20:02:31;04/10/2026 08:04:51;6;2;1
RS;85111;0124;0234;controle;;5483;5483;24/09/2026 14:52:45;04/10/2026 17:05:03;14;0;02242440;04/10/2026 17:04:58;04/10/2026 17:05:03;04/10/2026 07:43:04;5;2;1
PA;05592;0039;0190;controle;;6371;6371;24/09/2026 15:06:01;04/10/2026 18:34:24;28;0;02161545;04/10/2026 18:34:19;04/10/2026 18:34:24;04/10/2026 08:01:50;4;2;1
MS;90573;0003;0003;controle;;4946;4946;27/09/2026 11:01:50;04/10/2026 16:04:47;22;0;02002341;04/10/2026 16:04:42;04/10/2026 16:04:47;04/10/2026 06:20:54;4;2;1
DF;97012;0009;0111;controle;;5854;5854;28/09/2026 09:41:33;04/10/2026 17:07:35;21;0;02227976;04/10/2026 17:07:30;04/10/2026 17:07:35;04/10/2026 07:16:26;4;2;1
BA;35998;0198;0136;controle;;7434;7434;25/09/2026 10:19:56;04/10/2026 18:32:57;34;0;02175439;04/10/2026 18:32:52;04/10/2026 18:32:57;04/10/2026 07:49:08;5;2;1
MS;90131;0049;0075;controle;;177;0;;;0;0;;;;;0;0;0
SC;80411;0068;0289;controle;;6210;6210;23/09/2026 18:24:11;04/10/2026 17:05:14;25;0;01831138;04/10/2026 17:04:34;04/10/2026 17:05:14;04/10/2026 07:36:27;5;2;1
RJ;60011;0245;0158;controle;;7221;7221;31/08/2026 20:27:21;04/10/2026 17:07:47;9;0;02207546;04/10/2026 17:07:42;04/10/2026 17:07:47;04/10/2026 07:44:11;5;2;1
AL;27936;0026;0017;controle;;6517;6517;25/09/2026 13:21:50;04/10/2026 17:08:25;18;0;02036928;04/10/2026 17:08:20;04/10/2026 17:08:25;04/10/2026 07:46:47;7;3;1
RS;88013;0158;0211;controle;;6255;6255;23/09/2026 09:15:07;04/10/2026 17:06:17;15;0;02402775;04/10/2026 17:06:12;04/10/2026 17:06:17;04/10/2026 07:36:42;6;2;1
SP;71498;0362;0256;controle;;6005;6005;01/10/2026 10:10:13;04/10/2026 17:05:15;17;0;02154066;04/10/2026 17:05:10;04/10/2026 17:05:15;04/10/2026 07:48:07;4;2;1
PE;23167;0069;0097;controle;;6697;6697;26/09/2026 09:33:50;04/10/2026 17:35:45;27;0;02305768;04/10/2026 17:35:40;04/10/2026 17:35:45;04/10/2026 07:30:05;4;2;1
SP;70718;0273;0253;controle;;5701;5701;27/09/2026 14:01:45;04/10/2026 17:05:49;7;0;01669074;04/10/2026 17:05:14;04/10/2026 17:05:49;04/10/2026 07:24:46;4;2;1
RJ;59234;0041;0072;controle;;5528;5528;23/09/2026 14:33:53;04/10/2026 17:03:32;14;0;02398425;04/10/2026 17:03:27;04/10/2026 17:03:32;04/10/2026 07:30:26;4;2;1
SP;71072;0253;0557;controle;;6016;6016;26/09/2026 10:26:55;04/10/2026 17:03:22;12;0;02032797;04/10/2026 17:03:17;04/10/2026 17:03:22;04/10/2026 07:24:04;5;2;1
MG;53716;0269;0063;controle;;5213;5213;19/09/2026 15:09:28;04/10/2026 17:07:37;16;0;02131147;04/10/2026 17:07:31;04/10/2026 17:07:37;04/10/2026 07:43:25;4;2;1
SP;71218;0340;0080;controle;;3318;3318;27/09/2026 23:58:43;04/10/2026 17:06:50;9;1;01667537;04/10/2026 17:06:26;04/10/2026 17:06:50;04/10/2026 07:38:31;5;2;1
AM;02550;0058;0890;controle;;7520;7520;01/10/2026 10:48:13;04/10/2026 16:21:04;24;0;02356505;04/10/2026 16:20:59;04/10/2026 16:21:04;04/10/2026 06:55:44;5;2;1
MA;09415;0039;0179;controle;;7179;7179;30/09/2026 11:45:59;04/10/2026 19:38:10;21;0;02307036;04/10/2026 19:38:05;04/10/2026 19:38:10;04/10/2026 07:53:15;5;3;1
SC;83275;0084;0005;controle;;6507;6507;21/09/2026 09:52:05;04/10/2026 17:06:08;17;0;02347890;04/10/2026 17:06:03;04/10/2026 17:06:08;04/10/2026 07:45:45;4;2;1
ES;56731;0019;0030;controle;;4532;4532;21/09/2026 13:15:01;04/10/2026 17:16:10;24;0;02391071;04/10/2026 17:16:06;04/10/2026 17:16:10;04/10/2026 07:28:11;5;2;1
SC;81051;0100;0443;controle;;5987;5987;26/09/2026 11:23:35;04/10/2026 17:06:12;15;0;02364575;04/10/2026 17:06:07;04/10/2026 17:06:12;04/10/2026 07:48:07;4;2;1
GO;94455;0019;0637;controle;;4032;4032;23/09/2026 15:42:56;04/10/2026 17:06:08;6;0;02202659;04/10/2026 17:06:03;04/10/2026 17:06:08;04/10/2026 07:51:56;4;2;1
PI;12327;0038;0103;controle;;7292;7292;18/10/2026 13:56:31;04/10/2026 17:54:23;20;0;02215449;04/10/2026 17:54:18;04/10/2026 17:54:23;04/10/2026 08:11:14;4;2;1
PR;78298;0100;0076;controle;;4896;4896;27/09/2026 10:44:55;04/10/2026 17:09:09;22;0;01839667;04/10/2026 17:08:33;04/10/2026 17:09:09;04/10/2026 08:07:08;5;2;1
SP;68314;0323;0204;controle;;6469;6469;26/09/2026 08:15:16;04/10/2026 17:13:13;16;0;02367909;04/10/2026 17:13:08;04/10/2026 17:13:13;04/10/2026 07:37:55;5;4;1
PB;21172;0028;0252;controle;;5373;5373;25/09/2026 09:37:44;04/10/2026 17:07:18;20;0;02456074;04/10/2026 17:07:13;04/10/2026 17:07:18;04/10/2026 07:30:27;4;2;1
CE;14478;0119;0076;controle;;7132;7132;28/09/2026 15:21:19;04/10/2026 17:46:52;14;0;02248131;04/10/2026 17:46:47;04/10/2026 17:46:52;04/10/2026 07:19:28;4;2;1
SP;62499;0026;0016;controle;;6587;6587;26/09/2026 11:04:38;04/10/2026 17:05:20;12;0;02073132;04/10/2026 17:05:15;04/10/2026 17:05:20;04/10/2026 07:24:07;4;2;1
RS;88455;0030;0186;controle;;4740;4740;23/09/2026 14:33:55;04/10/2026 17:04:49;16;0;02231356;04/10/2026 17:04:44;04/10/2026 17:04:49;04/10/2026 07:55:59;5;2;1
RJ;60011;0242;0132;controle;;7211;7211;01/09/2026 12:54:24;04/10/2026 17:34:47;12;0;02213375;04/10/2026 17:34:42;04/10/2026 17:34:47;04/10/2026 07:35:05;5;2;1
SP;71072;0246;0038;controle;;6429;6429;24/09/2026 15:53:12;04/10/2026 17:09:43;11;0;02009191;04/10/2026 17:09:38;04/10/2026 17:09:43;04/10/2026 07:33:25;4;2;1
MA;07617;0042;0132;controle;;4645;4645;29/09/2026 15:04:22;04/10/2026 17:05:06;16;0;02128606;04/10/2026 17:05:01;04/10/2026 17:05:06;04/10/2026 07:13:27;4;2;1
RR;03123;0007;0018;controle;;4729;4729;22/09/2026 08:35:31;04/10/2026 16:20:21;7;0;02261008;04/10/2026 16:20:16;04/10/2026 16:20:21;04/10/2026 07:03:04;4;2;1
RJ;59013;0187;0048;controle;;6555;6555;15/09/2026 12:49:34;04/10/2026 17:21:19;3;0;02238229;04/10/2026 17:21:14;04/10/2026 17:21:19;04/10/2026 07:51:55;5;2;1
ES;56871;0035;0112;controle;;6836;6836;22/09/2026 13:08:12;04/10/2026 17:41:45;19;0;02216282;04/10/2026 17:41:40;04/10/2026 17:41:45;04/10/2026 07:44:27;5;2;1
MA;07277;0022;0095;controle;;6993;6993;30/09/2026 13:16:24;04/10/2026 18:28:53;18;0;02075325;04/10/2026 18:28:48;04/10/2026 18:28:53;04/10/2026 07:50:21;3;2;1
MG;40916;0079;0021;controle;;5000;5000;19/09/2026 15:56:39;04/10/2026 17:03:10;13;0;02298646;04/10/2026 17:03:05;04/10/2026 17:03:10;04/10/2026 07:31:41;4;2;1
SP;71072;0259;0179;controle;;6473;6473;28/09/2026 12:47:42;04/10/2026 17:05:09;16;0;01827226;04/10/2026 17:04:22;04/10/2026 17:05:09;04/10/2026 07:28:34;6;4;1
RS;85995;0136;0515;controle;;6974;6974;18/09/2026 17:00:06;04/10/2026 17:06:18;7;0;02150995;04/10/2026 17:06:13;04/10/2026 17:06:18;04/10/2026 08:05:49;6;2;1
SP;69272;0195;0036;controle;;6058;6058;26/09/2026 14:42:47;04/10/2026 17:07:43;7;0;02468289;04/10/2026 17:07:38;04/10/2026 17:07:43;04/10/2026 07:20:46;4;2;1
BA;38490;0008;0560;controle;;7072;7072;22/09/2026 11:05:50;04/10/2026 17:32:27;32;0;02274371;04/10/2026 17:32:22;04/10/2026 17:32:27;04/10/2026 07:42:08;5;2;1
PB;20516;0076;0361;controle;;6966;6966;24/09/2026 09:57:31;04/10/2026 17:24:14;30;1;01786194;04/10/2026 17:23:24;04/10/2026 17:24:14;04/10/2026 07:59:43;4;4;1
MG;48356;0177;0057;controle;;5782;5782;25/09/2026 08:37:05;04/10/2026 18:11:02;22;0;02123509;04/10/2026 18:10:57;04/10/2026 18:11:02;04/10/2026 08:00:24;5;2;1
PR;76910;0192;0271;controle;;5623;5623;25/09/2026 09:21:38;04/10/2026 17:05:32;10;0;02333966;04/10/2026 17:05:27;04/10/2026 17:05:32;04/10/2026 07:24:06;4;2;1
GO;93343;0028;0155;controle;;7299;7299;26/09/2026 14:33:57;04/10/2026 17:49:09;21;0;02363919;04/10/2026 17:49:04;04/10/2026 17:49:09;04/10/2026 07:20:51;3;2;1
PE;24171;0028;0180;controle;;5999;5999;28/09/2026 11:06:48;04/10/2026 17:04:23;18;0;01772863;04/10/2026 17:03:45;04/10/2026 17:04:23;04/10/2026 07:55:57;4;2;1
MT;98752;0023;0108;controle;;5399;5399;23/09/2026 08:41:19;04/10/2026 16:18:17;21;0;02008006;04/10/2026 16:18:13;04/10/2026 16:18:17;04/10/2026 06:58:08;4;2;1
CE;13277;0105;0098;controle;;5907;5907;23/09/2026 11:40:29;04/10/2026 17:17:49;17;0;02042953;04/10/2026 17:17:44;04/10/2026 17:17:49;04/10/2026 07:48:05;4;2;1
RJ;58556;0056;0054;controle;;5324;5324;24/09/2026 09:57:38;04/10/2026 17:04:38;24;0;02408320;04/10/2026 17:04:33;04/10/2026 17:04:38;04/10/2026 07:42:47;5;2;1
PE;23248;0063;0096;controle;;4562;4562;24/09/2026 09:25:16;04/10/2026 17:23:19;13;0;02358690;04/10/2026 17:23:14;04/10/2026 17:23:19;04/10/2026 07:56:13;4;2;1
PA;04154;0043;0812;controle;;6535;6535;21/09/2026 08:09:02;04/10/2026 17:23:30;15;0;02199070;04/10/2026 17:23:25;04/10/2026 17:23:30;04/10/2026 07:48:38;5;2;1
MG;47635;0160;0051;controle;;5692;5692;20/09/2026 14:12:24;04/10/2026 17:05:46;70;0;01778824;04/10/2026 17:05:04;04/10/2026 17:05:46;04/10/2026 07:40:34;5;2;1
BA;37770;0052;0081;controle;;4942;4942;29/09/2026 17:11:10;04/10/2026 17:04:17;6;0;02282346;04/10/2026 17:04:12;04/10/2026 17:04:17;04/10/2026 07:35:35;4;2;1
AL;28878;0005;0063;controle;;6936;6936;22/09/2026 13:59:59;04/10/2026 18:34:03;10;0;02072463;04/10/2026 18:33:58;04/10/2026 18:34:03;04/10/2026 07:53:43;5;2;1
PA;04154;0043;0795;controle;;6357;6357;21/09/2026 08:30:33;04/10/2026 17:12:35;25;0;02157968;04/10/2026 17:12:30;04/10/2026 17:12:35;04/10/2026 07:31:19;5;2;1
MG;51330;0241;0251;controle;;7090;7090;22/09/2026 14:55:34;04/10/2026 17:04:06;16;0;02265462;04/10/2026 17:04:01;04/10/2026 17:04:06;04/10/2026 07:34:41;6;3;1
SP;71455;0356;0180;controle;;6079;6079;26/09/2026 08:55:08;04/10/2026 17:05:53;22;0;02146215;04/10/2026 17:05:48;04/10/2026 17:05:53;04/10/2026 07:27:19;4;2;1
SP;71838;0407;0197;controle;;4924;4924;24/09/2026 14:31:13;04/10/2026 17:04:18;8;1;02404649;04/10/2026 17:04:13;04/10/2026 17:04:18;04/10/2026 07:24:20;4;3;1
MG;46612;0137;0033;controle;;6363;6363;20/09/2026 13:33:26;04/10/2026 17:14:35;34;0;02096981;04/10/2026 17:14:30;04/10/2026 17:14:35;04/10/2026 07:35:56;4;2;1
SP;69795;0110;0128;controle;;6699;6699;24/09/2026 11:41:14;04/10/2026 17:03:18;13;0;02143957;04/10/2026 17:03:13;04/10/2026 17:03:18;04/10/2026 07:35:05;4;2;1
RS;85693;0012;0068;controle;;5664;5664;16/08/2026 16:03:47;04/10/2026 17:08:07;30;0;01680005;04/10/2026 17:07:42;04/10/2026 17:08:07;04/10/2026 07:16:20;4;2;1
SE;31054;0002;0601;controle;;2207;0;;;0;0;;;;;0;0;0
SP;65633;0419;0044;controle;;5994;5994;25/09/2026 13:49:33;04/10/2026 17:21:33;19;0;02057891;04/10/2026 17:21:28;04/10/2026 17:21:33;04/10/2026 07:39:10;4;2;1
PA;05010;0022;0218;controle;;2594;2594;22/09/2026 09:53:22;04/10/2026 17:18:41;24;0;01808120;04/10/2026 17:18:10;04/10/2026 17:18:41;04/10/2026 08:04:48;4;2;1
SP;65633;0419;0135;controle;;6399;6399;29/09/2026 16:21:46;04/10/2026 17:23:19;21;0;01823930;04/10/2026 17:22:30;04/10/2026 17:23:19;04/10/2026 07:20:47;4;2;1
SP;70572;0263;0156;controle;;5652;5652;24/09/2026 14:06:20;04/10/2026 17:05:27;8;0;02369137;04/10/2026 17:05:22;04/10/2026 17:05:27;04/10/2026 07:31:17;4;2;1
BA;35270;0084;0015;controle;;4328;4328;28/09/2026 09:32:48;04/10/2026 17:06:53;7;0;01806642;04/10/2026 17:06:13;04/10/2026 17:06:53;04/10/2026 07:43:55;4;2;1
GO;93343;0028;0233;controle;;7521;7521;27/09/2026 09:02:52;04/10/2026 17:18:17;13;0;02461672;04/10/2026 17:18:12;04/10/2026 17:18:17;04/10/2026 07:35:29;5;2;1
MG;47236;0150;0028;controle;;5737;5737;21/09/2026 12:28:25;04/10/2026 17:05:38;25;0;01768460;04/10/2026 17:04:56;04/10/2026 17:05:38;04/10/2026 07:11:42;4;2;1
MG;41416;0043;0093;controle;;6445;6445;22/09/2026 15:05:47;04/10/2026 17:07:06;10;0;02453629;04/10/2026 17:07:01;04/10/2026 17:07:06;04/10/2026 07:11:22;4;2;1
RJ;58831;0198;0167;controle;;6795;6795;24/09/2026 11:02:18;04/10/2026 17:32:23;11;0;02372194;04/10/2026 17:32:18;04/10/2026 17:32:23;04/10/2026 07:37:13;6;2;1
SE;31259;0005;0045;controle;;5946;5946;18/09/2026 13:47:11;04/10/2026 17:06:12;18;0;02274900;04/10/2026 17:06:07;04/10/2026 17:06:12;04/10/2026 07:37:25;4;2;1
MA;09210;0089;0124;controle;;8300;8300;29/09/2026 08:06:11;04/10/2026 17:56:28;25;0;01767347;04/10/2026 17:55:37;04/10/2026 17:56:28;04/10/2026 07:53:14;6;3;1
SP;62952;0035;0105;controle;;5985;5985;25/09/2026 14:48:02;04/10/2026 17:05:06;21;0;02322762;04/10/2026 17:05:01;04/10/2026 17:05:06;04/10/2026 07:31:33;4;2;1
RN;17612;0003;0502;controle;;8090;8090;23/09/2026 18:56:36;04/10/2026 17:26:49;17;0;01789386;04/10/2026 17:26:01;04/10/2026 17:26:49;04/10/2026 08:04:51;6;3;1
BA;30058;0203;0266;controle;;6648;6648;28/09/2026 12:10:30;04/10/2026 17:54:12;33;0;02228264;04/10/2026 17:54:07;04/10/2026 17:54:12;04/10/2026 07:46:26;5;2;1
PE;25313;0004;0150;controle;;6760;6760;21/09/2026 10:16:49;04/10/2026 17:15:14;12;0;02366427;04/10/2026 17:15:09;04/10/2026 17:15:14;04/10/2026 07:57:07;4;2;1
PE;24872;0014;0058;controle;;6966;6966;22/09/2026 08:29:03;04/10/2026 17:29:42;36;0;02181887;04/10/2026 17:29:37;04/10/2026 17:29:42;04/10/2026 07:37:07;4;2;1
GO;94897;0041;0114;controle;;6030;6030;28/09/2026 15:32:43;04/10/2026 17:12:59;42;1;01758574;04/10/2026 17:12:22;04/10/2026 17:12:59;04/10/2026 07:31:29;3;2;1
BA;33537;0077;0171;controle;;4744;4744;25/09/2026 14:13:57;04/10/2026 17:12:09;16;0;02256218;04/10/2026 17:12:04;04/10/2026 17:12:09;04/10/2026 07:57:56;5;2;1
BA;39675;0069;0100;controle;;7208;7208;28/09/2026 15:34:17;04/10/2026 18:16:13;34;0;02225580;04/10/2026 18:16:08;04/10/2026 18:16:13;04/10/2026 08:00:11;4;2;1
RS;85898;0134;0316;controle;;6932;6932;18/09/2026 18:36:47;04/10/2026 17:04:11;10;0;02017109;04/10/2026 17:04:06;04/10/2026 17:04:11;04/10/2026 07:55:15;5;2;1
AM;98477;0036;0101;controle;;6198;6198;30/09/2026 10:34:58;04/10/2026 16:17:35;15;0;02338389;04/10/2026 16:17:30;04/10/2026 16:17:35;04/10/2026 05:45:54;4;2;1
RJ;60011;0204;0148;controle;;6273;6273;23/09/2026 13:54:51;04/10/2026 17:11:53;7;0;01835302;04/10/2026 17:11:05;04/10/2026 17:11:53;04/10/2026 07:52:58;6;2;1
MG;51195;0294;0013;controle;;4837;4837;23/09/2026 08:52:40;04/10/2026 17:06:57;15;0;01755188;04/10/2026 17:06:16;04/10/2026 17:06:57;04/10/2026 07:45:54;4;2;1
GO;93335;0008;0297;controle;;4432;4432;25/09/2026 17:47:09;04/10/2026 17:04:45;7;0;02005347;04/10/2026 17:04:40;04/10/2026 17:04:45;04/10/2026 07:55:37;5;2;1
PI;12190;0001;0399;controle;;6287;6287;23/09/2026 09:19:00;04/10/2026 17:06:26;11;0;02239630;04/10/2026 17:06:21;04/10/2026 17:06:26;04/10/2026 07:34:55;4;2;1
CE;13480;0078;0292;controle;;6709;6709;29/09/2026 13:12:53;04/10/2026 17:16:59;25;0;02295558;04/10/2026 17:16:54;04/10/2026 17:16:59;04/10/2026 07:40:36;4;2;1
SP;63835;0241;0084;controle;;4503;4503;27/09/2026 13:39:58;04/10/2026 17:06:02;5;0;02296279;04/10/2026 17:05:57;04/10/2026 17:06:02;04/10/2026 07:23:18;4;2;1
SP;64777;0278;0346;controle;;6229;6229;26/09/2026 10:10:30;04/10/2026 17:10:12;19;0;01783868;04/10/2026 17:09:23;04/10/2026 17:10:12;04/10/2026 07:36:15;4;2;1
SP;71072;0374;0410;controle;;7627;7627;26/09/2026 09:25:29;04/10/2026 17:09:53;5;0;02366635;04/10/2026 17:09:48;04/10/2026 17:09:53;04/10/2026 07:49:25;5;2;1
PI;12041;0022;0091;controle;;3992;3992;01/10/2026 08:28:01;04/10/2026 17:09:26;15;0;02203315;04/10/2026 17:09:21;04/10/2026 17:09:26;04/10/2026 07:47:26;4;2;1
GO;92274;0145;0229;controle;;6792;6792;22/09/2026 08:09:37;04/10/2026 17:06:29;18;0;02305696;04/10/2026 17:06:24;04/10/2026 17:06:29;04/10/2026 07:47:01;5;2;1
MA;08214;0062;0046;controle;;5296;5296;30/09/2026 10:46:55;04/10/2026 17:04:53;27;0;02100033;04/10/2026 17:04:48;04/10/2026 17:04:53;04/10/2026 07:13:03;9;2;3
RJ;58335;0103;0303;controle;;6450;6450;23/09/2026 10:50:40;04/10/2026 17:13:32;23;0;02220357;04/10/2026 17:13:27;04/10/2026 17:13:32;04/10/2026 07:29:05;5;2;1
RS;88013;0001;0203;controle;;6733;6733;22/09/2026 09:13:09;04/10/2026 17:06:43;16;0;02450738;04/10/2026 17:06:38;04/10/2026 17:06:43;04/10/2026 07:32:30;5;2;1
AL;28339;0013;0059;controle;;7127;7127;21/09/2026 14:18:35;04/10/2026 18:05:52;43;0;02473632;04/10/2026 18:05:47;04/10/2026 18:05:52;04/10/2026 07:54:35;5;2;1
SP;71072;0003;0141;controle;;6405;6405;27/09/2026 11:18:19;04/10/2026 17:11:35;25;0;01813953;04/10/2026 17:10:46;04/10/2026 17:11:35;04/10/2026 07:54:49;5;3;1
MG;44458;0102;0291;controle;;7310;7310;23/09/2026 14:19:18;04/10/2026 17:08:09;9;0;02458740;04/10/2026 17:08:04;04/10/2026 17:08:09;04/10/2026 07:39:10;4;2;1
CE;13030;0030;0066;controle;;6642;6642;22/09/2026 11:34:41;04/10/2026 18:59:30;36;0;02234216;04/10/2026 18:59:25;04/10/2026 18:59:30;04/10/2026 07:47:08;4;2;1
SP;62138;0199;0212;controle;;6715;6715;24/09/2026 15:56:08;04/10/2026 17:11:13;9;0;02290578;04/10/2026 17:11:08;04/10/2026 17:11:13;04/10/2026 07:34:21;5;2;1
AM;02097;0018;0019;controle;;4568;4568;29/09/2026 17:13:59;04/10/2026 16:06:32;10;0;02340878;04/10/2026 16:06:28;04/10/2026 16:06:32;04/10/2026 07:13:06;3;2;1
SP;71455;0342;0058;controle;;5215;5215;26/09/2026 11:16:16;04/10/2026 17:05:52;18;0;01810376;04/10/2026 17:05:03;04/10/2026 17:05:52;04/10/2026 07:20:45;5;2;1
MA;09210;0010;0535;controle;;7525;7525;27/09/2026 09:08:50;04/10/2026 17:21:50;15;0;01806983;04/10/2026 17:21:04;04/10/2026 17:21:50;04/10/2026 07:29:25;4;2;1
PA;04405;0018;0381;controle;;3461;3461;24/09/2026 13:28:44;04/10/2026 17:13:18;14;0;02312358;04/10/2026 17:13:13;04/10/2026 17:13:18;04/10/2026 07:56:29;4;2;1
DF;97012;0006;0230;controle;;5766;5766;28/09/2026 09:34:46;04/10/2026 17:18:40;6;1;02469377;04/10/2026 17:18:35;04/10/2026 17:18:40;04/10/2026 07:33:44;4;2;1
PR;76910;0192;0249;controle;;4944;4944;25/09/2026 09:57:50;04/10/2026 17:03:43;3;0;02274983;04/10/2026 17:03:38;04/10/2026 17:03:43;04/10/2026 07:29:59;5;2;1
BA;37737;0111;0259;controle;;6534;6534;21/09/2026 15:38:14;04/10/2026 17:11:35;11;0;02273784;04/10/2026 17:11:30;04/10/2026 17:11:35;04/10/2026 07:41:33;4;2;1
RS;88412;0041;0209;controle;;5472;5472;18/09/2026 16:41:39;04/10/2026 17:05:30;46;0;02162450;04/10/2026 17:05:25;04/10/2026 17:05:30;04/10/2026 07:35:28;5;2;1
SP;63134;0388;0120;controle;;6736;6736;25/09/2026 17:41:13;04/10/2026 17:12:42;14;0;02302074;04/10/2026 17:12:37;04/10/2026 17:12:42;04/10/2026 07:48:14;4;2;1
SP;69299;0402;0188;controle;;6246;6246;24/09/2026 12:47:48;04/10/2026 17:06:07;14;0;02073949;04/10/2026 17:06:02;04/10/2026 17:06:07;04/10/2026 07:15:54;4;2;1
MG;50350;0222;0085;controle;;4653;4653;21/09/2026 14:37:10;04/10/2026 17:05:26;13;0;02124326;04/10/2026 17:05:22;04/10/2026 17:05:26;04/10/2026 07:54:18;4;2;1
MT;91677;0020;0529;controle;;812;0;;;0;0;;;;;0;0;0
MG;41238;0334;0308;controle;;8055;8055;25/09/2026 15:30:29;04/10/2026 17:11:11;17;2;02264591;04/10/2026 17:11:06;04/10/2026 17:11:11;04/10/2026 08:00:49;5;2;1
RJ;60011;0246;0242;controle;;7543;7543;23/09/2026 14:33:44;04/10/2026 18:58:25;15;0;02164303;04/10/2026 18:58:20;04/10/2026 18:58:25;04/10/2026 07:11:13;5;2;1
MG;52191;0251;0062;controle;;3892;3892;20/09/2026 12:17:35;04/10/2026 17:09:17;15;0;01783881;04/10/2026 17:08:42;04/10/2026 17:09:17;04/10/2026 07:30:48;4;2;1
GO;92274;0145;0297;controle;;6760;6760;22/09/2026 08:05:56;04/10/2026 17:21:32;11;0;02306851;04/10/2026 17:21:27;04/10/2026 17:21:32;04/10/2026 07:45:20;4;2;1
MG;48437;0187;0371;controle;;5609;5609;22/09/2026 10:09:50;04/10/2026 17:05:41;20;0;02288298;04/10/2026 17:05:36;04/10/2026 17:05:41;04/10/2026 07:55:50;4;2;1
MG;46191;0322;0004;controle;;6341;6341;23/09/2026 13:27:08;04/10/2026 17:31:20;45;0;02458524;04/10/2026 17:31:15;04/10/2026 17:31:20;04/10/2026 08:05:56;4;2;1
MS;91570;0031;0041;controle;;6087;6087;26/09/2026 10:01:08;04/10/2026 16:14:02;24;0;02152535;04/10/2026 16:13:57;04/10/2026 16:14:02;04/10/2026 06:40:51;3;2;1
MA;09377;0019;0521;controle;;4810;4810;29/09/2026 15:09:12;04/10/2026 17:08:28;19;0;02267026;04/10/2026 17:08:23;04/10/2026 17:08:28;04/10/2026 07:33:00;4;2;1
RJ;60011;0014;0247;controle;;7647;7647;23/09/2026 14:43:53;04/10/2026 17:28:54;19;0;01829289;04/10/2026 17:28:06;04/10/2026 17:28:54;04/10/2026 07:45:06;4;2;1
RS;98230;0011;0102;controle;;6624;6624;23/09/2026 10:38:02;04/10/2026 17:08:18;7;0;02220853;04/10/2026 17:08:13;04/10/2026 17:08:18;04/10/2026 07:36:18;5;2;1
MA;09113;0060;0041;controle;;4992;4992;22/09/2026 09:24:10;04/10/2026 17:13:38;25;0;02027878;04/10/2026 17:13:33;04/10/2026 17:13:38;04/10/2026 07:05:40;4;2;1
PE;26298;0138;0177;controle;;8295;8295;26/09/2026 08:52:13;04/10/2026 18:15:48;17;0;02372332;04/10/2026 18:15:43;04/10/2026 18:15:48;04/10/2026 07:49:20;5;2;1
RJ;58696;0156;0224;controle;;5203;5203;28/09/2026 12:22:37;04/10/2026 17:12:06;9;0;02155385;04/10/2026 17:12:01;04/10/2026 17:12:06;04/10/2026 07:50:47;5;2;1
RJ;60011;0219;0227;controle;;6883;6883;21/09/2026 11:42:57;04/10/2026 17:35:03;21;0;01807754;04/10/2026 17:34:12;04/10/2026 17:35:03;04/10/2026 07:52:16;4;2;1
PR;76678;0042;0304;controle;;5712;5712;22/09/2026 12:44:49;04/10/2026 17:05:39;13;0;02128469;04/10/2026 17:05:34;04/10/2026 17:05:39;04/10/2026 08:03:06;4;2;1
RJ;58777;0029;0219;controle;;5490;5490;28/09/2026 11:31:54;04/10/2026 17:06:53;20;0;02432653;04/10/2026 17:06:48;04/10/2026 17:06:53;04/10/2026 07:53:36;4;2;1
AM;02550;0065;0400;controle;;7517;7517;29/09/2026 09:17:35;04/10/2026 16:58:09;9;0;01789000;04/10/2026 16:57:20;04/10/2026 16:58:09;04/10/2026 06:19:18;4;2;1
BA;38032;0059;0032;controle;;4233;4233;24/09/2026 09:29:23;04/10/2026 17:11:48;22;0;02051728;04/10/2026 17:11:43;04/10/2026 17:11:48;04/10/2026 07:49:07;4;2;1
DF;97012;0017;0316;controle;;5928;5928;23/09/2026 09:23:45;04/10/2026 17:18:07;15;0;01810049;04/10/2026 17:17:29;04/10/2026 17:18:07;04/10/2026 07:25:11;4;2;1
RS;86290;0018;0088;controle;;4452;4452;22/09/2026 14:03:04;04/10/2026 17:03:45;9;0;02417531;04/10/2026 17:03:40;04/10/2026 17:03:45;04/10/2026 07:22:31;6;2;1
SP;61727;0361;0336;controle;;6266;6266;24/09/2026 10:35:19;04/10/2026 17:08:56;19;0;01836848;04/10/2026 17:08:07;04/10/2026 17:08:56;04/10/2026 07:46:38;4;2;1
PB;21512;0059;0070;controle;;5171;5171;21/09/2026 10:42:14;04/10/2026 17:03:16;13;0;02169084;04/10/2026 17:03:11;04/10/2026 17:03:16;04/10/2026 07:13:22;4;2;1
SP;67873;0081;0001;controle;;4567;4567;26/09/2026 12:20:16;04/10/2026 17:03:37;9;0;02278136;04/10/2026 17:03:32;04/10/2026 17:03:37;04/10/2026 07:13:17;5;2;1
MG;41238;0333;0154;controle;;7966;7966;24/09/2026 12:00:30;04/10/2026 17:32:47;34;1;02425338;04/10/2026 17:32:42;04/10/2026 17:32:47;04/10/2026 07:46:35;6;3;1
MG;53910;0274;0093;controle;;6353;6353;21/09/2026 16:46:44;04/10/2026 17:42:21;45;0;02133200;04/10/2026 17:42:16;04/10/2026 17:42:21;04/10/2026 07:25:13;4;2;1
SP;62391;0369;0059;controle;;7099;7099;25/09/2026 14:15:18;04/10/2026 17:17:36;20;0;01804790;04/10/2026 17:16:47;04/10/2026 17:17:36;04/10/2026 07:42:45;4;2;1
PR;77550;0037;0058;controle;;3608;3608;18/09/2026 16:25:07;04/10/2026 17:05:50;6;0;02091029;04/10/2026 17:05:46;04/10/2026 17:05:50;04/10/2026 07:30:23;5;2;1
PI;11592;0010;0243;controle;;5386;5386;28/09/2026 11:24:30;04/10/2026 17:05:16;16;0;02346571;04/10/2026 17:05:11;04/10/2026 17:05:16;04/10/2026 07:44:42;4;2;1
MG;47333;0349;0376;controle;;5924;5924;20/09/2026 10:00:17;04/10/2026 17:13:06;12;0;02442263;04/10/2026 17:13:01;04/10/2026 17:13:06;04/10/2026 07:44:15;4;2;1
AM;02550;0001;0700;controle;;6127;6127;30/09/2026 15:31:08;04/10/2026 16:08:00;12;0;02037602;04/10/2026 16:07:55;04/10/2026 16:08:00;04/10/2026 06:22:59;4;2;1
BA;38490;0012;0286;controle;;7473;7473;23/09/2026 10:31:34;04/10/2026 17:06:33;14;0;02343714;04/10/2026 17:06:28;04/10/2026 17:06:33;04/10/2026 07:23:49;5;2;1
SP;69850;0164;0039;controle;;6194;6194;27/09/2026 09:20:02;04/10/2026 17:14:20;7;0;02323284;04/10/2026 17:14:15;04/10/2026 17:14:20;04/10/2026 07:13:53;4;2;1
SP;71056;0318;0056;controle;;5935;5935;25/09/2026 10:32:30;04/10/2026 17:03:26;23;0;02142167;04/10/2026 17:03:21;04/10/2026 17:03:26;04/10/2026 07:43:22;4;2;1
PR;75353;0002;0301;controle;;7385;7385;22/09/2026 08:38:12;04/10/2026 17:07:02;23;0;02327641;04/10/2026 17:06:57;04/10/2026 17:07:02;04/10/2026 07:27:49;7;3;1
RO;00639;0025;0195;controle;;4434;4434;23/09/2026 09:48:09;04/10/2026 16:04:22;5;0;02278837;04/10/2026 16:04:17;04/10/2026 16:04:22;04/10/2026 06:27:09;5;2;1
MA;08133;0074;0258;controle;;2990;2990;30/09/2026 12:03:09;04/10/2026 17:08:30;8;0;02122347;04/10/2026 17:08:25;04/10/2026 17:08:30;04/10/2026 07:21:29;4;2;1
SP;64297;0192;0399;controle;;6948;6948;26/09/2026 14:33:21;04/10/2026 17:06:16;34;0;02257764;04/10/2026 17:06:12;04/10/2026 17:06:16;04/10/2026 07:56:38;4;2;1
MG;42676;0072;0153;controle;;5763;5763;19/09/2026 10:45:18;04/10/2026 17:03:14;20;0;02421723;04/10/2026 17:03:09;04/10/2026 17:03:14;04/10/2026 07:51:09;4;2;1
SC;80551;0005;0131;controle;;7351;7351;20/09/2026 10:38:11;04/10/2026 17:03:49;16;0;02190749;04/10/2026 17:03:44;04/10/2026 17:03:49;04/10/2026 07:25:27;4;2;1
ES;56170;0023;0156;controle;;5838;5838;23/09/2026 14:37:56;04/10/2026 17:03:59;32;0;02392309;04/10/2026 17:03:54;04/10/2026 17:03:59;04/10/2026 07:30:05;5;2;1
PR;77070;0092;0094;controle;;4334;4334;24/09/2026 09:26:03;04/10/2026 17:04:48;22;0;01779865;04/10/2026 17:04:16;04/10/2026 17:04:48;04/10/2026 08:01:22;5;2;1
MA;07714;0014;0141;controle;;4373;4373;30/09/2026 12:15:35;04/10/2026 17:03:21;25;0;02271009;04/10/2026 17:03:16;04/10/2026 17:03:21;04/10/2026 07:53:08;4;2;1
SP;61247;0290;0155;controle;;5544;5544;24/09/2026 10:58:25;04/10/2026 17:09:01;28;0;02303347;04/10/2026 17:08:56;04/10/2026 17:09:01;04/10/2026 07:33:39;4;2;1
TO;92410;0001;0417;controle;;6190;6190;25/09/2026 12:13:03;04/10/2026 17:03:30;21;0;02294811;04/10/2026 17:03:25;04/10/2026 17:03:30;04/10/2026 07:47:19;4;2;1
DF;97012;0016;0464;controle;;6101;6101;24/09/2026 14:01:25;04/10/2026 17:09:17;23;0;02220615;04/10/2026 17:09:13;04/10/2026 17:09:17;04/10/2026 07:15:58;5;2;1
PA;04278;0095;0092;controle;;6509;6509;25/09/2026 11:05:01;04/10/2026 17:03:53;12;0;02192336;04/10/2026 17:03:48;04/10/2026 17:03:53;04/10/2026 07:38:12;4;2;1
ES;56251;0034;1043;controle;;5406;5406;23/09/2026 12:18:06;04/10/2026 17:04:58;25;0;01753532;04/10/2026 17:04:27;04/10/2026 17:04:58;04/10/2026 07:52:37;5;2;1
MS;90751;0004;0034;controle;;6058;6058;27/09/2026 10:54:10;04/10/2026 17:13:53;11;0;01843142;04/10/2026 17:13:05;04/10/2026 17:13:53;04/10/2026 06:38:49;3;2;1
SP;71455;0137;0071;controle;;4880;4880;27/09/2026 11:36:48;04/10/2026 17:07:41;4;0;01829173;04/10/2026 17:06:56;04/10/2026 17:07:41;04/10/2026 07:38:53;4;2;1
AC;01457;0003;0127;controle;;4870;4870;23/09/2026 17:20:11;04/10/2026 15:10:31;4;0;02045014;04/10/2026 15:10:26;04/10/2026 15:10:31;04/10/2026 05:34:26;4;2;1
BA;38490;0012;0383;controle;;7763;7763;23/09/2026 10:26:03;04/10/2026 17:24:31;19;0;02353086;04/10/2026 17:24:26;04/10/2026 17:24:31;04/10/2026 07:53:23;6;2;1
RS;85898;0066;0403;controle;;5672;5672;23/09/2026 15:05:50;04/10/2026 17:03:58;15;0;02017284;04/10/2026 17:03:53;04/10/2026 17:03:58;04/10/2026 07:43:06;5;2;1
RS;86215;0029;0004;controle;;6222;6222;21/09/2026 09:13:54;04/10/2026 17:05:02;3;0;01678881;04/10/2026 17:04:21;04/10/2026 17:05:02;04/10/2026 07:29:34;5;2;1
SC;82678;0025;0049;controle;;5785;5785;25/09/2026 14:16:25;04/10/2026 17:03:41;9;0;02021080;04/10/2026 17:03:36;04/10/2026 17:03:41;04/10/2026 07:51:40;4;2;1
MG;47813;0014;0066;controle;;5441;5441;23/09/2026 13:59:40;04/10/2026 17:04:35;9;0;02014928;04/10/2026 17:04:31;04/10/2026 17:04:35;04/10/2026 07:49:54;4;2;1
RS;88013;0001;0073;controle;;5733;5733;22/09/2026 09:11:26;04/10/2026 17:06:24;19;0;02250103;04/10/2026 17:06:19;04/10/2026 17:06:24;04/10/2026 07:35:29;6;2;1
SP;66893;0365;0249;controle;;6341;6341;23/09/2026 17:37:17;04/10/2026 17:09:46;23;0;01804732;04/10/2026 17:08:58;04/10/2026 17:09:46;04/10/2026 07:55:31;6;3;1
SP;71072;0257;0263;controle;;5862;5862;27/09/2026 11:21:09;04/10/2026 17:11:08;23;0;02268856;04/10/2026 17:11:03;04/10/2026 17:11:08;04/10/2026 07:25:39;4;2;1
SP;67156;0216;0320;controle;;5940;5940;24/09/2026 10:19:07;04/10/2026 17:08:33;12;0;02368204;04/10/2026 17:08:28;04/10/2026 17:08:33;04/10/2026 07:31:59;6;3;1
ES;56308;0051;0063;controle;;4933;4933;21/09/2026 10:25:34;04/10/2026 17:10:41;25;0;02333170;04/10/2026 17:10:36;04/10/2026 17:10:41;04/10/2026 07:42:12;5;2;1
CE;13617;0065;0008;controle;;6573;6573;30/09/2026 16:46:37;04/10/2026 17:28:34;25;0;01769869;04/10/2026 17:27:53;04/10/2026 17:28:34;04/10/2026 07:43:19;5;4;1
PR;74276;0061;0165;controle;;6113;6113;26/09/2026 08:07:23;04/10/2026 17:05:02;12;0;02383959;04/10/2026 17:04:57;04/10/2026 17:05:02;04/10/2026 08:01:39;4;2;1
SE;32336;0021;0277;controle;;6102;6102;22/09/2026 10:02:11;04/10/2026 17:04:28;11;0;02173289;04/10/2026 17:04:24;04/10/2026 17:04:28;04/10/2026 07:16:52;4;2;1
MG;41696;0120;0071;controle;;6025;6025;27/09/2026 08:59:17;04/10/2026 17:13:14;23;0;02078496;04/10/2026 17:13:09;04/10/2026 17:13:14;04/10/2026 07:52:15;4;2;1
PA;04111;0018;0545;controle;;1984;1984;25/09/2026 15:12:00;04/10/2026 17:21:26;5;0;02300801;04/10/2026 17:21:21;04/10/2026 17:21:26;04/10/2026 07:53:41;4;2;1
SP;70050;0221;0017;controle;;6422;6422;28/09/2026 16:02:31;04/10/2026 17:06:37;10;0;01832994;04/10/2026 17:05:50;04/10/2026 17:06:37;04/10/2026 07:40:14;4;2;1
PA;04278;0030;0661;controle;;6817;6817;26/09/2026 10:09:04;04/10/2026 17:27:28;43;0;02188220;04/10/2026 17:27:23;04/10/2026 17:27:28;04/10/2026 07:26:09;6;2;1
SP;66893;0365;0116;controle;;6521;6521;25/09/2026 10:25:26;04/10/2026 17:11:00;20;0;02311124;04/10/2026 17:10:55;04/10/2026 17:11:00;04/10/2026 07:57:47;4;2;1
RJ;60011;0120;0023;controle;;5451;5451;02/09/2026 12:15:17;04/10/2026 17:12:38;27;0;02179080;04/10/2026 17:12:33;04/10/2026 17:12:38;04/10/2026 07:45:33;5;2;1
MS;90514;0008;0468;controle;;5082;5082;24/09/2026 08:11:36;04/10/2026 16:04:35;16;0;02447779;04/10/2026 16:04:30;04/10/2026 16:04:35;04/10/2026 06:52:58;4;2;1
PR;74950;0016;0201;controle;;2855;2855;25/09/2026 14:34:36;04/10/2026 17:04:53;3;0;02022180;04/10/2026 17:04:48;04/10/2026 17:04:53;04/10/2026 08:06:59;6;3;1
PR;75914;0080;0095;controle;;5666;5666;21/09/2026 14:11:25;04/10/2026 17:07:26;25;0;01825426;04/10/2026 17:06:43;04/10/2026 17:07:26;04/10/2026 07:34:56;4;2;1
AL;27057;0055;0201;controle;;4415;4415;26/09/2026 08:58:37;04/10/2026 17:09:50;20;0;02014874;04/10/2026 17:09:46;04/10/2026 17:09:50;04/10/2026 07:51:58;5;2;1
MG;41238;0334;0171;controle;;6724;6724;25/09/2026 10:13:02;04/10/2026 17:07:10;19;0;02278802;04/10/2026 17:07:05;04/10/2026 17:07:10;04/10/2026 07:42:31;4;2;1
SP;64270;0367;0081;controle;;7519;7519;25/09/2026 09:55:33;04/10/2026 17:53:34;25;3;01804932;04/10/2026 17:52:48;04/10/2026 17:53:34;04/10/2026 08:11:51;9;2;1
SC;83470;0092;0078;controle;;6140;6140;19/09/2026 15:50:16;04/10/2026 17:05:28;23;0;02371565;04/10/2026 17:05:23;04/10/2026 17:05:28;04/10/2026 07:38:22;4;2;1
SP;71072;0326;0770;controle;;6931;6931;25/09/2026 10:06:09;04/10/2026 17:06:49;45;0;01816614;04/10/2026 17:06:00;04/10/2026 17:06:49;04/10/2026 07:38:47;4;2;1
SP;71072;0371;0660;controle;;5865;5865;25/09/2026 16:09:22;04/10/2026 17:11:36;13;0;01823148;04/10/2026 17:10:47;04/10/2026 17:11:36;04/10/2026 08:04:04;4;2;1
PB;22039;0019;0130;controle;;6298;6298;22/09/2026 10:47:58;04/10/2026 17:21:45;10;0;02236421;04/10/2026 17:21:40;04/10/2026 17:21:45;04/10/2026 07:34:25;4;2;1
MG;41122;0237;0338;controle;;3899;3899;22/09/2026 12:12:06;04/10/2026 17:09:21;18;0;02069831;04/10/2026 17:09:17;04/10/2026 17:09:21;04/10/2026 08:03:11;4;2;1
BA;34193;0053;0127;controle;;6110;6110;23/09/2026 11:24:33;04/10/2026 17:16:33;7;0;02290795;04/10/2026 17:16:28;04/10/2026 17:16:33;04/10/2026 07:35:06;4;2;1
PA;04545;0032;0135;controle;;5107;5107;25/09/2026 11:52:46;04/10/2026 17:07:15;10;0;01787367;04/10/2026 17:06:34;04/10/2026 17:07:15;04/10/2026 07:34:38;4;2;1
SC;83593;0008;0229;controle;;5924;5924;22/09/2026 15:22:45;04/10/2026 17:05:15;31;0;02191184;04/10/2026 17:05:10;04/10/2026 17:05:15;04/10/2026 07:59:17;4;2;1
PR;75833;0043;0173;controle;;6056;6056;23/09/2026 13:40:48;04/10/2026 17:04:34;18;0;02399578;04/10/2026 17:04:29;04/10/2026 17:04:34;04/10/2026 07:28:28;4;2;1
PB;20516;0076;0432;controle;;7611;7611;24/09/2026 14:21:01;04/10/2026 17:36:07;11;0;01800035;04/10/2026 17:35:18;04/10/2026 17:36:07;04/10/2026 07:41:19;4;2;1
SC;83259;0028;0005;controle;;669;0;;;0;0;;;;;0;0;0
PB;19755;0068;0214;controle;;5234;5234;25/09/2026 14:13:53;04/10/2026 17:03:24;17;0;02332851;04/10/2026 17:03:19;04/10/2026 17:03:24;04/10/2026 07:21:28;4;2;1
SP;71072;0257;0471;controle;;5803;5803;26/09/2026 10:30:14;04/10/2026 17:05:09;20;0;02256839;04/10/2026 17:05:04;04/10/2026 17:05:09;04/10/2026 07:33:37;6;3;1
RS;88013;0002;0163;controle;;5355;5355;19/09/2026 09:07:51;04/10/2026 17:05:29;8;0;02455700;04/10/2026 17:05:24;04/10/2026 17:05:29;04/10/2026 07:56:30;5;2;1
SP;61557;0011;0145;controle;;5102;5102;24/09/2026 15:33:30;04/10/2026 17:07:20;12;0;01842493;04/10/2026 17:06:29;04/10/2026 17:07:20;04/10/2026 07:27:15;4;2;1
SP;68314;0323;0106;controle;;7339;7339;24/09/2026 11:16:11;04/10/2026 17:13:18;12;1;02363196;04/10/2026 17:13:12;04/10/2026 17:13:18;04/10/2026 07:36:09;4;2;1
SP;61956;0072;0006;controle;;7191;7191;24/09/2026 13:45:20;04/10/2026 17:48:04;7;0;02321575;04/10/2026 17:47:59;04/10/2026 17:48:04;04/10/2026 07:55:23;4;2;1
GO;94315;0017;0001;controle;;6752;6752;24/09/2026 07:38:02;04/10/2026 17:25:00;32;1;01795134;04/10/2026 17:24:22;04/10/2026 17:25:00;04/10/2026 07:43:44;7;4;1
CE;15830;0035;0054;controle;;6611;6611;22/09/2026 09:24:59;04/10/2026 18:07:12;30;0;02246757;04/10/2026 18:07:07;04/10/2026 18:07:12;04/10/2026 07:11:16;4;2;1
PA;04065;0064;0101;controle;;4627;4627;25/09/2026 09:16:37;04/10/2026 17:09:19;17;0;02402592;04/10/2026 17:09:14;04/10/2026 17:09:19;04/10/2026 07:25:03;3;2;1
PA;04278;0095;0222;controle;;5950;5950;25/09/2026 10:15:30;04/10/2026 17:05:52;18;0;02180084;04/10/2026 17:05:47;04/10/2026 17:05:52;04/10/2026 07:31:55;5;2;1
ES;56235;0048;0293;controle;;6194;6194;24/09/2026 09:07:15;04/10/2026 17:38:56;14;0;02241741;04/10/2026 17:38:51;04/10/2026 17:38:56;04/10/2026 07:54:01;5;2;1
BA;33235;0161;0037;controle;;5811;5811;21/09/2026 09:38:21;04/10/2026 17:35:12;22;0;02038130;04/10/2026 17:35:07;04/10/2026 17:35:12;04/10/2026 07:44:21;4;2;1
PA;05576;0003;0053;controle;;5338;5338;22/09/2026 13:20:35;04/10/2026 17:07:07;22;0;02382403;04/10/2026 17:07:02;04/10/2026 17:07:07;04/10/2026 07:55:32;3;2;1
PI;10650;0054;0065;controle;;5612;5612;28/09/2026 19:18:17;04/10/2026 17:07:54;20;0;01798033;04/10/2026 17:07:15;04/10/2026 17:07:54;04/10/2026 07:37:11;4;2;1
SP;64750;0212;0182;controle;;6648;6648;28/09/2026 10:47:26;04/10/2026 17:08:36;15;0;02132397;04/10/2026 17:08:31;04/10/2026 17:08:36;04/10/2026 07:44:19;6;2;1
PE;24015;0065;0026;controle;;6488;6488;28/09/2026 09:01:28;04/10/2026 17:51:07;24;0;02302348;04/10/2026 17:51:02;04/10/2026 17:51:07;04/10/2026 07:33:04;4;2;1
RS;87017;0121;0058;controle;;6323;6323;24/09/2026 13:15:33;04/10/2026 17:06:14;25;0;02421358;04/10/2026 17:06:09;04/10/2026 17:06:14;04/10/2026 07:54:49;5;2;1
RJ;60011;0176;0034;controle;;7749;7749;25/09/2026 10:59:45;04/10/2026 17:33:37;11;1;01825055;04/10/2026 17:32:48;04/10/2026 17:33:37;04/10/2026 07:27:16;5;3;1
BA;37214;0185;0094;controle;;7040;7040;29/09/2026 11:29:02;04/10/2026 17:09:44;37;0;02235878;04/10/2026 17:09:39;04/10/2026 17:09:44;04/10/2026 07:12:42;5;2;1
MA;09415;0039;0015;controle;;6242;6242;30/09/2026 11:16:56;04/10/2026 18:04:39;25;1;02251060;04/10/2026 18:04:34;04/10/2026 18:04:39;04/10/2026 07:44:38;4;2;1
ES;56375;0015;0011;controle;;6452;6452;21/09/2026 13:40:27;04/10/2026 17:07:11;43;0;02380404;04/10/2026 17:07:05;04/10/2026 17:07:11;04/10/2026 07:48:52;6;2;1
RJ;58050;0093;0016;controle;;5172;5172;22/09/2026 10:34:22;04/10/2026 17:04:25;15;0;02395616;04/10/2026 17:04:20;04/10/2026 17:04:25;04/10/2026 07:09:01;5;2;1
SP;65919;0072;0193;controle;;1949;0;;;0;0;;;;;0;0;0
PI;12190;0063;0241;controle;;6357;6357;25/09/2026 14:02:53;04/10/2026 17:03:52;19;0;02345604;04/10/2026 17:03:47;04/10/2026 17:03:52;04/10/2026 07:13:33;4;2;1
PR;76570;0010;0294;controle;;2772;2772;21/09/2026 15:19:38;04/10/2026 17:04:33;8;0;02021393;04/10/2026 17:04:28;04/10/2026 17:04:33;04/10/2026 07:39:13;4;2;1
SP;61778;0335;0010;controle;;5856;5856;27/09/2026 11:27:52;04/10/2026 17:05:33;20;0;02126068;04/10/2026 17:05:28;04/10/2026 17:05:33;04/10/2026 07:38:23;4;2;1
SE;31577;0009;0251;controle;;5308;5308;19/09/2026 10:20:49;04/10/2026 17:05:45;38;0;02274392;04/10/2026 17:05:40;04/10/2026 17:05:45;04/10/2026 07:33:30;4;2;1
SP;71170;0229;0105;controle;;4896;4896;27/09/2026 11:27:00;04/10/2026 17:04:18;22;0;02312787;04/10/2026 17:04:13;04/10/2026 17:04:18;04/10/2026 07:26:41;4;2;1
BA;35157;0156;0359;controle;;7824;7824;29/09/2026 12:19:31;04/10/2026 18:19:04;34;0;01808636;04/10/2026 18:18:15;04/10/2026 18:19:04;04/10/2026 07:39:08;5;2;1
SP;62499;0026;0069;controle;;5909;5909;26/09/2026 16:16:42;04/10/2026 17:06:51;17;0;02070032;04/10/2026 17:06:46;04/10/2026 17:06:51;04/10/2026 07:39:24;4;2;1
SP;68675;0136;0110;controle;;5465;5465;29/09/2026 14:31:15;04/10/2026 17:06:27;8;0;01838486;04/10/2026 17:05:36;04/10/2026 17:06:27;04/10/2026 07:32:13;4;2;1
RN;17612;0069;0448;controle;;7379;7379;21/09/2026 08:54:41;04/10/2026 18:24:05;18;0;01786096;04/10/2026 18:23:15;04/10/2026 18:24:05;04/10/2026 07:16:30;7;3;1
BA;33650;0136;0085;controle;;5794;5794;26/09/2026 12:10:21;04/10/2026 17:05:29;12;0;02177803;04/10/2026 17:05:24;04/10/2026 17:05:29;04/10/2026 07:55:21;5;2;1
SP;65838;0060;0001;controle;;4824;4824;28/09/2026 17:52:37;04/10/2026 17:05:21;9;0;02189291;04/10/2026 17:05:16;04/10/2026 17:05:21;04/10/2026 07:59:39;5;2;1
SP;71072;0326;0896;controle;;6612;6612;27/09/2026 12:39:34;04/10/2026 17:12:40;16;0;02056033;04/10/2026 17:12:35;04/10/2026 17:12:40;04/10/2026 07:39:22;4;2;1
SC;82210;0106;0117;controle;;5753;5753;22/09/2026 09:16:07;04/10/2026 17:08:47;31;0;01847251;04/10/2026 17:08:04;04/10/2026 17:08:47;04/10/2026 08:00:13;6;3;1
AM;02550;0063;0687;controle;;7242;7242;01/10/2026 15:32:49;04/10/2026 17:04:07;32;0;02040746;04/10/2026 17:04:02;04/10/2026 17:04:07;04/10/2026 07:03:16;4;2;1
SP;71072;0420;0120;controle;;5617;5617;25/09/2026 14:34:26;04/10/2026 17:15:31;15;0;02404152;04/10/2026 17:15:26;04/10/2026 17:15:31;04/10/2026 07:49:02;5;2;1
PR;76813;0196;0120;controle;;6214;6214;26/09/2026 09:02:57;04/10/2026 17:03:23;27;0;02067848;04/10/2026 17:03:18;04/10/2026 17:03:23;04/10/2026 07:10:30;4;2;1
PE;23213;0084;0128;controle;;6839;6839;25/09/2026 09:47:54;04/10/2026 19:06:30;7;0;02320622;04/10/2026 19:06:25;04/10/2026 19:06:30;04/10/2026 07:47:18;4;2;1
PR;74934;0068;0090;controle;;5620;5620;24/09/2026 09:58:02;04/10/2026 17:07:59;13;0;02315805;04/10/2026 17:07:55;04/10/2026 17:07:59;04/10/2026 07:46:02;4;2;1
SP;71510;0415;0053;controle;;6614;6614;24/09/2026 14:03:11;04/10/2026 17:05:08;18;0;02400012;04/10/2026 17:05:03;04/10/2026 17:05:08;04/10/2026 07:40:59;4;2;1
MA;09210;0089;0413;controle;;6336;6336;29/09/2026 10:32:12;04/10/2026 17:09:10;14;0;01793164;04/10/2026 17:08:37;04/10/2026 17:09:10;04/10/2026 07:42:09;4;2;1
SP;66818;0400;0126;controle;;5467;5467;27/09/2026 09:11:18;04/10/2026 17:03:30;14;0;02362966;04/10/2026 17:03:25;04/10/2026 17:03:30;04/10/2026 07:12:58;4;2;1
MT;91855;0019;0072;controle;;5302;5302;22/09/2026 09:36:59;04/10/2026 16:09:01;15;0;02023031;04/10/2026 16:08:56;04/10/2026 16:09:01;04/10/2026 06:53:15;4;2;1
SP;64750;0212;0276;controle;;7199;7199;28/09/2026 09:54:36;04/10/2026 17:07:49;11;0;02278701;04/10/2026 17:07:43;04/10/2026 17:07:49;04/10/2026 07:53:26;6;2;1
SP;71579;0416;0095;controle;;7090;7090;25/09/2026 16:27:35;04/10/2026 17:04:49;26;0;02284097;04/10/2026 17:04:44;04/10/2026 17:04:49;04/10/2026 07:25:38;4;2;1
BA;38490;0003;0381;controle;;7812;7812;23/09/2026 09:26:07;04/10/2026 17:38:37;18;0;02429497;04/10/2026 17:38:32;04/10/2026 17:38:37;04/10/2026 07:39:25;6;2;1
MS;90379;0006;0100;controle;;5937;5937;24/09/2026 15:09:14;04/10/2026 16:33:25;26;0;02001181;04/10/2026 16:33:20;04/10/2026 16:33:25;04/10/2026 06:41:55;4;2;1
SC;83674;0033;0323;controle;;7133;7133;23/09/2026 16:58:32;04/10/2026 17:27:14;9;0;02007248;04/10/2026 17:27:09;04/10/2026 17:27:14;04/10/2026 08:00:51;4;2;1
SP;67890;0213;0126;controle;;6115;6115;26/09/2026 14:54:22;04/10/2026 17:04:25;16;0;02073747;04/10/2026 17:04:20;04/10/2026 17:04:25;04/10/2026 07:57:45;4;2;1
PR;75990;0034;0172;controle;;2867;2867;26/09/2026 11:23:03;04/10/2026 17:09:40;8;0;02068074;04/10/2026 17:09:35;04/10/2026 17:09:40;04/10/2026 07:54:29;4;4;1
SC;80810;0094;0249;controle;;7106;7106;21/09/2026 13:41:37;04/10/2026 17:05:29;22;0;02374205;04/10/2026 17:05:24;04/10/2026 17:05:29;04/10/2026 07:34:51;4;2;1
BA;38490;0010;0776;controle;;7864;7864;22/09/2026 08:36:08;04/10/2026 17:59:50;29;0;02413923;04/10/2026 17:59:45;04/10/2026 17:59:50;04/10/2026 07:26:47;5;2;1
MG;50490;0227;0283;controle;;4485;4485;23/09/2026 09:16:08;04/10/2026 17:08:01;12;0;02070563;04/10/2026 17:07:56;04/10/2026 17:08:01;04/10/2026 07:54:07;4;2;1
SP;62197;0023;0362;controle;;5169;5169;28/09/2026 15:10:09;04/10/2026 17:05:13;8;0;01812175;04/10/2026 17:04:23;04/10/2026 17:05:13;04/10/2026 07:29:10;4;2;1
RS;84921;0093;0222;controle;;4229;4229;21/09/2026 11:02:56;04/10/2026 17:05:55;11;0;02316344;04/10/2026 17:05:50;04/10/2026 17:05:55;04/10/2026 08:05:44;5;3;1
PR;84611;0206;0055;controle;;6209;6209;19/09/2026 12:36:05;04/10/2026 17:03:48;8;0;02062307;04/10/2026 17:03:42;04/10/2026 17:03:48;04/10/2026 07:29:39;5;2;1
RJ;58335;0126;0315;controle;;6901;6901;22/09/2026 11:01:04;04/10/2026 17:19:42;13;0;02206618;04/10/2026 17:19:36;04/10/2026 17:19:42;04/10/2026 07:45:57;5;2;1
GO;93734;0133;0081;controle;;4785;4785;30/09/2026 08:59:37;04/10/2026 17:07:43;13;0;02372782;04/10/2026 17:07:38;04/10/2026 17:07:43;04/10/2026 07:34:44;4;2;1
RR;03018;0001;0674;controle;;5669;5669;24/09/2026 08:19:26;04/10/2026 16:08:49;16;0;02018953;04/10/2026 16:08:44;04/10/2026 16:08:49;04/10/2026 06:53:25;3;2;1
MG;54038;0314;0248;controle;;5586;5586;22/09/2026 09:55:24;04/10/2026 17:08:55;27;0;02096458;04/10/2026 17:08:50;04/10/2026 17:08:55;04/10/2026 07:42:46;4;2;1
PR;77313;0154;0314;controle;;5960;5960;20/09/2026 09:44:16;04/10/2026 17:06:43;9;0;02466375;04/10/2026 17:06:38;04/10/2026 17:06:43;04/10/2026 07:32:45;4;2;1
RS;87050;0023;0137;controle;;5620;5620;21/09/2026 13:49:58;04/10/2026 17:22:09;19;0;02283142;04/10/2026 17:22:04;04/10/2026 17:22:09;04/10/2026 07:49:51;5;2;1
MA;09210;0076;0466;controle;;7369;7369;30/09/2026 09:33:47;04/10/2026 17:28:09;32;0;01812818;04/10/2026 17:27:23;04/10/2026 17:28:09;04/10/2026 07:33:47;5;2;1
BA;33790;0105;0111;controle;;5054;5054;01/10/2026 10:54:41;04/10/2026 17:06:52;18;0;02308794;04/10/2026 17:06:47;04/10/2026 17:06:52;04/10/2026 07:08:55;4;2;1
SP;62197;0300;0217;controle;;5642;5642;26/09/2026 14:01:25;04/10/2026 17:08:12;12;0;02138402;04/10/2026 17:08:08;04/10/2026 17:08:12;04/10/2026 07:38:43;4;2;1
SP;64610;0302;0003;controle;;6789;6789;26/09/2026 13:09:58;04/10/2026 18:12:04;35;0;01679511;04/10/2026 18:11:25;04/10/2026 18:12:04;04/10/2026 07:50:25;5;2;1
MA;07692;0008;0015;controle;;5087;5087;30/09/2026 09:37:54;04/10/2026 17:10:11;41;0;02303618;04/10/2026 17:10:06;04/10/2026 17:10:11;04/10/2026 07:40:30;4;2;1
SP;70793;0121;0380;controle;;74;0;;;0;0;;;;;0;0;0
SE;32158;0004;0073;controle;;5261;5261;18/09/2026 09:50:36;04/10/2026 17:14:09;15;0;02047650;04/10/2026 17:14:04;04/10/2026 17:14:09;04/10/2026 07:31:01;5;2;1
MT;98892;0040;0033;controle;;5908;5908;23/09/2026 12:50:35;04/10/2026 16:10:16;20;0;02458247;04/10/2026 16:10:11;04/10/2026 16:10:16;04/10/2026 06:50:07;4;2;1
RS;89575;0162;0640;controle;;6019;6019;22/09/2026 16:38:21;04/10/2026 17:09:35;11;0;02174142;04/10/2026 17:09:30;04/10/2026 17:09:35;04/10/2026 07:32:44;5;2;1
BA;38490;0014;0590;controle;;5661;5661;23/09/2026 09:28:24;04/10/2026 17:10:51;24;0;02393743;04/10/2026 17:10:46;04/10/2026 17:10:51;04/10/2026 07:51:07;5;2;1
PR;76074;0034;0062;controle;;3891;3891;25/09/2026 09:33:04;04/10/2026 17:05:03;15;0;02090058;04/10/2026 17:04:58;04/10/2026 17:05:03;04/10/2026 07:22:40;5;2;1
SP;68616;0090;0057;controle;;5543;5543;26/09/2026 08:35:30;04/10/2026 17:07:17;8;0;01839098;04/10/2026 17:06:30;04/10/2026 17:07:17;04/10/2026 07:55:55;4;2;1
MG;52213;0252;0006;controle;;4175;4175;25/09/2026 09:47:29;04/10/2026 17:05:34;28;0;02070947;04/10/2026 17:05:29;04/10/2026 17:05:34;04/10/2026 07:23:42;4;2;1
PA;04146;0041;0211;controle;;5569;5569;25/09/2026 19:44:19;04/10/2026 17:05:40;25;0;02184717;04/10/2026 17:05:35;04/10/2026 17:05:40;04/10/2026 07:30:38;4;2;1
GO;93734;0134;0513;controle;;7065;7065;22/09/2026 13:45:37;04/10/2026 17:29:40;37;0;02360393;04/10/2026 17:29:35;04/10/2026 17:29:40;04/10/2026 07:11:46;4;2;1
SP;71072;0256;0148;controle;;5432;5432;29/09/2026 15:20:02;04/10/2026 17:15:23;7;0;02053867;04/10/2026 17:15:18;04/10/2026 17:15:23;04/10/2026 07:50:45;5;2;1
SP;66893;0217;0220;controle;;6438;6438;24/09/2026 14:41:24;04/10/2026 17:06:04;10;0;02367307;04/10/2026 17:05:59;04/10/2026 17:06:04;04/10/2026 07:26:57;4;2;1
RJ;58467;0083;0206;controle;;6671;6671;21/09/2026 13:23:19;04/10/2026 17:19:42;20;0;01788416;04/10/2026 17:18:55;04/10/2026 17:19:42;04/10/2026 07:20:45;6;3;1
GO;92274;0132;0094;controle;;86;0;;;0;0;;;;;0;0;0
BA;35157;0155;0136;controle;;8069;8069;25/09/2026 11:24:11;04/10/2026 18:08:11;22;0;01766396;04/10/2026 18:07:22;04/10/2026 18:08:11;04/10/2026 07:28:40;4;2;1
MG;42595;0196;0022;controle;;5681;5681;19/09/2026 11:59:18;04/10/2026 17:19:10;19;0;02062714;04/10/2026 17:19:05;04/10/2026 17:19:10;04/10/2026 07:45:21;4;2;1
RS;88994;0131;0118;controle;;6557;6557;23/09/2026 16:36:39;04/10/2026 17:36:20;27;0;02231378;04/10/2026 17:36:15;04/10/2026 17:36:20;04/10/2026 07:59:20;4;2;1
RS;85219;0050;0151;controle;;4041;4041;28/09/2026 19:53:13;04/10/2026 17:06:50;10;0;02100913;04/10/2026 17:06:45;04/10/2026 17:06:50;04/10/2026 07:19:06;5;2;1
MA;08311;0081;0010;controle;;5202;5202;24/09/2026 10:58:46;04/10/2026 17:05:20;13;0;02103370;04/10/2026 17:05:16;04/10/2026 17:05:20;04/10/2026 07:25:52;3;2;1
BA;39047;0071;0127;controle;;5645;5645;21/09/2026 09:59:27;04/10/2026 17:27:10;8;0;01757913;04/10/2026 17:26:30;04/10/2026 17:27:10;04/10/2026 07:44:35;4;2;1
CE;14290;0017;0751;controle;;5307;5307;29/09/2026 10:49:20;04/10/2026 17:14:29;27;0;02244790;04/10/2026 17:14:24;04/10/2026 17:14:29;04/10/2026 08:01:52;4;2;1
GO;93734;0001;0475;controle;;5858;5858;29/09/2026 08:30:21;04/10/2026 17:10:01;11;0;02306731;04/10/2026 17:09:56;04/10/2026 17:10:01;04/10/2026 07:58:32;4;2;1
AL;27057;0022;0556;controle;;7110;7110;25/09/2026 09:54:16;04/10/2026 17:23:23;28;0;02068795;04/10/2026 17:23:18;04/10/2026 17:23:23;04/10/2026 07:45:44;5;2;1
RJ;58335;0127;0258;controle;;6651;6651;21/09/2026 10:06:06;04/10/2026 17:16:44;14;0;02247611;04/10/2026 17:16:39;04/10/2026 17:16:44;04/10/2026 07:52:56;5;2;1
ES;56995;0059;0020;controle;;5225;5225;22/09/2026 11:39:59;04/10/2026 17:09:23;20;0;01769800;04/10/2026 17:08:56;04/10/2026 17:09:23;04/10/2026 07:31:04;5;2;1
SP;70572;0307;0064;controle;;5108;5108;24/09/2026 10:10:27;04/10/2026 17:05:21;22;0;02221737;04/10/2026 17:05:16;04/10/2026 17:05:21;04/10/2026 07:15:15;4;2;1
SP;69213;0406;0068;controle;;5840;5840;26/09/2026 15:09:40;04/10/2026 17:05:47;21;0;02145009;04/10/2026 17:05:42;04/10/2026 17:05:47;04/10/2026 07:24:57;4;2;1
SC;82651;0031;0207;controle;;7060;7060;24/09/2026 13:45:39;04/10/2026 17:18:05;16;0;01767942;04/10/2026 17:17:22;04/10/2026 17:18:05;04/10/2026 07:39:14;4;2;1
DF;97012;0011;0110;controle;;5144;5144;30/09/2026 09:04:28;04/10/2026 17:05:56;23;0;02220871;04/10/2026 17:05:51;04/10/2026 17:05:56;04/10/2026 07:26:54;4;2;1
SP;65099;0132;0096;controle;;6195;6195;24/09/2026 16:01:52;04/10/2026 17:10:29;35;0;02148224;04/10/2026 17:10:24;04/10/2026 17:10:29;04/10/2026 07:32:29;5;2;1
GO;93734;0147;0225;controle;;6818;6818;29/09/2026 13:23:00;04/10/2026 17:14:37;34;0;02378122;04/10/2026 17:14:32;04/10/2026 17:14:37;04/10/2026 07:32:12;4;2;1
PE;25313;0001;0440;controle;;6937;6937;22/09/2026 11:01:33;04/10/2026 17:17:11;52;0;02340055;04/10/2026 17:17:06;04/10/2026 17:17:11;04/10/2026 07:27:14;4;2;1
SP;71072;0328;0700;controle;;6312;6312;28/09/2026 10:50:05;04/10/2026 17:26:26;22;0;01826792;04/10/2026 17:25:39;04/10/2026 17:26:26;04/10/2026 07:44:15;4;2;1
MA;07641;0096;0138;controle;;4769;4769;29/09/2026 11:04:33;04/10/2026 17:08:23;16;0;02121036;04/10/2026 17:08:19;04/10/2026 17:08:23;04/10/2026 07:57:27;5;2;1
SP;65633;0377;0471;controle;;6012;6012;29/09/2026 11:41:41;04/10/2026 17:05:36;16;0;02389844;04/10/2026 17:05:31;04/10/2026 17:05:36;04/10/2026 07:41:04;5;2;1
RJ;58491;0110;0111;controle;;6665;6665;28/09/2026 10:30:38;04/10/2026 17:28:41;12;0;02445485;04/10/2026 17:28:36;04/10/2026 17:28:41;04/10/2026 07:54:50;4;2;1
MA;07714;0014;0185;controle;;5272;5272;30/09/2026 13:50:37;04/10/2026 17:17:49;31;6;02288261;04/10/2026 17:17:44;04/10/2026 17:17:49;04/10/2026 08:08:00;8;6;1
MA;09431;0040;0111;controle;;6370;6370;29/09/2026 14:03:54;04/10/2026 18:34:21;26;0;02311893;04/10/2026 18:34:16;04/10/2026 18:34:21;04/10/2026 07:38:00;4;2;1
SP;70572;0156;0304;controle;;4902;4902;25/09/2026 11:38:36;04/10/2026 17:03:43;16;1;02100067;04/10/2026 17:03:38;04/10/2026 17:03:43;04/10/2026 07:20:27;4;2;1
BA;37818;0084;0399;controle;;7487;7487;28/09/2026 13:31:41;04/10/2026 18:34:47;43;0;01791886;04/10/2026 18:34:12;04/10/2026 18:34:47;04/10/2026 07:38:43;6;2;1
RJ;60011;0009;0201;controle;;7050;7050;22/09/2026 10:32:08;04/10/2026 17:18:30;19;0;01809286;04/10/2026 17:17:41;04/10/2026 17:18:30;04/10/2026 07:49:03;5;2;1
PA;05738;0051;0004;controle;;5511;5511;22/09/2026 09:59:29;04/10/2026 17:18:55;46;0;01797728;04/10/2026 17:18:11;04/10/2026 17:18:55;04/10/2026 07:44:33;4;2;1
SP;64939;0049;0093;controle;;6560;6560;25/09/2026 14:07:52;04/10/2026 17:06:34;15;0;02292513;04/10/2026 17:06:29;04/10/2026 17:06:34;04/10/2026 07:21:07;4;2;1
AM;02550;0001;0662;controle;;5047;5047;30/09/2026 15:30:46;04/10/2026 16:08:52;19;0;02088297;04/10/2026 16:08:47;04/10/2026 16:08:52;04/10/2026 06:41:46;4;2;1
SC;81477;0015;0067;controle;;5536;5536;23/09/2026 15:09:39;04/10/2026 17:03:56;20;0;01680468;04/10/2026 17:03:27;04/10/2026 17:03:56;04/10/2026 07:30:40;6;3;1
RS;88269;0012;0070;controle;;6714;6714;18/09/2026 14:43:53;04/10/2026 17:12:07;20;0;01847582;04/10/2026 17:11:23;04/10/2026 17:12:07;04/10/2026 08:00:17;5;2;1
SC;81639;0091;0001;controle;;5998;5998;25/09/2026 08:35:37;04/10/2026 17:05:48;12;2;01678102;04/10/2026 17:05:20;04/10/2026 17:05:48;04/10/2026 07:51:12;5;2;1
MA;07897;0108;0030;controle;;3910;3910;30/09/2026 15:08:22;04/10/2026 17:06:26;7;0;02074805;04/10/2026 17:06:22;04/10/2026 17:06:26;04/10/2026 07:39:08;4;2;1
SP;64777;0393;0025;controle;;6935;6935;27/09/2026 09:21:23;04/10/2026 17:13:12;9;0;01805018;04/10/2026 17:12:25;04/10/2026 17:13:12;04/10/2026 07:36:29;4;2;1
ES;56502;0018;0185;controle;;4234;4234;21/09/2026 10:44:18;04/10/2026 17:06:27;9;0;02332665;04/10/2026 17:06:22;04/10/2026 17:06:27;04/10/2026 07:56:19;6;2;1
RN;16519;0006;0156;controle;;1685;0;;;0;0;;;;;0;0;0
RJ;58335;0078;0327;controle;;6739;6739;28/09/2026 16:02:20;04/10/2026 17:10:29;19;0;02218529;04/10/2026 17:10:24;04/10/2026 17:10:29;04/10/2026 07:51:30;4;2;1
SC;80861;0078;0012;controle;;5938;5938;24/09/2026 09:51:55;04/10/2026 17:04:07;14;0;02188459;04/10/2026 17:04:02;04/10/2026 17:04:07;04/10/2026 07:50:22;4;2;1
PI;10510;0034;0139;controle;;5744;5744;29/09/2026 18:12:07;04/10/2026 17:03:47;9;0;02035246;04/10/2026 17:03:42;04/10/2026 17:03:47;04/10/2026 07:31:33;3;2;1
PA;04685;0033;0189;controle;;4664;4664;24/09/2026 15:42:45;04/10/2026 17:11:37;28;0;02327534;04/10/2026 17:11:32;04/10/2026 17:11:37;04/10/2026 07:46:16;4;2;1
PR;74950;0016;0039;controle;;90;0;;;0;0;;;;;0;0;0
PB;19429;0031;0181;controle;;6125;6125;22/09/2026 09:21:57;04/10/2026 17:03:19;22;0;02217953;04/10/2026 17:03:14;04/10/2026 17:03:19;04/10/2026 07:27:41;5;2;1
PA;04014;0007;0254;controle;;7339;7339;22/09/2026 18:45:55;04/10/2026 19:20:25;11;1;02025962;04/10/2026 19:20:20;04/10/2026 19:20:25;04/10/2026 07:29:02;5;2;1
MG;54135;0281;0067;controle;;4985;4985;22/09/2026 14:52:34;04/10/2026 17:03:18;18;0;02452207;04/10/2026 17:03:13;04/10/2026 17:03:18;04/10/2026 08:06:45;5;2;1
RO;00680;0026;0168;controle;;5218;5218;24/09/2026 10:33:47;04/10/2026 16:08:50;21;0;02272477;04/10/2026 16:08:45;04/10/2026 16:08:50;04/10/2026 06:33:24;4;2;1
RS;85910;0015;0186;controle;;4423;4423;23/09/2026 10:29:38;04/10/2026 17:07:50;31;0;02320399;04/10/2026 17:07:45;04/10/2026 17:07:50;04/10/2026 08:04:14;5;2;1
AM;02550;0032;0673;controle;;7972;7972;29/09/2026 14:06:42;04/10/2026 17:20:02;16;0;01784119;04/10/2026 17:19:13;04/10/2026 17:20:02;04/10/2026 06:48:40;6;3;1
RS;89230;0004;0124;controle;;5613;5613;25/09/2026 11:48:16;04/10/2026 17:03:35;14;0;02447122;04/10/2026 17:03:30;04/10/2026 17:03:35;04/10/2026 07:39:29;5;2;1
SP;61557;0011;0183;controle;;4987;4987;26/09/2026 14:50:34;04/10/2026 17:05:52;14;0;02314721;04/10/2026 17:05:47;04/10/2026 17:05:52;04/10/2026 07:22:02;4;2;1
MG;41238;0333;0013;controle;;6256;6256;24/09/2026 08:50:44;04/10/2026 17:05:47;23;0;02419844;04/10/2026 17:05:42;04/10/2026 17:05:47;04/10/2026 07:39:01;4;2;1
BA;33138;0163;0231;controle;;5661;5661;24/09/2026 11:45:54;04/10/2026 17:14:15;9;0;02241620;04/10/2026 17:14:10;04/10/2026 17:14:15;04/10/2026 07:16:10;5;2;1
RJ;60011;0023;0434;controle;;7270;7270;23/09/2026 11:17:07;04/10/2026 17:23:26;18;0;02217567;04/10/2026 17:23:21;04/10/2026 17:23:26;04/10/2026 07:59:28;5;2;1
MA;07021;0035;0107;controle;;6149;6149;29/09/2026 11:47:27;04/10/2026 17:39:50;26;0;02261631;04/10/2026 17:39:45;04/10/2026 17:39:50;04/10/2026 08:01:39;4;2;1
RJ;58696;0027;0185;controle;;5774;5774;22/09/2026 09:47:06;04/10/2026 17:07:20;7;0;02041046;04/10/2026 17:07:15;04/10/2026 17:07:20;04/10/2026 07:49:31;4;2;1
SP;62138;0386;0371;controle;;5297;5297;23/09/2026 17:51:27;04/10/2026 17:08:58;17;0;02148523;04/10/2026 17:08:53;04/10/2026 17:08:58;04/10/2026 07:17:18;4;2;1
TO;73440;0029;0127;controle;;6592;6592;14/07/2026 11:30:33;04/10/2026 18:00:47;28;0;02465478;04/10/2026 18:00:42;04/10/2026 18:00:47;04/10/2026 07:13:31;4;2;1
MG;50814;0201;0086;controle;;6456;6456;24/09/2026 14:51:56;04/10/2026 18:05:34;33;2;02400733;04/10/2026 18:05:29;04/10/2026 18:05:34;04/10/2026 07:42:07;5;2;1
PE;24031;0019;0124;controle;;6804;6804;23/09/2026 10:39:18;04/10/2026 17:44:41;10;0;02041307;04/10/2026 17:44:36;04/10/2026 17:44:41;04/10/2026 07:55:43;4;2;1
CE;15598;0121;0177;controle;;5762;5762;29/09/2026 09:45:26;04/10/2026 17:10:04;8;0;01758573;04/10/2026 17:09:27;04/10/2026 17:10:04;04/10/2026 07:27:39;4;2;1
SP;67393;0336;0017;controle;;6454;6454;26/09/2026 16:01:57;04/10/2026 17:05:02;19;0;02196984;04/10/2026 17:04:57;04/10/2026 17:05:02;04/10/2026 07:33:35;4;2;1
SP;64416;0297;0186;controle;;5224;5224;25/09/2026 15:32:57;04/10/2026 17:10:22;7;0;02138323;04/10/2026 17:10:17;04/10/2026 17:10:22;04/10/2026 07:12:08;4;2;1
BA;39098;0150;0070;controle;;7695;7695;29/09/2026 13:15:19;04/10/2026 18:52:52;19;0;01780738;04/10/2026 18:52:05;04/10/2026 18:52:52;04/10/2026 07:54:06;4;2;1
SP;61310;0384;0242;controle;;5226;5226;24/09/2026 13:57:04;04/10/2026 17:13:55;6;0;02284650;04/10/2026 17:13:50;04/10/2026 17:13:55;04/10/2026 07:45:43;4;2;1
DF;97012;0001;0539;controle;;5183;5183;29/09/2026 09:10:15;04/10/2026 17:06:15;9;0;02012730;04/10/2026 17:06:10;04/10/2026 17:06:15;04/10/2026 08:04:58;4;2;1
RN;17132;0010;0178;controle;;4476;4476;24/09/2026 11:00:23;04/10/2026 17:06:23;20;0;02062929;04/10/2026 17:06:19;04/10/2026 17:06:23;04/10/2026 08:02:20;4;2;1
SP;64017;0391;0109;controle;;6744;6744;27/09/2026 09:50:08;04/10/2026 17:13:14;14;0;02284598;04/10/2026 17:13:09;04/10/2026 17:13:14;04/10/2026 07:21:03;4;2;1
RJ;58017;0116;0300;controle;;5858;5858;25/09/2026 15:04:00;04/10/2026 17:04:08;17;0;02437314;04/10/2026 17:04:03;04/10/2026 17:04:08;04/10/2026 07:22:19;4;2;1
CE;13595;0111;0100;controle;;4671;4671;23/09/2026 13:44:42;04/10/2026 17:10:35;15;0;02247026;04/10/2026 17:10:30;04/10/2026 17:10:35;04/10/2026 07:18:04;6;3;1
CE;15598;0121;0170;controle;;5264;5264;29/09/2026 13:47:58;04/10/2026 17:07:02;18;0;01753979;04/10/2026 17:06:18;04/10/2026 17:07:02;04/10/2026 07:43:39;5;4;1
MG;47791;0164;0067;controle;;6234;6234;19/09/2026 14:18:19;04/10/2026 17:11:13;16;0;02421251;04/10/2026 17:11:08;04/10/2026 17:11:13;04/10/2026 07:35:35;4;2;1
BA;37818;0084;0123;controle;;7064;7064;28/09/2026 10:51:46;04/10/2026 19:43:31;11;0;01808818;04/10/2026 19:42:43;04/10/2026 19:43:31;04/10/2026 07:55:11;4;2;1
CE;15059;0109;0050;controle;;5905;5905;21/09/2026 14:49:36;04/10/2026 17:32:36;14;0;02294525;04/10/2026 17:32:31;04/10/2026 17:32:36;04/10/2026 07:18:53;4;2;1
MG;46256;0130;0125;controle;;6041;6041;20/09/2026 11:25:33;04/10/2026 17:04:50;28;0;02299834;04/10/2026 17:04:45;04/10/2026 17:04:50;04/10/2026 07:08:16;4;2;1
MT;91022;0025;0207;controle;;4274;4274;21/09/2026 09:13:36;04/10/2026 16:03:54;22;0;02134008;04/10/2026 16:03:49;04/10/2026 16:03:54;04/10/2026 06:33:58;8;3;2
SP;71153;0132;0041;controle;;5739;5739;26/09/2026 13:40:21;04/10/2026 17:04:37;14;0;02055984;04/10/2026 17:04:32;04/10/2026 17:04:37;04/10/2026 07:33:05;4;2;1
RO;00272;0016;0059;controle;;4422;4422;28/09/2026 09:53:45;04/10/2026 16:04:34;11;0;02055489;04/10/2026 16:04:29;04/10/2026 16:04:34;04/10/2026 06:52:51;4;2;1
MG;53430;0263;0111;controle;;4997;4997;25/09/2026 14:48:04;04/10/2026 17:09:39;17;0;02439871;04/10/2026 17:09:34;04/10/2026 17:09:39;04/10/2026 08:01:46;4;2;1
SE;32352;0024;0087;controle;;6434;6434;22/09/2026 14:40:51;04/10/2026 17:04:13;19;0;02272974;04/10/2026 17:04:08;04/10/2026 17:04:13;04/10/2026 07:39:44;4;2;1
SP;63576;0360;0106;controle;;4858;4858;28/09/2026 12:52:14;04/10/2026 17:06:47;7;0;01785978;04/10/2026 17:05:57;04/10/2026 17:06:47;04/10/2026 07:41:55;5;4;1
RS;85430;0089;0178;controle;;4413;4413;21/09/2026 12:31:23;04/10/2026 17:04:35;4;0;02434421;04/10/2026 17:04:30;04/10/2026 17:04:35;04/10/2026 07:52:20;5;2;1
SP;64777;0185;0348;controle;;6909;6909;26/09/2026 13:04:57;04/10/2026 17:08:29;13;0;01805096;04/10/2026 17:07:36;04/10/2026 17:08:29;04/10/2026 07:51:41;5;2;1
RN;16730;0045;0079;controle;;7343;7343;23/09/2026 12:44:29;04/10/2026 17:25:28;43;0;02358985;04/10/2026 17:25:23;04/10/2026 17:25:28;04/10/2026 07:47:38;7;2;2
PA;04499;0017;0007;controle;;3698;3698;27/09/2026 11:46:07;04/10/2026 17:02:42;21;0;02328766;04/10/2026 17:02:37;04/10/2026 17:02:42;04/10/2026 07:41:00;5;2;1
RS;89630;0072;0220;controle;;5050;5050;21/09/2026 14:20:56;04/10/2026 17:05:15;12;0;02002009;04/10/2026 17:05:10;04/10/2026 17:05:15;04/10/2026 07:32:08;6;2;1
PR;76910;0066;0332;controle;;6087;6087;27/09/2026 08:59:25;04/10/2026 17:03:14;15;0;02329732;04/10/2026 17:03:09;04/10/2026 17:03:14;04/10/2026 07:17:30;4;2;1
RO;00035;0002;0394;controle;;6055;6055;21/09/2026 12:46:19;04/10/2026 16:09:39;20;0;02018965;04/10/2026 16:09:34;04/10/2026 16:09:39;04/10/2026 06:39:12;5;2;1
PE;24899;0023;0046;controle;;6494;6494;25/09/2026 09:43:54;04/10/2026 17:18:53;13;0;02172268;04/10/2026 17:18:48;04/10/2026 17:18:53;04/10/2026 07:32:42;4;2;1
SP;71072;0257;0271;controle;;6420;6420;25/09/2026 15:12:43;04/10/2026 17:27:32;14;0;02054081;04/10/2026 17:27:27;04/10/2026 17:27:32;04/10/2026 07:47:28;4;2;1
PR;77313;0154;0242;controle;;5856;5856;08/09/2026 11:16:46;04/10/2026 17:05:39;3;0;02441665;04/10/2026 17:05:34;04/10/2026 17:05:39;04/10/2026 07:45:58;4;2;1
RJ;58971;0036;0032;controle;;3207;3207;24/09/2026 10:54:23;04/10/2026 17:07:45;20;0;02008324;04/10/2026 17:07:40;04/10/2026 17:07:45;04/10/2026 07:57:38;6;2;1
PR;77771;0139;0027;controle;;5090;5090;25/09/2026 09:39:28;04/10/2026 17:06:18;7;0;02076505;04/10/2026 17:06:12;04/10/2026 17:06:18;04/10/2026 07:59:13;4;2;1
MG;52213;0252;0229;controle;;4480;4480;26/09/2026 10:02:17;04/10/2026 17:04:32;32;0;02099180;04/10/2026 17:04:27;04/10/2026 17:04:32;04/10/2026 07:51:43;4;2;1
CE;13897;0095;0184;controle;;7288;7288;23/09/2026 09:39:36;04/10/2026 17:31:50;19;0;02307409;04/10/2026 17:31:45;04/10/2026 17:31:50;04/10/2026 07:47:59;4;2;1
DF;97012;0003;0395;controle;;5400;5400;24/09/2026 14:04:54;04/10/2026 17:12:07;9;0;02012709;04/10/2026 17:12:02;04/10/2026 17:12:07;04/10/2026 07:10:06;5;2;1
SP;71072;0253;0069;controle;;6363;6363;27/09/2026 10:12:20;04/10/2026 17:06:56;14;0;01816042;04/10/2026 17:06:02;04/10/2026 17:06:56;04/10/2026 07:22:53;4;2;1
MG;54275;0282;0091;controle;;5827;5827;22/09/2026 15:57:45;04/10/2026 17:08:34;12;0;01840182;04/10/2026 17:07:50;04/10/2026 17:08:34;04/10/2026 07:47:33;4;2;1
PR;78913;0132;0103;controle;;5409;5409;26/09/2026 14:31:58;04/10/2026 17:05:24;13;0;02068617;04/10/2026 17:05:19;04/10/2026 17:05:24;04/10/2026 08:06:27;4;2;1
GO;95630;0046;0019;controle;;6502;6502;26/09/2026 10:38:00;04/10/2026 17:03:59;22;0;02188930;04/10/2026 17:03:54;04/10/2026 17:03:59;04/10/2026 07:41:55;6;4;1
RN;18171;0045;0034;controle;;6911;6911;24/09/2026 09:07:37;04/10/2026 18:22:38;24;0;02356079;04/10/2026 18:22:33;04/10/2026 18:22:38;04/10/2026 07:45:30;5;2;1
PA;04278;0095;0026;controle;;6595;6595;25/09/2026 10:12:36;04/10/2026 17:12:18;5;0;02193483;04/10/2026 17:12:13;04/10/2026 17:12:18;04/10/2026 07:24:13;5;2;1
SP;63878;0107;0016;controle;;5572;5572;25/09/2026 13:28:47;04/10/2026 17:05:29;23;0;02331425;04/10/2026 17:05:24;04/10/2026 17:05:29;04/10/2026 07:24:13;4;2;1
SP;65455;0201;0465;controle;;6405;6405;27/09/2026 13:20:58;04/10/2026 17:03:53;34;0;02065267;04/10/2026 17:03:48;04/10/2026 17:03:53;04/10/2026 07:34:22;5;2;1
ES;56294;0006;0189;controle;;5305;5305;22/09/2026 10:45:36;04/10/2026 17:06:32;17;0;02346201;04/10/2026 17:06:28;04/10/2026 17:06:32;04/10/2026 08:00:25;5;2;1
PB;21750;0002;0136;controle;;7398;7398;24/09/2026 11:23:30;04/10/2026 18:21:35;13;0;01799266;04/10/2026 18:20:51;04/10/2026 18:21:35;04/10/2026 08:00:59;4;2;1
PR;75132;0049;0084;controle;;7341;7341;20/09/2026 14:58:43;04/10/2026 17:09:10;9;0;02406858;04/10/2026 17:09:04;04/10/2026 17:09:10;04/10/2026 07:27:43;4;2;1
CE;13897;0113;0348;controle;;5888;5888;21/09/2026 15:51:34;04/10/2026 17:05:40;29;0;02292748;04/10/2026 17:05:35;04/10/2026 17:05:40;04/10/2026 08:00:25;4;2;1
PE;23272;0042;0021;controle;;5328;5328;26/09/2026 09:16:47;04/10/2026 17:09:23;19;0;01814896;04/10/2026 17:08:47;04/10/2026 17:09:23;04/10/2026 07:58:30;8;2;1
RJ;60011;0024;0697;controle;;6654;6654;23/09/2026 15:12:49;04/10/2026 17:06:11;19;0;02209426;04/10/2026 17:06:06;04/10/2026 17:06:11;04/10/2026 08:00:18;5;2;1
PR;78859;0008;0441;controle;;5286;5286;22/09/2026 16:29:44;04/10/2026 17:08:01;13;0;02093870;04/10/2026 17:07:56;04/10/2026 17:08:01;04/10/2026 07:33:10;4;2;1
BA;35971;0027;0127;controle;;5696;5696;29/09/2026 11:07:56;04/10/2026 17:10:20;8;0;02169330;04/10/2026 17:10:15;04/10/2026 17:10:20;04/10/2026 07:24:19;4;2;1
RS;87050;0023;0212;controle;;6602;6602;21/09/2026 17:38:41;04/10/2026 17:02:33;22;0;02316876;04/10/2026 17:02:28;04/10/2026 17:02:33;04/10/2026 07:24:30;5;2;1
MG;41459;0044;0209;controle;;6639;6639;20/09/2026 09:28:34;04/10/2026 17:44:31;15;0;02085580;04/10/2026 17:44:26;04/10/2026 17:44:31;04/10/2026 07:56:26;4;2;1
PI;12114;0013;0228;controle;;6559;6559;29/09/2026 15:20:13;04/10/2026 18:14:01;25;1;02217724;04/10/2026 18:13:56;04/10/2026 18:14:01;04/10/2026 07:39:23;4;2;1
MA;09350;0007;0357;controle;;6339;6339;29/09/2026 09:45:05;04/10/2026 18:43:43;30;0;02287647;04/10/2026 18:43:38;04/10/2026 18:43:43;04/10/2026 07:39:47;5;2;1
MG;47872;0167;0277;controle;;6052;6052;24/09/2026 09:27:39;04/10/2026 17:21:34;26;0;02408306;04/10/2026 17:21:29;04/10/2026 17:21:34;04/10/2026 07:20:42;3;2;1
SP;71072;0376;0278;controle;;6669;6669;27/09/2026 12:55:29;04/10/2026 17:09:27;22;0;01819326;04/10/2026 17:08:34;04/10/2026 17:09:27;04/10/2026 07:26:29;4;2;1
AL;27855;0002;0299;controle;;6708;6708;23/09/2026 11:11:57;04/10/2026 17:37:51;21;0;02448938;04/10/2026 17:37:46;04/10/2026 17:37:51;04/10/2026 07:52:28;5;2;1
BA;38490;0004;0585;controle;;7948;7948;22/09/2026 11:19:29;04/10/2026 17:30:39;18;0;02425533;04/10/2026 17:30:34;04/10/2026 17:30:39;04/10/2026 07:20:36;5;2;1
PI;10758;0072;0069;controle;;4363;4363;25/09/2026 08:33:19;04/10/2026 17:07:26;8;0;02007828;04/10/2026 17:07:21;04/10/2026 17:07:26;04/10/2026 07:51:23;5;2;1
MA;07285;0066;0172;controle;;4283;4283;25/09/2026 11:33:10;04/10/2026 17:09:01;26;0;02027360;04/10/2026 17:08:56;04/10/2026 17:09:01;04/10/2026 07:20:34;4;2;1
BA;38490;0004;0203;controle;;7975;7975;22/09/2026 10:08:19;04/10/2026 18:34:02;17;0;02288868;04/10/2026 18:33:57;04/10/2026 18:34:02;04/10/2026 07:26:17;7;3;1
MG;54151;0310;0062;controle;;3609;3609;23/09/2026 11:50:39;04/10/2026 17:05:26;16;0;02266304;04/10/2026 17:05:21;04/10/2026 17:05:26;04/10/2026 07:12:49;5;2;1
SP;64777;0185;0266;controle;;6604;6604;25/09/2026 16:12:42;04/10/2026 17:06:58;20;0;02126884;04/10/2026 17:06:53;04/10/2026 17:06:58;04/10/2026 07:29:19;5;2;1
CE;14478;0028;0472;controle;;4105;4105;28/09/2026 11:32:27;04/10/2026 17:10:44;18;0;02241992;04/10/2026 17:10:39;04/10/2026 17:10:44;04/10/2026 08:00:52;4;2;1
