quadro,offset_s,hora_brt,painel,texto
f_0001.png,9600,18:59:46,0,"tvsepado |  | SENADOR |  | V |  | Minas Gerais |  | ACER TUc COR AÇA — |  | ELEIÇÃ |  | Domingos Sávio &D |  | 24,71% |  | eex |  | LA |  | C) |  | E é |  | Marília Campos ED |  | d |  | D” |  | LA À |  | e |  | 155% EM |  | Carlos Viana |  | 1737% EM > |  | Áurea Carolina |  | N |  | BN% E |  | EN |  | | ELEIÇÕES 2026 |  | Apuração ao vivo |  | 18:59 'A TRANSMISSÃO AO VIVO TAMBÉM ESTÁ NO FACEBOOK GTVCAMARADEPUTADOS GRADIOCAMARA | "
f_0002.png,9610,18:59:56,0,"tvsenado |  | — |  | SENADOR |  | / |  | Minas Gerais |  | ACCE e CCCOS AÇ — |  | ELEIÇÃ |  | Domingos Sávio ED |  | s. |  | 24,71% |  | a ) |  | Marília Campos ED |  | E |  | ,jª |  | 1955% EM > |  | t |  | c |  | Carlos Viana |  | h |  | ) |  | 173% E > |  | Áurea Carolina |  | [ |  | B1% E > |  | | ELEIÇÕES 2026 |  | . |  | Apuração ao vivo |  | 18:59 PARTICIPE: ENVIE PERGUNTAS PELO TIKTOK GTVCAMARADEPUTADOS | "
f_0003.png,9620,19:00:06,0,"tvSepado |  | Mriõems |  | ma cqundas a em |  | Comegu taa & |  | msm |  | SENADOR |  | V |  | sm em |  | mcança |  | Y |  | Minas Gerais |  | Tanx T |  | cm |  | Urnas apuradas: 44,53% EEENENNS |  | ma cantra EE |  | Ã |  | Domingos Sávio &D |  | T |  | 2471% EM m— |  | c |  | Marília Campos ED |  | l_. |  | 195% EM > |  | ELEIÇÕES |  | & |  | (A |  | Carlos Viana / ED |  | R |  | 1737% EM |  | ) |  | > |  | D |  | Áurea Carolina ED |  | LS |  | ( |  | BAX E |  | Y |  | —)b |  | = |  | ) ELEIÇÕES 2026 |  | b á |  | Apuração ao vivo |  | 19:00 (Mídias) ACOMPANHE TUDO AO VIVO NO YOUTUBE DA CÂMA"
f_0004.png,9630,19:00:16,0,"jado |  | audas eã |  | Bm ádo & |  | mo sm |  | SENADOR |  | V |  | /ss |  | Minas Gerais |  | B EE |  | aan |  | Urnas apuradas: 4453% EGEN |  | p |  | á |  | Domingos Sávio &D |  | À |  | 6 |  | ) |  | 27% EM > |  | Marília Campos ED |  | 15% EM > |  | ELEIÇÕES |  | Carlos Viana ED |  | a |  | 173% E > |  | . |  | C) |  | Ê |  | Ã |  | ” |  | Áurea Carolina ED |  | ( |  | º |  | 13,41% |  | U— |  | '* |  | e |  | Y |  | ) ELEIÇÕES 2026 |  | Apuração ao vivo |  | 19:00 MAIS INFORMAÇÕES NO PERFIL DO X GCAMARADEPUTADOS | "
f_0005.png,9640,19:00:26,0,"= |  | SENADOR |  | V |  | tvsenado |  | | |  | Minas Gerais |  | | |  | aal |  | — |  | Umas apuradas: 4453% emeuenHo — |  | AOVIVO |  | Domingos Sávio (D |  | 27% EM |  | Marília Campos ED |  | E |  | 195% EE > |  | -- |  | h |  | Carlos Viana / ED) |  | B |  | 17,37% / ME —— |  | Áurea Carolina ED |  | BA% E — |  | ) ELEIÇÕES 2026 |  | = Dass |  | F |  | . Apuração ao vivo |  | 19:00 () | "
f_0006.png,9650,19:00:36,0,"tvsenado |  | AO VIVO |  | DA |  | Ã |  | “ |  | * |  | m |  | on to |  | ; ,9 P |  | — om |  | t mage n |  | L Aão) |  | tmeaneiiooo |  | W |  | ron áuso |  | nteiças para |  | te |  | “An turtes (Resnes 169 |  | . |  | |) ELEIÇÕES 2026 |  | —— |  | — |  | | Apuração ao vivo |  | 19:00 (Ouvidoria ) SAIBA MAIS EM WWW.SENADO.LEG.BR/OUVIDORIA | "
f_0007.png,9660,19:00:46,0,tvysenado |  | EM |  | / |  | Á |  | VA |  | a |  | Fvio coKasTAZ3A (x 1380 |  | a vonoo |  | macimaçe Wu cagture (3). |  | Dectára Vióeo Caot |  | onsvrtal camera |  | E |  | iÀ |  | * - |  | * |  | | |  | f àyr |  | é” |  | : uração aó ;IÍVO |  | 19:00 QUER FALAR COM A CÂMARA? LIGUE: 0800 O 619619 OU PELO WHATSAPP (61) 3216-0000 | 
f_0008.png,9670,19:00:56,0,tvsenado |  | Xªª'ª |  | — |  | E |  | 49 RZ |  | Paório. Mirofene Cwr-+ |  | qectaam |  | —T |  | — maaa encimaçe: |  | Vo0m Miciz2m) |  | A |  | DT aa |  | SE |  | L cn -1os0 |  | fone (nester g |  | je |  | !A'L |  | ) |  | Prórto - DCCMATOR (Autio |  | te para teiao) |  | o telantea (4- |  | “Aão (uartes (Resnet 109 |  | Glecssa) Vso nte pera |  | e |  | & |  | d |  | — Apuração ao vls;éz |  | 07:00 (Informação ) MENSAGEM DUVIDOSA SOBRE O SENADO? FALE COM O WHATSAPP DO SENADO VERIFICA: 61 98190-0601 | 
f_0009.png,9680,19:01:06,0,— |  | SENADOR |  | V |  | m |  | tvsenado |  | Minas Gerais |  | ee |  | Umas apuradas: 4453% em |  | Domingos Sávio &D |  | V |  | 2A7A — |  | Marília Campos ED |  | 1955% EM > |  | Carlos Viana / ED |  | s/ |  | 1737% UE —— |  | M |  | Áurea Carolina / Esoo |  | BA% E —— |  | L. |  | o |  | Apuração ao vivo |  | 07:01 (Informação ) MENSAGEM DUVIDOSA SOBRE A CÂMARA? FALE COM O WHATSAPP DA CÂMARA COMPROVE: 61 99660-2003 | 
f_0010.png,9690,19:01:16,0,"SENADOR |  | -= |  | tvSenado |  | E= |  | Minas Gerais |  | * |  | Umas apuradas: 4453% ex — » |  | aovrvo |  | a |  | Domingos Sávio &D |  | N |  | € |  | 24,71% |  | — —— |  | Marília Campos ED |  | 195% E > |  | Carlos Viana |  | 737% EE |  | : |  | Áurea Carolina |  | 13,41% |  | [ m—— |  | — |  | E |  | . |  | — Auração ao vivo |  | Al |  | 1901 |  | EM MS, REINALDO AZAMBUJA E CAPITÃO CONTAR, AMBOS DO PL, uDEW APURAÇÃO | "
f_0011.png,9700,19:01:26,1,"— SENADOR |  | V |  | tvsenado |  | E |  | Minas Gerals |  | Urnas apuradas: 4453% em — |  | Domingos Sávio &D |  | NW |  | s |  | 277% EM > |  | U |  | Marília Campos ED |  | 19,55%46 EM > |  | Carlos Viana ED |  | DA ee) |  | Áurea Carolina Fs) |  | 1341% |  | EEc es ) |  | | |  | e m |  | -. |  | Apuração ao vivo |  | 19:01 |  | Senado ) NO DF, QUEM ESTÁ NA FRENTE É MICHELLE BOLSONARO E BIA KICIS, TAMBÉM DO PL | "
f_0012.png,9710,19:01:36,0,” |  | SENADOR |  | — |  | V |  | tvsenado |  | Minas Gerals |  | Urnas apuradas: 4153% em — » |  | .“ |  | Domingos Sávio &D |  | M |  | 27% EE > |  | UM |  | Marília Campos ED |  | 1955% EM > |  | / |  | Carlos Viana s) |  | — |  | 1737% ME=— —— |  | | |  | Áurea Carolina Fsc |  | fm | |  | * |  | BA% E |  | É |  | e sm |  | Apuração ao vivo |  | — |  | 19:01 |  | Senado ) ESPÍRITO SANTO: EVAIR DE MELO (REPUBLICANOS) E RENATO CASAGRANDE (PSB) LIDERAM | 
f_0013.png,9720,19:01:46,0,"— |  | . |  | —= |  | — SENADOR |  | V |  | m |  | tvsenado |  | “Minas Gerals |  | Umas apuradas: 4453% em — |  | "" |  | Domingos Sávio (D |  | 27% EM > |  | Marília Campos ED |  | 15% EM > |  | A |  | . |  | Carlos Viana D) |  | 1737% EE > |  | F |  | Áurea Carolina FsoD |  | 1B,41% |  | M= |  | ” ) |  | Apuração ao vivo |  | 19:01 (Senado) FILIPE BARROS (PL) E DELTAN DALLAGNOL (NOVO) ESTÃO NA FRENTE NO PARANÁ | "
f_0014.png,9730,19:01:56,0,"tvsenado |  | GOVERNADOR |  | V |  | São Paulo |  | urnas apuradas: 50,5556 GEEENENEN — > |  | Tarcísio  (Fepublicanos) |  | 6422% ENT - > |  | Fernando Haddad ED |  | 3489% EM — > |  | Vivian Mendes |  | 0,33% |  | ( |  | |) ELEIÇÕES 2026 |  | Vera Lúcia  ESTD) |  | Apuração ao vivo |  | 0,31% |  | 19:01 EDUARDO RIEDEL (PP) ESTÁ MATEMATICAMENTE ELEITO GOVERNADOR DE MATO GROSSO DO SUL | "
f_0015.png,9740,19:02:06,0,"tvsenado |  | GOVERNADOR |  | São Paulo |  | urnas apuradas: 50,55% GEEEENNN — » |  | Tarcísio  (Fepublicanos) |  | .' |  | & |  | 6422% ENENA > |  | Fernando Haddad ED |  | 3489% EM — > |  | ª W |  | ( |  | Vivian Mendes |  | 0,33% |  | | ELEIÇÕES 2026 |  | w// |  | Vera Lúcia ESTD) |  | Apuração ao vivo |  | N |  | ª » |  | 0,31% |  | 19:02 ACESSE A PÁGINA ESPECIAL: LINK.SENADO.LEG.BR/ELEICOES | "
f_0016.png,9750,19:02:16,0,"= |  | —— |  | SENADOR |  | V |  | tvsenado |  | São Paulo |  | 7 |  | Urnas apuradas: 50,55% em — » |  | Guilherme Derrite 9) |  | EÇ — |  | André do Prado ED |  | 3005% EM |  | Simone Tebet 5) |  | 1846% EM |  | O |  | Marina Silva Exdo) |  | 17:35%) ME |  | e |  | Ê |  | Apuração ao vivo |  | 19:02 | "
f_0017.png,9760,19:02:26,0,"tvsenado |  | SENADOR |  | V |  | São Paulo |  | urnas apuradas: 50,55% GEENENEN — |  | Guilherme Derrite |  | 3,4% EGM — » |  | André do Prado ED |  | 3005% EM — » |  | Simone Tebet |  | 1846% EM » |  | QA |  | L |  | E |  | |) ELEIÇÕES 2026 |  | Marina Silva |  | Apuração ao vivo |  | 1735% E > |  | 19:02  (Mídias ) CONTEÚDOS ESPECIAIS TAMBÉM ESTÃO NO KWAI E NO TIKTOK. CONFIRA EM OTVSENADO | "
f_0018.png,9770,19:02:36,0,"tvsenado |  | SENADOR |  | V |  | AovIVo |  | São Paulo |  | uUrnas apuradas: 50,55% GEEEENEN — > |  | Guilherme Derrite |  | 3,4% EGM - » |  | André do Prado ED |  | 3005% EM » |  | Simone Tebet |  | Q |  | 1846% EM » |  | ê |  | E |  | Marina Silva |  | |) ELEIÇÕES 2026 |  | Apuração ao vivo |  | 1735% E > |  | S |  | 19:02 CONFIRA MAIS INFORMAÇÕES EM GTVSENADO, NO INSTAGRAM E NO FACEBOOK | "
f_0019.png,9780,19:02:46,0,"SENADOR |  | tvsenado |  | — São Paulo |  | "" |  | ªf b Í* |  | Urnas apuradas: 50,55% |  | —— |  | Guilherme Derrite |  | 34% EM > |  | | |  | W |  | André do Prado E |  | E |  | 3005% EM » |  | N |  | Simone Tebet |  | < |  | 1846% EM |  | : 1 O |  | Marina Silva |  | 1735% ME222 |  | — — ) ELEIÇÕES 2026 |  | — |  | E |  | P |  | Apuração ao vivo |  | 18:02 (Mídias) A TRANSMISSÃO AO VIVO TAMBÉM ESTÁ NO FACEBOOK GTVCAMARADEPUTADOS GRADIOCAMARA |  | Gm em SE nc R | "
f_0020.png,9790,19:02:56,0,"— |  | SENADOR |  | V |  | tvsenado |  | São Paulo |  | Urmas apuradas: 50,55% am — — |  | Guilherme Derrite &) |  | 34% EE > |  | “&'. |  | André do Prado &D |  | 3005% EM |  | = á |  | Simone Tebet 5) |  | = |  | h |  | 1846% E > |  | a“g |  | Marina Silva (Reio) |  | & |  | 17355% U= > |  | e |  | Apuração ao vivo |  | —.ª.g ' |  | 19:02 (Mídias) PARTICIPE: ENVIE PERGUNTAS PELO TIKTOK GTVCAMARADEPUTADOS | "
f_0021.png,9800,19:03:06,0,"| |  | o |  | — SENADOR |  | tvsenado |  | São Paulo |  | | |  | | |  | . |  | Umas apuradas: s0,55% em — > |  | Guilherme Derrite ) |  | 341% E > |  | É. |  | André do Prado ED |  | 3005% EM |  | A |  | Á |  | Simone Tebet 5) |  | | |  | 1846% EM > |  | %8 |  | Marina Silva R) |  | & |  | 1735% E — |  | — ) eLEIÇÕES2026. |  | s |  | — Apuração ao vivo |  | 19:03  (Mídias) ACOMPANHE TUDO AO VIVO NO YOUTUBE DA CÂMARA GCAMARADOSDEPUTADOSOFICIAL | "
f_0022.png,9810,19:03:16,0,"—— |  | tvsenado |  | SENADOR |  | São Paulo |  | uUrnas apuradas: 50,55% GEEEENEN |  | L |  | ELEIÇ |  | Guilherme Derrite |  | 31,41% |  | eq« |  | /'lx |  | ) |  | André do Prado ED |  | — * |  | 3005% EM — > |  | Simone Tebet |  | 846% M > |  | é M |  | h |  | QA |  | Marina Silva |  | ê |  | & |  | 1735% EM |  | |) ELEIÇÕES 2026 |  | Apuração ao vivo |  | 19:03 (Mídias ) MAIS INFORMAÇÕES NO PERFIL DO X G6CAMARADEPUTADOS | "
f_0023.png,9820,19:03:26,0,"jado |  | — |  | SENADOR |  | Í |  | São Paulo |  | Urnas apuradas: 50,55% GEEEENEN |  | ELEIÇÕ) |  | Guilherme Derrite |  | 3141% EGM |  | n |  | t |  | a X |  | André do Prado ED |  | DA À |  | W |  | 3005% EM —— > |  | Simone Tebet |  | 1846% M » |  | Marina Silva |  | & |  | 1735% E > |  | |) ELEIÇÕES 2026 |  | Apuração ao vivo |  | 19:03 (Libras) CRÍTICAS E SUGESTÕES PODEM SER ENCAMINHADAS PARA A TV SENADO PELA OUVIDORIA | "
f_0024.png,9830,19:03:36,0,"tv |  | ado |  | SENADOR |  | / |  | São Paulo |  | uUrnas apuradas: 50,55% GEEEENNN > |  | E |  | ELEIÇÕ| |  | Guilherme Derrite |  | 34% EGM |  | * |  | ) |  | s |  | ,. |  | N |  | André do Prado ED |  | eA |  | L |  | W |  | & |  | 3005% EM |  | ) |  | ) |  | Simone Tebet |  | 1846% M > |  | fªªv | N |  | QA |  | Marina Silva |  | 17,35% |  | S |  | |) ELEIÇÕES 2026 |  | % S | |  | Apuração ao vivo |  | 19:03  (Ouvidoria ) QUER FALAR COM O SENADO? LIGUE: 0800 061 22 11 PARA SUGESTÕES, ELOGIOS E DENÚNCIAS | "
f_0025.png,9840,19:03:46,0,"ado |  | —n |  | SENADOR |  | V |  | São Paulo |  | Urnas apuradas: 50,555 eEEEEEENSN |  | ELEIÇÕ| |  | Guilherme Derrite &) |  | 3141% — ENE ) |  | â—- |  | ,. |  | / |  | v |  | f |  | André do Prado ED |  | 3005% EM — > |  | Simone Tebet (55) |  | W |  | 1846% EM > |  | s 4 |  | O |  | Marina Silva  edo) |  | e |  | 1735% EM |  | ) |  | |) ELEIÇÕES 2026 |  | - ? |  | Apuração ao vivo |  | 19:03  (Ouvidoria ) SAIBA MAIS EM WWW.SENADO.LEG.BR/OUVIDORIA | "
f_0026.png,9850,19:03:56,0,"É |  | — ELEIÇÕES 2 |  | "" |  | & |  | L |  | > |  | /«ç |  | Qx |  | EE |  | “' |  | /f«.] |  | |) ELEIÇÕES 2oz |  | Apuração ao vivo |  | l__ |  | 07:03 C) |  | —— |  | NE——""-n—n — |  | 7 | "
f_0027.png,9860,19:04:06,0,"— |  | — SENADOR |  | V |  | tvsenado |  | SãoPaúlo | |  | . |  | Umªs as apuradas: 50,55% ex — > |  | Guilherme Derrite 6) |  | 144% EM > |  | ÉE |  | André do Prado &D |  | 3005% EM > |  | Simone Tebet 5) |  | 18,46% |  | ( NEO) |  | á 19 |  | Marina Silva R) |  | & |  | 1735% EE |  | — ) eLEIÇÕES 2026 |  | ” |  | Apuração ao vivo |  | 07:04 |  | Informação |  | MENSAGEM DUVIDOSA SOBRE A CÂMARA? FALE COM O WHATSAPP DA CÂMARA COMPROVE: 61 99660-2003 | "
f_0028.png,9870,19:04:16,0,| |  | ? |  | AOVIVO |  | K |  | -) |  | $ |  | w |  | = . |  | — — |) ELEIÇÕES 2026 |  | Apuração ao vivo |  | — |  | 19:04 (Senado) MARCIO BITTAR (PL) E MARA ROCHA (REPUBLICANOS) LIDERAM APURAÇÃO NO ACRE | 
f_0029.png,9880,19:04:26,0,"N |  | AOVIVO |  | = |  | ) |  | mE |  | xªª*y' |  | —-«» » |  | ) |  | ma |  | — |) ELEIÇÕES 2026 |  | Apuração ao vivo |  | e |  | NET |  | EM GOIÁS, GUSTAVO GAYER (PL) E GRACINHA CAIADO (UNIÃO) ESTÃO NA FRENTE | "
f_0030.png,9890,19:04:36,0,AOVIVO |  | NW |  | N' |  | ãç A |  | — — ) ELEIÇÕES 2026 |  | KT |  | ÍAEuração ao vivo |  | n |  | ::'3»7' ) |  | 19:04 |  | — |  | MATO GROSSO: MAURO MENDES (UNIÃO) E ZÉ MEDEIROS (PL) LIDERAM APURAÇÃO | 
f_0031.png,9900,19:04:46,0,tvsepado |  | * | |  | ” ) |  | o 5 |  | h |  | |) ELEIÇÕES 2026 |  | ê: |  | Bia Kicis (PL-DF) |  | Apuração ao vivo |  | Senadora eleita |  | 19:04 (Senado) JOÃO AZEVÊDO (PSB) E VÉNEZIAN(? (MDB) ESTÃO NA FRENíTE NA PARAÍBA | 
f_0032.png,9910,19:04:56,0,"tvsenado |  | . |  | v s |  | ê |  | |) ELEIÇÕES 2026 |  | Bia Kicis (PL-DF) |  | Apuração ao vivo |  | Senadora eleita |  | á |  | 19:04 MICHELLE BOLSONARO E_B:IA KICIS, DO PL, ELEITAS SENADORAS NO D: |  | Im FEDERAL | "
f_0033.png,9920,19:05:06,0,S |  | tvsenado |  | o |  | |) ELEIÇÕES 2026 |  | Apuração ao vivo |  | H |  | ; |  | j |  | á |  | / |  | 19:05 EDUARDO RIEDEL ESTÁ ELEITO GOVERNADOR NO MATO GROSSO DO SUL |  | —— | 
f_0034.png,9930,19:05:16,0,P P= |  | tvsepado |  | 7 |  | h |  | '*..Í |  | —' |  | À |  | ” |  | | |  | ds |  | |) ELEIÇÕES 2026 |  | « |  | Apuração ao vivo |  | !I |  | T |  | 19:05 (Eleições ) ACESSE A PÁGINA ESPECIAL: IJNK.?ENADO.LEG.BR/ELEICOB | 
f_0035.png,9940,19:05:26,0,tvsenado |  | o ) |  | H |  | E |  | W.X |  | X |  | |) ELEIÇÕES 2026 |  | E |  | di |  | F. |  | Apuração ao vivo |  | ' |  | 19:05 PÁGINA ESPECIAL DA AGÊNCIA CÂMARA: CD.LEG.BR/VOTO2026 | 
f_0036.png,9950,19:05:36,0,"l |  | /xk“ |  | | ELEIÇÕES 2026 |  | Apuração ao vivo |  | 19:05 |  | E .4.',!"" | "
f_0037.png,9960,19:05:46,0,"tvsepado |  | Y |  | ês |  | |) ELEIÇÕES 2026 |  | Apuração ao vivo |  | : |  | À |  | | |  | 19:05 CONFIRA MAIS INFORMAÇÕES EM GTVSENADO, NO INSTAGRAM E NO FACEBOOK | "
f_0038.png,9970,19:05:56,0,-. |  | D |  | f = |  | h |  | às |  | |) ELEIÇÕES 2026 |  | r |  | Apuração ao vivo |  | ' |  | 19:05 A TRANSMISSÃO AO VIVO TAMBÉM ESTÁ NO FACEBOOK ê%vmyAmEEPUTADm GRADIOCAMARA | 
f_0039.png,9980,19:06:06,0,tvsenado |  | »X |  | |) ELEIÇÕES 2026 |  | ArRA |  | Apuração ao vivo |  | d |  | 19:06 PARTICIPE: ENVIE PERGUNTAS PELO TIKTOK GTVCAMARADEPUTADOS | 
f_0040.png,9990,19:06:16,0,—— |  | o |  | AOVIVO |  | /v |  | SM |  | ' |  | Tm |  | Um |  | m |  | .. |  | Ã |  | 4 |  | 9] |  | — | ELEIÇÕES 2026 |  | Apuração ao vivo |  | <-.Z |  | .l |  | 19:0% Mídias ) ACOMPANHE TUDO AO VIVO NO YOUTUBE DA CÂMARA GCAMARADOSDEPUTADOSOFICIAL | 
f_0041.png,10000,19:06:26,0,AOVIVO |  | 7 |  | Áx |  | *NX |  | A |  | n |  | -. |  | sh |  | — ) ELEIÇÕES 2026 |  | —— |  | Apuração ao vivo |  | 19:06 MAIS INFORMAÇÕES NO PERFIL DO X GCAMARADEPUTADOS | 
f_0042.png,10010,19:06:36,0,"jado |  | »* |  | AOVIVO |  | "" |  | E |  | N. |  | Xã |  | FT |  | eeA |  | | |  | E |  | R |  | E |  | : |  | L) |  | “ |  | -= : |  | — ) ELEIÇÕES 2026 |  | Apuração ao vivo |  | 19:06 CRÍTICAS E SUGESTÕES PODEM SER ENCAMINHADAS PARA A TV SENADO PELA OUVIDORIA | "
f_0043.png,10020,19:06:46,0,"tvsenado |  | —— |  | SENADOR |  | — |  | — |  | — |  | — São Paulo | |  | = |  | | |  | Urmas apuradas: 50,55% |  | —-n""E— , |  | E |  | Guilherme Derrite |  | 344% EM > |  | 7 |  | André do Prado ED |  | 3005% EM > |  | m— |  | Simone Tebet |  | 1846% E > |  | R ) |  | Marina Silva |  | 1735% UE |  | Am |  | ) |  | — ) ELEIÇÕES 2026 |  | = |  | -= |  | Apuração ao vivo |  | _'““] |  | 19:06 QUER FALAR COM O SENADO? LIGUE: 0800 061 22 11 PARA SUGESTÕES, ELOGIOS E DENÚNCIAS | "
f_0044.png,10030,19:06:56,1,tvsenado |  | SENADOR |  | Í |  | Distrito Federal |  | urnas apuradas: 9768% - EE |  | Michelle Bolsonaro FD |  | 2899% EM — |  | S |  | Bia Kicis ED |  | 3 |  | [” |  | 240% EM » |  | Leila do Vôlei |  | 2120% EM > |  | NX |  | |) ELEIÇÕES 2026 |  | y |  | Erika Kokay ED |  | Apuração ao vivo |  | & |  | 1896% EM |  | 19:06 (Ouvidoria ) SAIBA MAIS EM WWW.SENADO.LEG.BR/OUVIDORIA | 
f_0045.png,10040,19:07:06,0,tvsenado |  | E |  | Urmas apuradas: 9785% EE |  | Celina Leão &) |  | m |  | Ú |  | 498% C |  | ª |  | Leandro Grass ED |  | 3455% C - |  | R |  | Paula Belmonte |  | ET 5 S — |  | B |  | Kiko Caputo () |  | 440% E= |  | i |  | R |  | Apuração ao vivo |  | o |  | -ciºdg |  | 19:07 (Ouvidoria) QUER FALAR COM A CÂMARA? LIGUE: 0800 O 619619 OU PELO WHATSAPP (61) 3216-0000 | 
f_0046.png,10050,19:07:16,0,tvsenado |  | GOVERNADOR |  | Í |  | Distrito Federal |  | urnas apuradas: 978556 EE |  | Celina Leão |  | 4984% COMHENE — |  | Leandro Grass ED |  | íª» |  | 3455% EE - |  | = |  | Paula Belmonte |  | 850% q > |  | & |  | & |  | |) ELEIÇÕES 2026 |  | Kiko Caputo |  | Apuração ao vivo |  | = |  | 440% ( b |  | E REE FPERFE SAA EE ESERRAE SA p AESESLIE RE ES EN NSS RAUERDHEL DAA | 
f_0047.png,10060,19:07:26,0,"tvsenado |  | GOVERNADOR |  | — |  | Distrito Federal | |  | aovIo 5 |  | Umas apuradas: 9785% - ex |  | Celina Leão &) |  | 4984% EE — > |  | Leandro Grass ED |  | 3455546 EE —— > |  | = E |  | Paula Belmonte (Escs) |  | 8,50% |  | EE=2==) |  | G |  | Y |  | Kiko Caputo (towo) |  | 440% E —— |  |  EL |  | . |  | «—à' |  | Apuração ao vivo |  | 19:07 (Senado) MARCIO BITTAR (PL) E MARA ROCHA (REPUBLICANOS) LIDERAM APURAÇÃO NO ACRE | "
f_0048.png,10070,19:07:36,0,"tvsen. |  | AO VIVO |  | A "" |  | ELEIÇÕES 2 |  | S |  | - e |  | N |  | W |  | | |  | N HY— |  | XXN |  | U |  | DS |  | — |  | E |  | 2— |  | —mA |  | ME 1 |  | i |  | — |  | — |  | mo s |  | E |  | Ax êx |  | __ |  | | ELEIÇÕES 2026 |  | Apuração ao vivo |  | = |  | l_ll |  | 19:07  (Senado EM GOIÁS GUSI'AVO GAYER (PL) E GRACINHA CAIADO (UNIÃO) EI'ÃO NA FRENTE |  | —— | "
f_0049.png,10080,19:07:46,0,"tvsenad |  | m |  | "" |  | 7M |  | —— |  | úm |  | W |  | —— |  | À |  | a |  | 20 |  | Z |  | —— |  | Rafael Silvei |  | Apuração ao vivo |  | (o) |  | — |  | —— |  | 19:07 |  | MATO GROSSO: URO MENDES (UNIÃO) E ZÉ MEDEIROS (PL) LIDERAM P |  | URAÇÃO | "
f_0050.png,10090,19:07:56,0,"ado |  | À |  | —— |  | GOVERNADOR |  | / |  | Distrito Federal |  | = |  | Urnas apuradas: 97,85% - GRENNNNNNNNNNNNNNNND |  | Celina Leão |  | e |  | C |  | ) |  | V |  | 4984% GEM — » |  | / |  | R |  | Leandro Grass ED |  | 3455% EE |  | | |  | Paula Belmonte |  | 850% E |  | —— |  | ['G] |  | Kiko Caputo |  | L) |  | 440% ( >) |  | ?a |  | |) ELEIÇÕES 2026 |  | Apuração ao vivo |  | 19:07  (Senado) JOÃO AZEVÊDO (PSB) E VENEZIANO (MDB) ESTÃO NA FRENTE NA PARAÍBA | "
f_0051.png,10100,19:08:06,1,"tvsenado |  | —— |  | —= |  | GOVERNADOR |  | — |  | V |  | Dlstrlto Federal |  | Urnas apuradas: 97,85% _> |  | Celina Leão &) |  | 4984% EE — > |  | Leandro Grass ED |  | 3455% EE > |  | o |  | e |  | Paula Belmonte (sos) |  | 8,50% |  | EE ) |  | e |  | Kiko Caputo  (too) |  | 440% / CO —— |  | ” |  | ' |  | ; EL |  | .. |  | ee |  | - |  | “m |  | Apuração ao vivo x |  | 19:08 (Eleitos) MICHELLE BOLSONARO E BIA KICIS, DO PL, ELEITAS SENADORAS NO DISTRITO FEDERAL | "
f_0052.png,10110,19:08:16,1,"tvsenado |  | = |  | PRESIDENTE |  | Í |  | |L |  | Brasil |  | aovIVo |  | Urnas apuradas: 47260% empenHo — |  | S |  | E |  | Flávio Bolsonaro &D |  | 7) |  | S |  | 5020% ENEN > |  | Ê |  | Lula ED |  | "" |  | 4165% E > |  | | |  | Augusto Cury - Garto) |  | B= |  | l' |  | 296% ECs2222) |  | D |  | |) |  | Ronaldo Caiado |  | [2/389)6 EE D |  | ex |  | ' |  | o |  | - |  | - .Afpuração aovivo m |  | Pa |  | V 19:08 EDUARDO RIEDEL ESTÁ ELEITO GOVERNADOR NO MATO GROSSO DO SUL | "
f_0053.png,10120,19:08:26,1,Íx |  | tvsenado |  | s |  | — |  | —  PRESIDENTE |  | - |  | V |  | V |  | | |  | Brasil |  | /AOVIVO — |  | Urnas apuradas: 47260% em — » |  | Flávio Bolsonaro ED |  | | |  | 5020% EGNA > |  | || |  | Lula ED |  | 4163% EN » |  | Augusto Cury Garo) |  | 296% CL —— |  | Ronaldo Caiado |  | | |  | 238%” EE |  | Hn |  | ' |  | - |  | Apuração ao vivo |  | â— |  | 19:08 (Eleições ) ACESSE A PÁGINA ESPECIAL: LINK.SENADO.LEG.BR/ELEICOES | 
f_0054.png,10130,19:08:36,1,"tvsenado |  | = |  | = |  | PRESIDENTE |  | V |  | Brasil |  | ) |  | , |  | Urmas apuradas: 4726x emeenm — — |  | Flávio Bolsonaro ED |  | N |  | 50,20% EEA — > |  | N |  | É. |  | Lula ED |  | 41,63% N » |  | Augusto Cury Garo) |  | 2,96% — EE —— |  | ES |  | Ronaldo Calado 6) |  | PEXTV A —— |  | .) |  | . |  | ” |  | la |  | m |  | Apuração ao vivo |  | 19:08 (Eleições) PÁGINA ESPECIAL DA AGÊNCIA CÂMARA: CD.LEG.BR/VOTO2026 | "
f_0055.png,10140,19:08:46,1,"tvwsenado |  | PRESIDENTE |  | V |  | LK |  | Brasil |  | Urmas apuradas: 4726% eem — |  | E |  | = |  | Flávio Bolsonaro ED |  | Em |  | 50,20% REAA > |  | LTERICO) |  | 4163% EN > |  | Augusto Cury (saro) |  | — |  | a 16 |  | 2;:96%) CEppamp ) |  | Ronaldo Caiado |  | 2,38% |  | Tc |  | , ELEI |  | - |  | F*m |  | Apuração ao vivo ; |  | rasl |  | 19:08 ACOMPANHE A TRANSMISSÃO ESPECIAL EM YOUTUBE.COM/TVSENADO | "
f_0056.png,10150,19:08:56,0,ELEIÇÕES ? |  | 3 |  | o |  | 2) = |  | E |  | EW —— |  | W |  | VT |  | MEA — —— |  | Apuraçã: |  | 08 (Mídias) |  | NEAm |  | —— |  | N | 
f_0057.png,10160,19:09:06,1,"tvsenado |  | PRESIDENTE |  | V |  | Brasil |  | urnas apuradas: 4726% GEEEENNN |  | Flávio Bolsonaro / ED |  | 50,20% ENAA — > |  | Lula ED |  | 4163% M » |  | Eh |  | h |  | Augusto Cury (Esmo) |  | e |  | 296% C - o |  | Ronaldo Caiado |  | U |  | 2386 C - |  | |) ELEIÇÕES 2026 |  | & |  | Apuração ao vivo |  | 19:09 'A TRANSMISSÃO AO VIVO TAMBÉM ESTÁ NO FACEBOOK GTVCAMARADEPUTADOS GRADIOCAMARA | "
f_0058.png,10170,19:09:16,1,"tvsepado |  | PRESIDENTE |  | V |  | Brasil |  | urnas apuradas: 4726% GEENENN |  | Flávio Bolsonaro / ED |  | 50,20% EEA — > |  | [ETENNCO) |  | 4116% M » |  | Am |  | P |  | Augusto Cury (Esmo) |  | — |  | 296% C — |  | Ronaldo Caiado |  | 2386 C . |  | |) ELEIÇÕES 2026 |  | Apuração ao vivo |  | | |  | 19:09 PARTICIPE: ENVIE PERGUNTAS PELO TIKTOK GTVCAMARADEPUTADOS | "
f_0059.png,10180,19:09:26,1,"tvsenado |  | = |  | PRESIDENTE |  | Í |  | Brasil |  | umas apuradas: 47260x een » |  | Flávio Bolsonaro ED |  | NU |  | 50,20% GEAA — > |  | n |  | ' |  | &. |  | Lula ED |  | 463% E » |  | 7 |  | Augusto Cury Gamo |  | 2,96% — CL —— |  | Ronaldo Caiado 6) |  | 121389% RR (CERIE o |  | 6 |  | ) |  | ” |  | Apuração ao vivo |  | E |  | 19:09 (Mídias) ACOMPANHE TUDO AO VIVO NO YOUTUBE DA CÂMARA GCAMARADOSDEPUTADOSOFICIAL | "
f_0060.png,10190,19:09:36,0,"tvsenado |  | V |  | GOVERNADOR |  | V |  | Bahia |  | urnas apuradas: 4177% GEEEEN |  | Jerônimo Rodrigues FD |  | T, |  | 53,07/% NNE —— > |  | ACM Neto |  | 46,32% NA > |  | Ronaldo Mansur |  | 0,43% |  | Aroldo Felix |  | |) ELEIÇÕES 2026 |  | Apuração ao vivo |  | 0,08% |  | 19:09 MAIS INFORMAÇÕES NO PERFIL DO X GCAMARADEPUTADOS | "
f_0061.png,10200,19:09:46,0,"tvsenado |  | GOVERNADOR |  | Í |  | Bahia |  | urnas apuradas: 4177% GEEENENM |  | Jerônimo Rodrigues FD |  | fª, | |  | 53,07/% GN —— > |  | ACM Neto |  | &) |  | 46,32â6 N - > |  | Ronaldo Mansur |  | ( |  | ª , |  | 0,43% |  | & |  | |) ELEIÇÕES 2026 |  | Aroldo Felix |  | E |  | y |  | Apuração ao vivo |  | 0,08% |  | 19:09 (Libras) CRÍTICAS E SUGESTÕES PODEM SER ENCAMINHADAS PARA A TV SENADO PELA OUVIDORIA | "
f_0062.png,10210,19:09:56,0,"tvsenado |  | SENADOR |  | V |  | Bahia |  | urnas apuradas: 39,8595% GEEENEN — |  | Rui Costa / ED |  | 28690% EM — |  | Q |  | Jaques Wagner ED |  | 264% EM |  | João Roma ED |  | 20,95% EM |  | |) ELEIÇÕES 2026 |  | Angelo Coronel (Republicanos) |  | Apuração ao vivo |  | ) |  | 2087% EM » |  | 19:09  (Ouvidoria ) QUER FALAR COM O SENADO? LIGUE: 0800 061 22 11 PARA SUGESTÕES, ELOGIOS E DENÚNCIAS | "
f_0063.png,10220,19:10:06,0,"tvsenado |  | SENADOR |  | / |  | Bahia |  | urnas apuradas: 39,89% ENEN |  | Rui Costa / ED |  | 28690% EM — — |  | QA |  | Jaques Wagner (ED |  | 264A% EM — » |  | ) |  | João Roma ED |  | 20,95%% EM > |  | i |  | & |  | tE |  | |) ELEIÇÕES 2026 |  | Angelo Coronel (Republicanos) |  | q |  | 3 |  | 20,87% EM ) |  | Apuração ao vivo k/ |  | 19:10 |  | Ouvidoria ) SAIBA MAIS EM WWW.SENADO.LEG.BR/OUVIDORIA | "
f_0064.png,10230,19:10:16,0,tvsenado |  | M |  | CÂMARA DOS DEPUTADOS = . |  | Bahia |  | — |  | 1) |  | aovrvo |  | Urnas apuradas: 41186 Coo |  | » |  | E |  | ll-l_ |  | L |  | íco) |  | S |  | À |  | () |  | —— |  | -Jl |  | Ruh —— &S EE |  | | |  | 65.842 |  | || |  | W. |  | o |  | ?— |  | Al |  | puração ao vivo |  | . |  | — 2 |  | 19:10 (Ouvidoria) QUER FALAR COM A CÂMARA? LIGUE: 0800 O 619619 OU PELO WHATSAPP (61) 3216-0000 | 
f_0065.png,10240,19:10:26,0,tvsenado |  | CÂMARA DOS DEPUTADOS . |  | AovIVo |  | Bahia |  | ] |  | urnas apuradas: 4118% COO D |  | | Pastor Sgto. Isidório * —— Gm [BA |  | 110.081 |  | “Netocadeto —— ——c e EXESS |  | Dr.a R. |  | : |  | Lucas |  | -= & |  | om = Mpmr |  | » |  | |) ELEIÇÕES 2026 |  | 07:10  (Informação ) MENSAGEM DUVIDOSA SOBRE O SENADO? FALE COM O WHATSAPP DO SENADO VERIFICA: 61 98190-0601 | 
f_0066.png,10250,19:10:36,0,"tvsenado |  | o |  | = |  | GOVERNADOR |  | Pernambuco |  | urnas apuradas: 5060% GEEEENNEN — |  | PA |  | Raquel Lyra |  | 53,3% c > |  | t) |  | João Campos |  | 4453% EEA > |  | Ivan Moraes |  | & |  | 188% C )> |  | Renan |  | |) ELEIÇÕES 2026 |  | 0,36% |  | —— |  | 19:10 | "
f_0067.png,10260,19:10:46,0,"tvsenado |  | GOVERNADOR |  | Í |  | Pernambuco |  | urnas apuradas: 5060% GEEENENENS — > |  | Raquel Lyra |  | 53,3% c » |  | r/ª |  | João Campos |  | S |  | 4453% EEA |  | Ivan Moraes |  | 1,88% |  | ( |  | Renan |  | bÉ# |  | N |  | |) ELEIÇÕES 2026 |  | g, |  | 0,36% |  | 19:10 (Senado) EM GOIÁS, GU;A;O GAYER (PL) E GRACINHA CAIADO (UNIÃO) ESTÃO NA FRENTE | "
f_0068.png,10270,19:10:56,0,"tvsenado |  | V |  | la |  | » |  | Urnas apuradas: 4807% EE — — |  | Humberto Costa ED |  | EN |  | 2667% EM > |  | ÉQ |  | Marília Arraes ED |  | = |  | 2486% ET > |  | Mendonça Filho / ED |  | - |  | 1E |  | 19,30% E — |  | Eduardo da Fonte ) |  | FY |  | 013,22% /1 EE |  | ) |  | .-. |  | — |  | e |  | 19:10 |  | Senado ) MATO GROSSO: MAURO MENDES (UNIÃO) E ZÉ MEDEIROS (PL) LIDERAM APURAÇÃO | "
f_0069.png,10280,19:11:06,0,"tvsenado |  | SENADOR |  | V |  | Pernambuco |  | urnas apuradas: 48607% GEEENNNN — |  | Humberto Costa / ED |  | 2667% EM — |  | 2 |  | Marfília Arraes |  | ªX |  | 248/% EM » |  | Mendonça Filho / & |  | € |  | 19,30% EM » |  | & |  | Eduardo da Fonte |  | = |  | 1322% E NM |  | — |  | 19:1 |  | Senado ) JOÃO AZEVÊDO (PSB) E VENEZIANO (MDB) ESTÃO NA FRENTE NA PARAÍBA | "
f_0070.png,10290,19:11:16,1,"tvsenado |  | SENADOR |  | Í |  | AovIVO |  | Pernambuco |  | urnas apuradas: 4807% GEN — > |  | Humberto Costa / ED |  | 2667% EM — |  | Marília Arraes |  | 248/% EM — » |  | Mendonça Filho / ED |  | 19,30% EM |  | j |  | » |  | Eduardo da Fonte |  | tÊE |  | |) ELEIÇÕES 2026 |  | 32% EE |  | 191 MICHELLE BOLSONARO E BIA KICIS, DO PL, ELEITAS SENADORAS NO DISTRITO FEDERAL | "
f_0071.png,10300,19:11:26,0,"tvsenado |  | CÂMARA DOS DEPUTADOS . |  | Pernambuco |  | aovvo |  | Urnas apuradas: 49,34% ª |  | » |  | 138.296 |  | T |  | 7 |  | () |  | 89.533 |  | V |  | Juliana De Chaparral |  | (0) |  | K |  | 74M |  | ' |  | F |  | Silvio |  | Filho |  | 2TA% |  | ” |  | m— | |  | PE |  | —— |  | 19:11  (Eleitos) EDUARDO RIEDEL ESTÁ ELEITO GOVERNADOR NO MATO GROSSO DO SUL | "
f_0072.png,10310,19:11:36,0,"tvsenado |  | CÂMARA DOS DEPUTADOS . |  | Pernambuco |  | | |  | urnas apuradas: 49,34% LD |  | JonesMancel === & [E7565%] |  | 138.296 : |  | Andersonfereiraá — & EXA |  | Juliana De |  | o |  | trra| |  | — |  | - GlisonMachado —— Emo [E50] |  | lo |  | “Rosaamoim —— O ES |  | - |  | |) ELEIÇÕES 2026 |  | osta 'íU"";,A |  | 19:1 |  | Eleições ) ACESSE A PÁGINA ESPECIAL: LINK.SENADO.LEG.BR/ELEICOES | "
f_0073.png,10320,19:11:46,0,"tvsenado |  | GOVERNADOR |  | V |  | Maranhão |  | Urnas apuradas: 5202% EEENENS — » |  | Eduardo Braide |  | 55,2/% DN » |  | Orleans Brandão |  | 3364% EM — » |  | Felipe Camarão FD |  | 9231% E€q€ > |  | 8 |  | Roberto Rocha |  | ( |  | |) ELEIÇÕES 2026 |  | 1,39% |  | 191 PÁGINA ESPECIAL DA AGÊNCIA CÂMARA: CD.LEG.BR/VOTO2026 | "
f_0074.png,10330,19:11:56,0,"tvsenado |  | GOVERNADOR |  | Í |  | Maranhão |  | urnas apuradas: 5202% GEENENNEN — > |  | Eduardo Braide |  | 55,27/% MNE > |  | Orleans Brandão |  | 3364% EE — > |  | Felipe Camarão ED |  | 931% EGE > |  | & |  | Roberto Rocha |  | te |  | ( |  | |) ELEIÇÕES 2026 |  | X |  | — |  | 1,39% |  | ( |  | 191 ACOMPANHE A TRANSMISSÃO ESPECIAL EM YOUTUBE.COM/TVSENADO | "
f_0075.png,10340,19:12:06,0,""" |  | tvysenado |  | : |  | -= |  | — GOVERNADOR |  | = |  | V |  | Maranhão |  | ES |  | Urnas apuradas: 52,02% _= |  | Eduardo Braide 65 |  | 527% EE — > |  | Orleans Brandão (vos) |  | 3364% EE — » |  | S |  | Felipe Camarão ED |  | 93% — E |  | D) |  | Roberto Rocha  ErFTE) |  | o |  | 1139% TE —— |  | : |  | J |  | cn |  | — |  | DS |  | 19:12 (Mídias) CONTEÚDOS ESPECIAIS TAMBÉM ESTÃO NO KWAI E NO TIKTOK. CONFIRA EM GTVSENADO | "
f_0076.png,10350,19:12:16,0,"tvsenado |  | — SENADOR |  | — |  | — |  | Í |  | | |  | Maranhão |  | W |  | EmA |  | Urnas apuradas: 56,40% |  | —— |  | Fufuca & |  | 2,6% EM > |  | Lahesio Bonfim |  | 21,41% |  | ( —— |  | S |  | Roseana Sarney |  | D |  | 15865% E > |  | a'—ª |  | Weverton Rocha |  | 1436% E > |  | aA |  | aA |  | -. |  | — |  | LD s o DT o mee |  | — aaa aa ME S e ee trte |  | ME aa o eem ence 16 5o |  | 19:12 | "
f_0077.png,10360,19:12:26,0,"lado |  | tapurndas 1M — |  | nex e |  | SENADOR |  | taa torto 5 |  | nmx |  | Maranhão |  | N |  | Urnas apuradas: 56,40% exeNhHENHãE |  | Tm |  | ” |  | ” |  | san taa & |  | s. |  | í |  | Fufuca E |  | N |  | — |  | €) |  | “ |  | / |  | 2165% EM — |  | Lahesio Bonfim G&xo) |  | ELEIÇÕE: |  | & |  | 21,41% |  | - 2) |  | Roseana Sarney |  | 185% EE |  | ) |  | Weverton Rocha |  | LA À |  | (Á |  | m > |  | ) |  | 14,36% EE ) |  | |) ELEIÇÕES 2026 |  | 19:12 |  | Mídias ) PARTICIPE: ENVIE PERGUNTAS PELO TIKTOK GTVCAMARADEPUTADOS | "
f_0078.png,10370,19:12:36,0,"tvsepado |  | . |  | & |  | tmas aguendas: u0m em |  | n o |  | Fsx em |  | SENADOR |  | EXc |  | tsa onta & |  | Maranhão |  | Bomsana aa 1 |  | d |  | Urnas apuradas: 56,40% GEENENENS |  | VE |  | Fufuca E |  | 2165% EM |  | E |  | Lahesio Bonfim &s) |  | ELEIÇÕES| |  | QªN |  | 24% EM > |  | Roseana Sarney (05) |  | 185% E > |  | 6) |  | Weverton Rocha ED |  | LA |  | ” . |  | 1436% EE D |  | |) ELEIÇÕES 2026 |  | 19:12º (Mídias) ACOMPANHE TUDO AO VIVO NO YOUTUBE DA CÂMARA GCAMARADOSDEPUTADOSOFICIAL | "
f_0079.png,10380,19:12:46,0,E |  | — |  | &É |  | M |  | E |  | EE |  | S |  | 19: |  | AIS INR NO PERFIL X QQMARADPUTADOS | 
f_0080.png,10390,19:12:56,0,ÃS |  | %) |  | N |  | W |  | Y |  | W |  | W |  | Alm |  | ELE) |  | = |  | 1 |  | 9:12 CRÍTICAS E SUGESTÕES PODEM SER ENCAMINHADAS P ATVSE |  | NAD PELA OUVIDORIA | 
f_0081.png,10400,19:13:06,0,"_*X |  | [S |  | — |  | P |  | /A |  | 19;13 QUER FALAR COM O SENADO? LIGUE: 0800 061 22 11 PARA SUGESTÕES, ELOGIOS E DENÚNCIAS | "
f_0082.png,10410,19:13:16,0,"tvsenado |  | À |  | —— |  | GOVERNADOR |  | V |  | Ceará |  | | |  | Urnas apuradas: 45,61 / GEN |  | Elmano De Freitas ED |  | — |  | Q |  | 5154% CONEN - > |  | Ciro Gomes |  | & |  | 4780% EE — — » |  | Delegado Huggo |  | S |  | — |  | rQW |  | 0,34% |  | C |  | Pedro Brito |  | —— |  | a |  | 0,13% |  | ( |  | |) ELEIÇÕES 2026 |  | 19:13 |  | (Ouvidoria ) SAIBA MAIS EM WWW.SENADO.LEG.BR/OUVIDORIA | "
f_0083.png,10420,19:13:26,0,"tvsenado |  | GOVERNADOR |  | | |  | | |  | 7 |  | Em "". |  | Urnas apuradas: 4561 EN — |  | Elmano De Freitas ED |  | W |  | h |  | “ª»'(v |  | 5154% EE — > |  | Ciro Gomes (sos) |  | 4/80% EM — > |  | 20 |  | Delegado Huggo (usio) |  | 0,34% — L — |  | « & |  | Pedro Brito (&oo) |  | 1E |  | (VEXÍ MN —— |  | —— |  | 19:13  (Ouvidoria) QUER FALAR COM A CÂMARA? LIGUE: 0800 O 619619 OU PELO WHATSAPP (61) 3216-0000 | "
f_0084.png,10430,19:13:36,0,"tvsenado |  | GOVERNADOR |  | Í |  | Ceará |  | urnas apuradas: 456% GEEEENN — |  | Elmano De Freitas ED |  | 51,54% 0NA — > |  | Ciro Gomes |  | > |  | 4780% EEA — > |  | Delegado Huggo |  | 0,34% |  | ú |  | Pedro Brito |  | p |  | ( |  | ) ELEIÇÕES 2026 * e W |  | — |  | 0,13% |  | 07:13  (Informação ) MENSAGEM DUVIDOSA SOBRE O SENADO? FALE COM O WHATSAPP DO SENADO VERIFICA: 61 98190-0601 | "
f_0085.png,10440,19:13:46,0,tvsSenado |  | — |  | GOVERNADOR |  | E |  | Ceará |  | E |  | Am |  | Urnas apuradas: 4561% ex — — |  | = |  | Elmano De Freitas ED |  | ô&e* |  | 5154% EN — > |  | Ciro Gomes |  | 4/80% EE — > |  | | |  | Delegado Huggo |  | S |  | 0134% g CmE=[——— |  | .. |  | Pedro Brito |  | 03% EE —— |  | S |  | 07:13 |  | Informação |  | MENSAGEM DUVIDOSA SOBRE A CÂMARA? FALE COM O WHATSAPP DA CÂMARA COMPROVE: 61 99660-2003 | 
f_0086.png,10450,19:13:56,0,e < |  | tvsenado |  | ]_ |  | — |  | Umas apuradas: 46% ex —— |  | cn |  | | |  | 5 |  | SS |  | “Elmano De Freitas & |  | 5154% EN — > |  | Cro Gomes ED |  | 4780% GEEER —— |  | * |  | ÍÍ |  | ) |  | Xx()ºw* |  | e |  | peotto E —— |  | L |  | 5) |  | -. |  | L À |  | ) ELEIÇÕES 2026 |  | ecA 2 |  | 19:13 |  | — | 
f_0087.png,10460,19:14:06,0,"&'— |  | tvsenado |  | e | |  | | |  | | |  | E MMmas apuradas ox em — |  | “Elmano De Fretas & |  | — |  | SG |  | o Gomes ED |  | 4780% EEEEEC — |  | VEA |  | PT |  | pespéo tc E |  | o% |  | E |  | o% |  | > |  | É) |  | ma é |  | -,- |  | = |  | x |  | == |  | |) ELEIÇÕES 2026 |  | 19:14 MATO GROSSO: MAURO MENDES (UNIÃO) E ZÉ MEDEIROS (PL) LIDERAM APURAÇÃO | "
f_0088.png,10470,19:14:16,0,AOVIVO |  | ÁR |  | sÃ |  | A |  | xl |  | PS |  | 14 |  | ôã |  | 3 |  | 4 |  | 1m |  | 19: |  | JOÃO AZEVÊDO (PSB) ELEITO SENADOR NA PARAÍBA; VENEZIANO (MDB) EM SEGUNDO NA APURAÇAD | 
f_0089.png,10480,19:14:26,1,"— |  | tvsenado |  | AO VIVO |  | À |  | Apuradas: 056m em |  | — |  | Emmano De Freitas O& |  | ) |  | = |  | o Gomes ED |  | a70% EEEEE — |  | .. |  | Deiegado u EP —— |  | ME |  | = |  | E3A% |  | * |  | & |  | pesoBto E — |  | === |  | o |  | » 3 |  | o |  | RA |  | ) ELEIÇÕES 2026 | |  | m |  | Apuração ao vivo |  | D |  | 19:14 MICHELLE BOLSONARO E BIA KICIS, DO PL, ELEITAS SENADORAS NO DISTRITO FEDERAL |  | — | "
f_0090.png,10490,19:14:36,0,"tvsenado |  | — |  | . |  | GOVERNADOR |  | — |  | V |  | Ce: |  | — |  | umas apuradas: 4561% em — > |  | EbnszeHduí(PD |  | 5,54% EE — > |  | Ciro Gomes |  | 4/80% EM » |  | V |  | ç' |  | Delegado Huggo  (usão) |  | 0,34%  Co —— |  | Pedro Brito |  | 0139% EE |  | m) |  | — |  | R |  | e. |  | Apuração ao vivo |  | "" |  | 19:14 REINALDO AZAMBUJA E CAPITÃO CONTAR, AMBOS DO PL, ELEITOS NO MATO GROSSO DO SUL | "
f_0091.png,10500,19:14:46,0,"tvsenado |  | GOVERNADOR |  | Í |  | Santa Catarina |  | urnas apuradas: 74,62% eENNENENTEES > |  | > |  | — |  | Jorginho Mello &) |  | /*ªj |  | 6796% q > |  | Gelson Merísio |  | 1603% EM > |  | º W |  | João Rodrigues |  | 1396% E > |  | E |  | € |  | |) ELEIÇÕES 2026 |  | Marcelo Brigadeiro |  | d |  | É |  | Apuração ao vivo |  | 1,09% |  | 19:14 NO PARANÁ, FILIPE BARROS (PL) E DELTAN DALLAGNOL (NOVO) ELEITOS SENADORES | "
f_0092.png,10510,19:14:56,0,"tvsenado |  | GOVERNADOR |  | V |  | Santa Catarina |  | urnas apuradas: 74,62% eNEENENTSS > |  | — |  | Jorginho Mello &D |  | s |  | 6796% ENE > |  | Gelson Merísio |  | 1603% EM > |  | () |  | João Rodrigues |  | 1396% E |  | E |  | |) ELEIÇÕES 2026 |  | Marcelo Brigadeiro |  | ( |  | Apuração ao vivo |  | E |  | 1,09% |  | 19:14 ACESSE A PÁGINA ESPECIAL: LINK.SENADO.LEG.BR/ELEICOES | "
f_0093.png,10520,19:15:06,1,tvsenado |  | Urmas apuradas: 7624% een » |  | E |  | Carol De Toni & |  | TNA |  | ) |  | 334% EM > |  | | |  | Carlos Bolsonaro ED |  | NÃo) |  | 249% E > |  | Esperidião Amin |  | 15135% D) Campp—) |  | f |  | Décio Lima ED |  | NOMO%A E= |  | e |  | — Apuraçãoaovivo x |  | _.&º&-— |  | 19:15 PÁGINA ESPECIAL DA AGÊNCIA CÂMARA: CD.LEG.BR/VOTO2026 | 
f_0094.png,10530,19:15:16,1,"tvsenado |  | SENADOR |  | Í |  | Santa Catarina |  | urnas apuradas: 78,24% GEN > |  | Carol De Toni ED |  | 333A% EE — » |  | O |  | Carlos Bolsonaro &D |  | &) |  | 249% EM |  | Esperidião Amin |  | ) |  | 15,355%6 E )> |  | P |  | Décio Lima ED |  | É |  | |) ELEIÇÕES 2026 |  | Apuração ao vivo |  | 10,40% E > |  | & |  | 19:15 ACOMPANHE A TRANSMISSÃO ESPECIAL EM YOUTUBE.COM/TVSENADO | "
f_0095.png,10540,19:15:26,1,"tvsenado |  | A |  | — |  | — |  | SENADOR |  | Santa Catarina |  | | |  | - |  | Urnas apuradas: 76,24% ex > |  | c — |  | Carol De Toni &D |  | ?ª. |  | 3334% E — > |  | W |  | N |  | Carlos Bolsonaro ED |  | 249% EM |  | > |  | Esperidião Amin &) |  | 135% E > |  | Décio Lima ED |  | 10,40% CT |  | = |  | — l ELEIÇÕES 2026 |  | s |  | o |  | - Apuração ao vivo |  | - |  | 19:15 (Mídias) CONTEÚDOS ESPECIAIS TAMBÉM ESTÃO NO KWAI E NO TIKTOK. CONFIRA EM GTVSENADO | "
f_0096.png,10550,19:15:36,1,"— |  | tvsenado |  | CÂMARA DOS DEPUTADOS . |  | Santa ( Catarlna |  | AO VIVO |  | Urnas apuradas: 76,57% ª |  | ) |  | RiA |  | 421258 |  | 475% |  | MPrtPedauaa 6) EEA |  | o |  | 10% |  | 100.241 |  | h |  | Lima |  | á |  | = |  | [FairBolsonaro — o EE |  | A) |  | Reinehr |  | (G) |  | (GD) |  | 2,61% |  | w . |  | — |) ELEIÇÕES 2026 |  | Apuração ao vivo |  | TTA |  | — |  | 19:15 - A IRANSMISSAU AU VAVO LAMBEM EDA NU FALEDUUR &1 VCLAMARAUEFU VAUUS (UKALLUÇCAMANKA | "
f_0097.png,10560,19:15:46,0,"tvsenado |  | L |  | *w |  | ” |  | = |  | K |  | — Senta Catarira |  | Santa Catar |  | /DOS DEPUTADOS . |  | QE |  | Nmas apuradas: 65% — |  | Fulia Zanata |  | e |  | Ana Paula Uma! |  | & EEp |  | Lf |  | Prot.Pedrs Vam! |  | o EM |  | En |  | "" |  | “Glizon Marques. |  | e EPm |  | = |  | sangento Uma |  | e EE |  | sE |  | 6i ES” |  | — |  | parteia Renéto |  | _i— |  | —— |  | ) ELEIÇÕES 2026 | |  | | |  | Apuração ao vivo | |  | x |  | 19:15 PARTICIPE: ENVIE PERGUNTAS PELO TIKTOK GTVCAMARADEPUTADOS |  | —— | "
f_0098.png,10570,19:15:56,0,"tvsenado |  | GOVERNADOR |  | V |  | Rio Grande do Sul |  | uUrnas apuradas: 83,96% GEN > |  | Zucco FD |  | 5799% ÇEM » |  | Juliana Brizola |  | l ) |  | 31/9% EM — » |  | Gabriel Souza |  | 839% E > |  | < |  | |) ELEIÇÕES 2026 |  | Marcelo Maranata |  | ( |  | — |  | Apuração ao vivo |  | & W |  | 1,64% |  | 19:15 'ACOMPANHE TUDO AO VIVO NO YOUTUBE DA CÂMARA GCAMARADOSDEPUTADOSOFICIAL | "
f_0099.png,10580,19:16:06,0,"tvsenado |  | GOVERNADOR |  | Í |  | Rio Grande do Sul |  | urnas apuradas: 83,96% =GEN > |  | Zucco FD |  | 5799% QNE — > |  | Juliana Brizola |  | j |  | 31/9% EM — > |  | Gabriel Souza |  | 839% ECqC )> |  | & |  | |) ELEIÇÕES 2026 |  | Marcelo Maranata |  | Apuração ao vivo |  | 1,64% |  | ( |  | 19:16 MAIS INFORMAVÇBES NO PERFIL DO X GCAMARADEPUTADOS | "
f_0100.png,10590,19:16:16,0,"tvsenado |  | SENADOR |  | "" |  | . |  | Rio Grande do Sul |  | ' |  | Urnas apuradas: 88,86% exmmmmmmentas > |  | Sanderson (D |  | mo |  | 3003% EM > |  | Marcel Van Hattem (&ow) |  | 3000% EM — > |  | = |  | VD |  | Manuela D Ávila ED |  | 17,16% |  | C EEc |  | Pimenta / ED |  | 16,38% |  | q — — |  | = |  | — |  | Apuração ao vivo |  | — |  | e ) |  | 19:16  (Libras) CRÍTICAS E SUGESTÕES PODEM SER ENCAMINHADAS PARA A TV SENADO PELA OUVIDORIA | "
f_0101.png,10600,19:16:26,0,"tvsenado |  | SENADOR |  | V |  | Rio Grande do Sul |  | urnas apuradas: 88,86% = ENEN > |  | Sanderson FD |  | 3003% EM — » |  | ) |  | Marcel Van Hattem |  | () |  | 30,00% EM — » |  | Manuela D Ávila |  | o |  | 17/6%46 E |  | Pimenta / ED |  | |) ELEIÇÕES 2026 |  | Apuração ao vivo |  | 1638% E |  | & |  | 19:16 (Ouvidoria ) QUER FALAR COM O SENADO? LIGUE: 0800 061 22 11 PARA SUGESTÕES, ELOGIOS E DENÚNCIAS | "
f_0102.png,10610,19:16:36,0,"— |  | tvsenado |  | —  CÂMARA DOS DEPUTADOS . |  | E |  | 'Rio Grande do Sul |  | AOVIVO |  | Urnas apuradas: 8633% E |  | ) |  | |ManeoNa ) EE |  | ini |  | ) |  | — |  | "") |  | ds |  | ny |  | Gabriel |  | E= |  | 188,396 |  | <= |  | tsest Moraa MITTTIITOS| |  | 1520 |  | _m |  | t n — |  | |) ELEIÇÕES 2026 |  | 19:16  (Ouvidoria ) SAIBA MAIS EM WWW.SENADO.LEG.BR/OUVIDORIA | "
f_0103.png,10620,19:16:46,0,"tvsenado |  | CÂMARA DOS DEPUTADOS . |  | Rio Grande do Sul |  | urnas apuradas: 86,33 X ED |  | ES COM |  | Melchic |  | nn: |  | _m |  | 197205 |  | ac — e TSS |  | aAmotr — o Em |  | U |  | fo |  | H: |  | |) ELEIÇÕES 2026 |  | 19:16 (Ouvidoria ) QUER FALAR COM A CÂMARA? LIGUE: 0800 O 619619 OU PELO WHATSAPP (61) 3216-0000 | "
f_0104.png,10630,19:16:56,0,"-- |  | — |  | tvsenado |  | L |  | E |  | T 1 |  | ] |  | a |  | Chmuwmw |  | Rlo Grande do Su |  | S |  | ummas apuradas: 3% L |  | Waurício Marcon |  | “Fernanda Melchionna. |  | N RT |  | (Glovani Cherini |  | 6E |  | . |  | Rony Gabrel |  | s E |  | ” |  | Vesa Moriin. |  | o EEm |  | E d |  | Po aan Do R |  | a |  | FE |  | & |  | s) |  |  psonso Mm |  | , |  | — s |  | s |  | |) ELEIÇÕES 2026 |  | —m |  | 07:16 (Informação _MENSAGE;A D— |  | -” |  | IDOSA S(—)BRE O SENADO? FALE COM O WHATSAPP DO SENADO VERIFICA: 61 98190-0601 | "
f_0105.png,10640,19:17:06,1,s | |  | tvsenado |  | by |  | L |  | | |  | Mmas apuradas: 20x ex —— |  | “Flávio Bolsonaro & |  | & |  | m |  | NSS |  | 5020% ENEN — |  | um & |  | &) 1mx m— |  | sgusto om |  | j |  | 22 |  | » |  | A |  | = |  | »- |  | ÊS |  | |) ELEIÇÕES 2026 |  | o7:17 MEN |  | DUVII! |  | ÍSOBRE A CÂMARA? FALE COM O WHATSAPP DA CÂMARA C(-)M-PROVE: 61 99660-2003 71 | 
f_0106.png,10650,19:17:16,1,"tvsenado |  | AOVIVO |  | | |  | | ) |  | Vx |  | Vmas apuradas: 720x em — |  | NS |  | Fiávio Bolsonaro & |  | 5020% EBEN |  | 1M O |  | Y |  | - |  | C ES |  | EEm — |  | ="" |  | —— |  | C- |  | —n |  | & |  | e |  | |) ELEIÇÕES 2026 |  | M |  | e |  | 19:17 (Senado) | "
f_0107.png,10660,19:17:26,0,H |  | pn |  | f |  | p |  | S |  | À |  | N |  | “ |  | TZ |  | | |  | W |  | W —— |  | [ |  | V7 MATO GROSSO: MAURO Ã; ZÉ MEDEIROS (PL) ELEITOS | 
f_0108.png,10670,19:17:36,0,"AOVIVO |  | Fs |  | — |  | , |  | A |  | e |  | Á |  | “ |  | d |  | | |  | h |  | | |  | h |  | 19:17/ (Senado) JOÃO AZEVÊDO (PSB) ELEITO SENADOR NA PARAÍBA; VENEZIANO (MDB) EM SEGUNDO NA APURAÇÃO |  | NP ——2ã2 —— |  | —— |  | —— | "
f_0109.png,10680,19:17:46,1,"h |  | | |  | É |  | tvsenado |  | | |  | Mmas apuradas: 7206 em — — |  | a |  | Fávio Bolsonaro & |  | S O |  | 5020% EBEN > |  | um O |  | | |  | a6% E |  | > |  | ª LA — |  | © pocaldo iado DP — |  | a ). |  | - e |  | & |  | |) ELEIÇÕES 2026 |  | 19:17 MICHELLE BOLSONARO E BIA KICIS, DO PL, ELEITAS SENADORAS NO DISTRITO FEDERAL | "
f_0110.png,10690,19:17:56,1,"tvsenado |  | — PRESIDENTE |  | NÍ—__ |  | Brasit = |  | Urnas apuradas: 4726%x em |  | Pa |  | Flávio Bolsonaro ED |  | ES |  | 5020% ENENA > |  | L |  | Lula ED |  | = |  | 41,65i% N » |  | .s |  | Augusto Cury Gario) |  | 296% EE —— |  | B |  | Ronaldo Caiado |  | 2,38% |  | E |  | e |  | L |  | EICÕE |  | P7 REINALDO AZAMBUJA E CAPITÃO CONTAR, AMBOS DO PL, ELEITOS NO MATO GROSSO DO SUL | "
f_0111.png,10700,19:18:06,0,": |  | tvsenado |  | . |  | — |  | GOVERNADOR |  | V |  | Rlo Grande ' do Sul |  | Urnas apuradas: 90,25% |  | | |  | Zucco ED |  | 5786% EE — > |  | Juliana Brizola Em |  | —— |  | 31869% E — > |  | e |  | ” |  | Gabriel Souza (vos) |  | 8,41% |  | Es) |  | Marcelo Maranata (506) |  | A |  | 166% TA === |  | . |  | 19:18  (Eleitos) NO PARANÁ, FILIPE BARROS (PL) E DELTAN DALLAGNOL (NOVO) ELEITOS SENADORES | "
f_0112.png,10710,19:18:16,0,— |  | A |  | ) |  | tvsenado |  | — |  | — |  | | |  | P |  | L am EE |  | — |  | ex |  | Sandeon & |  | EXA —) |  | I— |  | yI |  | ED |  | e |  | - |  | - |  | ) ELEIÇÕES 2026 |  | 19:18 ACESSE A PÁGINA ESPECIAL: LINK.S |  | ENADO.LEG.BR/ELEICOES | 
f_0113.png,10720,19:18:26,0,"tvsenado |  | SENADOR |  | IVO |  | Rio Grande do Sul |  | Urnas apuradas: 90,25% = ENNNNNNES > |  | Sanderson ED |  | 3001% EM — > |  | Marcel Van Hattem |  | 2998% EM — » |  | Manuela D Ávila |  | 17/8% E » |  | Pimenta / ED |  | 1639% M |  | e |  | 19:18 PÁGINA ESPECIAL DA AGÊNCIA CÂMARA: CD.LEG.BR/VOTO2026 | "
f_0114.png,10730,19:18:36,0,tvsenado |  | — PE |  | T m |  | N |  | m |  | 158 |  | mm |  | T |  | S |  | 2) |  | p |  | & |  | |) ELEIÇÕES 2026 |  | Apuração ao vivo í |  | i=A |  | L d |  | — |  | — |  | —— |  | 19:18 (Mídias) NCOMPANHE /A TRANSMISSÃO ESPECIAL EM YOUTUBE.COM/TVSENADO |  | > R E / | 
f_0115.png,10740,19:18:46,0,"tvsepado |  | SENADOR |  | V |  | Rio Grande do Sul |  | Urnas apuradas: 90,25% GEN > |  | Sanderson ED |  | SA |  | 3001% EM -- » |  | & |  | Marcel Van Hattem |  | () |  | S |  | 29,98% |  | esm [ .. |  | !IX |  | Manuela D Ávila |  | 768% E |  | 2 |  | o |  | Pimenta ED |  | ê |  | 16,39% EM >) |  | C) |  | - |  | |) ELEIÇÕES 2026 |  | n PA |  | Apuração ao vivo |  | 19:18 CONTEÚDOS ESPECIAIS TAMBÉM ESTÃO NO KWAI E NO TIKTOK. CONFIRA EM GTVSENADO | "
f_0116.png,10750,19:18:56,0,"tvSenado |  | SENADOR |  | V |  | Rio Grande do Sul |  | Urnas apuradas: 90,25% GENNNNNNNNNNNNNN > |  | Sanderson FD |  | s |  | 3090% EM -- » |  | & |  | Marcel Van Hattem (&oo) |  | € |  | 29,98% |  | em [ ... |  | Manuela D Ávila 65D |  | 17,18% |  | L EO) |  | a= |  | E |  | &S) |  | Pimenta ED |  | Ê |  | 16,39% EM ) |  | |) ELEIÇÕES 2026 |  | Apuração ao vivo |  | 19:18  (Mídias) A TRANSMISSÃO AO VIVO TAMBÉM ESTÁ NO FACEBOOK GTVCAMARADEPUTADOS GRADIOCAMARA | "
f_0117.png,10760,19:19:06,0,"Em Em H |  | T Bm o |  | tvsenado |  | D |  | d |  | E |  | X,//' n |  | 4i |  | SW |  | o |  | 7 |  | d |  | D |  | a |  | É |  | ) ELEIÇÕES 2026 |  | EX |  | d |  | Apuração ao vivo |  | W |  | """"'“ªªi |  | 19:19  (Mídias) PARTICIPE: ENVIE PERGUNTAS PELO TIKTOK GTVCAMARADEPUTADOS | "
f_0118.png,10770,19:19:16,0,"tvsenado |  | ——— |  | = |  | SENADOR |  | V |  | 1 |  | Rio Grande do Sul |  | w |  | Umas apuradas: 90,25% ex > |  | Sanderson (D |  | EXA —— |  | ªªÁ) |  | Marcel Van Hattem (&os) |  | 2999% EM — |  | À |  | Manuela D Ávila ED |  | 1718% |  | ( — ) |  | ' |  | Pimenta ED |  | 1639% E |  | — ) eLEIÇÕES 2026 |  | e |  | -. |  | Apuração ao vivo |  | 19:19 (Mídias) ACOMPANHE TUDO AO VIVO NO YOUTUBE DA CÂMARA GCAMARADOSDEPUTADOSOFICIAL | "
f_0119.png,10780,19:19:26,0,"tvsenado |  | GOVERNADOR |  | V |  | Rio Grande do Sul |  | urnas apuradas: 90,25% - ENNNNNNSS > |  | Zucco FD |  | 57866 NN » |  | Juliana Brizola |  | 3189% EM — » |  | a) |  | Gabriel Souza |  | 841% EC > |  | &o |  | |) ELEIÇÕES 2026 |  | Marcelo Maranata |  | ( |  | Apuração ao vivo |  | — |  | 1,66% |  | 19:19 MAIS INFORMAÇÕES NO PERFIL DO X GCAMARADEPUTADOS | "
f_0120.png,10790,19:19:36,0,"tvsenado |  | GOVERNADOR |  | Í |  | BET |  | Rio Grande do Sul |  | | |  | Urmas apuradas: 90,25% ex > |  | Zucco ED |  | d E |  | 57,86% |  | ——=—= )> |  | Juliana Brizola Em |  | 3189% E — > |  | Gabriel Souza  (vos) |  | 8,41% |  | EEE22=) |  | « 18 |  | B |  | Marcelo Maranata |  | m | |  | TETMEE) |  | — ) eLEIÇÕES 2026 |  | — |  | Apuração ao vivo |  | 19:19 (Libras) CRÍTICAS E SUGESTÕES PODEM SER ENCAMINHADAS PARA A TV SENADO PELA OUVIDORIA | "
f_0121.png,10800,19:19:46,0,"tvsenado |  | GOVERNADOR |  | Í |  | Roraima |  | uUrnas apuradas: 90,26% ENEN > |  | Arthur Henrique ED |  | 69,3% qeuETM -> |  | > |  | Soldado Sampaio |  | ) |  | 2931% EM — |  | Rosi Aires |  | 147% |  | ( |  | o |  | Á |  | |) ELEIÇÕES 2026 |  | Farah Mesquita |  | Apuração ao vivo |  | ª, W |  | — |  | 0,06% |  | 19:19 (Ouvidoria ) QUER FALAR COM O SENADO? LIGUE: 0800 061 22 11 PARA SUGESTÕES, ELOGIOS E DENÚNCIAS | "
f_0122.png,10810,19:19:56,0,"tvsenado |  | GOVERNADOR |  | V |  | Rondônia |  | urnas apuradas: 92,95% =E > |  | Marcos Rogério (D |  | 5715% N |  | Adailton Furia |  | 189% EM |  | Hildon Chaves |  | wª; |  | 1486% E |  | |) ELEIÇÕES 2026 |  | Expedito Netto / ED |  | Apuração ao vivo |  | 787% & ) |  | 19:19 |  | Ouvidoria ) SAIBA MAIS EM WWW.SENADO.LEG.BR/OUVIDORIA | "
f_0123.png,10820,19:20:06,0,"tvsenado |  | GOVERNADOR |  | V |  | Rondônia |  | uUrnas apuradas: 92,95% = ENE > |  | Marcos Rogério (D |  | & |  | 57/5% NM » |  | Adailton Furia |  | 189% EM |  | ) |  | Hildon Chaves |  | 1486% EM > |  | S |  | | ELEIÇÕES 2026 |  | Expedito Netto / ED) |  | Apuração ao vivo |  | 78/% 4 D |  | 19:20 (Ouvidoria ) QUER FALAR COM A CÂMARA? LIGUE: 0800 O 619619 OU PELO WHATSAPP (61) 3216-0000 | "
f_0124.png,10830,19:20:16,0,"tvSenado |  | GOVERNADOR |  | V |  | AOVIVO |  | Santa Catarina |  | Urnas apuradas: 82,86%6 ENEN > |  | — |  | Jorginho Mello / &) |  | 68,31% ÁDA » |  | Gelson Merísio |  | 19% E |  | João Rodrigues |  | 1373% E > |  | & |  | |) ELEIÇÕES 2026 |  | Marcelo Brigadeiro |  | ( |  | Apuração ao vivo |  | 6, W |  | 110% |  | 07:20 (Informação MENSAGÉh; DUVIDOSA SOBRE O SENADO? FALE COM O WHATSAPP DO SENADO VERIFICA: 61 98190-0601 | "
f_0125.png,10840,19:20:26,0,"— |  | tvsenado |  | — |  | — |  | GOVERNADOR- |  | Santa Catarina — |  | Uurnas apuradas: 82,86% ex — |  | . |  | Jorginho Mello & |  | * |  | 68,31% NNT > |  | Y |  | Gelson Merísio  Ess) |  | 159% E » |  | ] |  | TX |  | João Rodrigues 5) |  | 133% E > |  | Marcelo Brigadeiro |  | ET —— |  | L |  | >m |  | Apuração ao vivo |  | 07:20 (Informação) MENSAGEM DUVIDOSA SOBRE A CÂMARA? FALE COM O WHATSAPP DA CÂMARA COMPROVE: 61 99660-2003 | "
f_0126.png,10850,19:20:36,0,"tvsenado |  | GOVERNADOR |  | Í |  | Paraíba |  | uUrnas apuradas: 92,91% = RRR > |  | Lucas Ribeiro |  | ( |  | 6437% QDNNTNE > |  | Efraim Filho / &D |  | 2431% EM |  | 1) |  | Cícero Lucena |  | 10,84% E > |  | E |  | , |  | | ELEIÇÕES 2026 |  | Yuri Ezequiel |  | ( |  | Apuração ao vivo |  | 0,37% |  | 19:20 | "
f_0127.png,10860,19:20:46,1,tvSenado |  | PRESIDENTE |  | Í |  | Brasil |  | urnas apuradas: 6481 GENEENENENN > |  | Flávio Bolsonaro - ED |  | 4958% NA » |  | Lula ED |  | 4225% E » |  | Augusto Cury |  | 297% C — > |  | ? |  | |) ELEIÇÕES 2026 |  | Ronaldo Caiado |  | Apuração ao vivo |  | 234A% C |  | 19:20 (Senado) MATO GROSSO: MAURO MENDES (UNIÃO) E ZÉ MEDEIROS (PL) ELEITOS | 
f_0128.png,10870,19:20:56,1,tvsenado |  | PRESIDENTE |  | íx |  | Brasil |  | Urnas apuradas: 6481 exenmennr — > |  | Flávio Bolsonaro ED |  | 49585% EAA — > |  | Lula E |  | 4225% - > |  | e ) |  | / |  | Augusto Cury Garo) |  | EV MEE22) |  | ) |  | Ronaldo Caiado |  | 234% — CLL —— |  | P |  | — ) ELEIÇÕES 2026 |  | ..— |  | .. |  | - |  | Apuração ao vivo |  | 19:20 (Senado) JOÃO AZEVÉDO (PSB) ELEITO SENADOR NA PARAÍBA; VENEZIANO (MDB) EM SEGUNDO NA APURAÇÃO | 
f_0129.png,10880,19:21:06,1,".Mm |  | m” |  | tvysenado |  | | |  | | |  | Umas apuradas: cçuc. em |  | Belsonaro & |  | AK |  | 55% mENm— |  | Wum |  | 2) dm em— |  | S= |  | D |  | l dS |  | 'P;—t ""- |  | ) ELEIÇÕES 2026 |  | > |  | Apuração ao vivo |  | 19:21 —M;CI-;;LE BOLSONARO E BIA KICIS, DO PL, ELEITAS SENADORAS NO DISTRITO FEDERAL | "
f_0130.png,10890,19:21:16,1,"| |  | —— |  | tvsenado |  | V |  | AOVIVOR e EE |  | “Fávio Bolsonaro & |  | EX —) |  | [ |  | ANc |  | um O |  | = |  | ) EE |  | F |  | V$ |  | E |  | K) |  | ” |  | ] |  | ';;;'“'ªª% |  | á a |  | = |  | >J- |  | s |  | 4 l:_ |  | | ELEIÇÕES 2026 | |  | i |  | Apuração ao vivo |  | ) |  | - |  | — —— |  | 19:21  (Eleitos) REINALDO AZAMBUJA E CAPITÃO CONTAR, AMBOS DO PL, ELEITOS NO MATO GROSSO DO SUL | "
f_0131.png,10900,19:21:26,1,"tvSenado |  | f |  | PRESIDENTE |  | Í |  | Brasil |  | Urnas apuradas: 64,81 ex |  | ELEIÇÕ |  | Flávio Bolsonaro / ED |  | 49585% EEA » |  | 1 |  | [ETENNGO) |  | LA Á |  | 4225% EM » |  | h |  | Augusto Cury (Garto) |  | P 2) |  | = |  | ” |  | 297% C — > |  | 4l |  | | |  | Ronaldo Caiado |  | 234% C — > |  | ) ELEIÇÕES 2026 |  | | |  | Apuração ao vi |  | 19:21 NO PARANÁ, FILIPE BARROS (PL) E DELTAN DALLAGNOL (NOVO) ELEITOS SENADORES | "
f_0132.png,10910,19:21:36,1,"— |  | jado |  | PRESIDENTE |  | V |  | Brasil |  | — |  | urnas apuradas: 64,81% GEENENENTHS > |  | L |  | ELEIÇÕ! |  | Flávio Bolsonaro / ED |  | F |  | 49585% EE » |  | F |  | t— |  | [ETENNCO) |  | LA Á |  | 4225% E » |  | Augusto Cury Garto) |  | h. |  | 297% C — |  | Ronaldo Caiado |  | 234% C —— |  | |) ELEIÇÕES 2026 |  | s |  | Apuração ao vivo |  | 19:21 ACESSE A PÁGINA ESPECIAL: LINK.SENADO.LEG.BR/ELEICOES | "
f_0133.png,10920,19:21:46,1,"tvsenado |  | PRESIDENTE |  | Brasil |  | uUrnas apuradas: 64,81% een » |  | ELEIÇÕ |  | Flávio Bolsonaro / ED |  | 49585% ENEN — » |  | Lula ED |  | —— |  | LA |  | 42,25% |  | ..— . |  | Augusto Cury (Eso) |  | h |  | 297% C — |  | B«E |  | Ronaldo Caiado |  | 234% C — |  | | ELEIÇÕES 2026 |  | Apuração ao vivo |  | 19:21 PÁGINA ESPECIAL DA AGÊNCIA CÂMARA: CD.LEG.BR/VOTO2026 | "
f_0134.png,10930,19:21:56,1,"jado |  | — |  | PRESIDENTE |  | / |  | Brasil |  | Urnas apuradas: 64,81% GEENENENTES » |  | L |  | ELEIÇÕ |  | Flávio Bolsonaro ED |  | f |  | 49586% EEA » |  | S7A |  | a |  | [ETENNCO) |  | LAA Á |  | 4225% EM — > |  | W |  | Augusto Cury Garto) |  | D: |  | s |  | 4 |  | 97% E —— |  | Ronaldo Caiado |  | 234% C L —— |  | FA |  | | ELEIÇÕES 2026 |  | Apuração ao vivo |  | 1:1 ACOMPANHE A TRANSMISSÃO ESPECIAL EM YOUTUBE.COM/TVSENADO | "
f_0135.png,10940,19:22:06,1,"tvsepado |  | i |  | maa aaa ta c— |  | o taa & |  | 955 — |  | PRESIDENTE |  | & EE — |  | Ec |  | pm ty = |  | x |  | Urnas apuradas: 64,81% exemesnss » |  | m |  | f |  | Q m- |  | Flávio Bolsonaro / & |  | 4958% EEA — » |  | Lula ED |  | L. |  | 4225% EE - > |  | ELEIÇÕES 20 |  | l |  | Augusto Cury (saro) |  | 297% CO —— |  | ti |  | DA d |  | Ronaldo Caiado ED |  | 234% ( D) |  | ) ELEIÇÕES 2026 |  | Apuração ao vivo |  | 19:22 CONTEÚDOS ESPECIAIS TAMBÉM ESTÃO NO KWAI E NO TIKTOK. CONFIRA EM GTVSENADO | "
f_0136.png,10950,19:22:16,1,"tvsenado |  | — |  | PRESIDENTE |  | | |  | Brasil |  | Urnas apuradas: 6481% exeNmenne — » |  | "" |  | Em |  | Flávio Bolsonaro ED |  | 49586% GENA — > |  | LETENEGO) |  | 4225% EE — > |  | ) |  | Augusto Cury (Eano) |  | [2/97% g a |  | * |  | Ronaldo Caiado |  | Lh |  | 234% — CLL —— |  | == |  | * |  | Apuração a Ivo - |  | 19:22 'A TRANSMISSÃO AO VIVO TAMBÉM ESTÁ NO FACEBOOK GTVCAMARADEPUTADOS GRADIOCAMARA | "
f_0137.png,10960,19:22:26,1,tvsenado |  | PRESIDENTE |  | x |  | m |  | Brasil |  | Urmas apuradas: 6481x exenmem — > |  | — |  | Flávio Bolsonaro (D |  | 49586% GEAA — > |  | ? |  | É. |  | Lula & |  | 422% EE — > |  | h |  | Augusto Cury (Earo) |  | [2)979% BUl en |  | «O |  | Ronaldo Caiado D) |  | ET — |  | EL |  | Il_ |  | . Apuração ao vivo |  | 19:22 (Mídias) PARTICIPE: ENVIE PERGUNTAS PELO TIKTOK GTVCAMARADEPUTADOS | 
f_0138.png,10970,19:22:36,0,"tvsen. |  | AO VIVO |  | ELEIÇÕI |  | R "" |  | & |  | A |  | À |  | Z |  | A |  | P |  | a”. |  | 11 |  | — |  | —— — |  | : |  | —— |  | à. |  | — |  | | ELEIÇÕES 206 — |  | Y |  | =— |  | Apuração ao vivo |  | h Y/ D |  | 19:22 (Mídias) ACOMPANHE TUDO AO vivo NO YOUTUBE DA CÂMARA GCAMARADOSDEPUTADOSOFICIAL |  | — |  | ? | "
f_0139.png,10980,19:22:46,1,"tvsenado |  | — |  | PRESIDENTE |  | / |  | Brasil |  | — |  | uUrnas apuradas: 64,81% GEENENENTSS > |  | Flávio Bolsonaro / ED |  | 49585% EEA — » |  | Lula ED |  | â—. |  | 4225% EM » |  | en |  | Ec |  | Augusto Cury Garto) |  | 297% CoO — |  | | |  | Ronaldo Caiado |  | 234% C — > |  | ym |  | | ELEIÇÕES 2026 |  | Apuração ao vivo |  | 19:22 MAIS INFORMAÇÕES NO PERFIL DO X GCAMARADEPUTADOS | "
f_0140.png,10990,19:22:56,1,"tvsenado |  | + |  | — |  | — PRESIDENTE |  | ( |  | — |  | Brasil |  | Urmas apuradas: 6481% eem — > |  | E |  | Flávio Bolsonaro ED |  | 49586% GEAA — > |  | Lula E |  | 4225% E > |  | Augusto Cury (Rano) |  | 2,97% |  | E= |  | Ronaldo Caiado |  | 234% IEC2=0 |  | . |  | . |  | o |  | —— |  | puração ao vivo |  | 19:22 CRÍTICAS E SUGESTÕES PODEM SER ENCAMINHADAS PARA A TV SENADO PELA OUVIDORIA | "
f_0141.png,11000,19:23:06,0,"tvsenado |  | — GOVERNADOR |  | E |  | Tocantins |  | | |  | , H |  | urr;ãs*apumdas:'sé,] |  | E —— 2 |  | P |  | Prof. Dorinha | Griso) |  | W |  | 4570% EE — > |  | Vicentinho Júnior |  | l |  | 4377% EE » |  | Laurez Moreira |  | * |  | a |  | 823% E — |  | P |  | Ataides De Oliveira |  | 154% EE —— |  | — ) eLeIÇÕES2O2S |  | == <. |  | — Apuração ao vivo |  | — |  | —— |  | 19:23 (Ouvidoria ) QUER FALAR COM O SENADO? LIGUE: 0800 061 22 11 PARA SUGESTÕES, ELOGIOS E DENÚNCIAS | "
f_0142.png,11010,19:23:16,0,"tvsenado |  | GOVERNADOR |  | Í |  | 40 VIVO |  | Tocantins |  | urnas apuradas: 96,42% EN |  | Prof. Dorinha |  | 45/0% EM - » |  | € |  | Vicentinho Júnior |  | NS |  | ” |  | 43//% EM > |  | Laurez Moreira |  | 823% E > |  | ª | |  | | ELEIÇÕES 2026 |  | / |  | Ataides De Oliveira |  | ( |  | Apuração aovivo — ' |  | 1,54% |  | 19:23 |  | Ouvidoria ) SAIBA MAIS EM WWW.SENADO.LEG.BR/OUVIDORIA | "
f_0143.png,11020,19:23:26,0,"tvsSenado |  | . |  | — |  | GOVERNADOR |  | V |  | Tocantlns |  | Urnas apuradas: 96,42% ex |  | > |  | Prof. Dorinha | (Cniso) |  | NS |  | 4570% EE — > |  | Vicentinho Júnior s) |  | 437//% E » |  | Laurez Moreira  EsD) |  | 8,23% E — |  | & |  | Ataides De Oliveira (owo) |  | 54% E= |  | — ) eLeIÇÕES2O2S |  | ÓÓ— |  | Apuração ao vivo |  | o |  | 19:23 (Ouvidoria) QUER FALAR COM A CÂMARA? LIGUE: 0800 O 619619 OU PELO WHATSAPP (61) 3216-0000 | "
f_0144.png,11030,19:23:36,0,"fm SEA |  | —— |  | A |  | = | |  | "" |  | tvsenado |  | | |  | AOVIVO s apuradas: |  | 64% ex—— |  | Prot.Dortnia ED |  | 2) |  | CAR — —) |  | m |  | o |  | Wicentinho Jórior ED |  | | a |  | Lameneta E —— |  | N""& |  | BB% C —— |  | F |  | paniões DN |  | Z |  | » 3 |  | = |  | . |  | & |  | ) ELEIÇÕES 2026 |  | . |  | = 20 |  | Apuração ao vivg |  | 07:23 (Informação) MENSAGEM DUVIDOSA SOBRE O SENADO? FALE COM O WHATSAPP DO SENADO VERIFICA: 61 98190-0601 |  | aA | "
f_0145.png,11040,19:23:46,0,"R "" |  | | gLElçõEs p |  | & |  | b |  | Fd |  | E , |  | —— |  | Vh |  | Sm |  | S á |  | FX |  | —— |  | —— |  | S |  | N Eu-:lçós 2026 |  | Apuração ao vivo |  | Z |  | OT:B. Informação ME:I/S.NSEMBUVIDOSA SOBRE A CÂMARA? FALE COM O WHATSAPP DA CÂMARA COMPROVE: 61 99660-2003 | "
f_0146.png,11050,19:23:56,0,"jado |  | E |  | GOVERNADOR |  | V |  | Tocantins |  | Urnas apuradas: 96,42% - GEENNNNNNNNNNNNNNND> |  | ELEIA |  | N |  | = |  | ) |  | Prof. Dorinha | Crião) |  | 45,70% GE |  | > |  | € |  | E |  | Vicentinho Júnior |  | DA À |  | N |  | 483/7/% EE |  | Laurez Moreira |  | 823% C > |  | =4_4' | W |  | () |  | / |  | Ataides De Oliveira |  | g | |  | 1,54% ) |  | |) ELEIÇÕES 2026 |  | Apuração ao vivo |  | 1923 (Senado) MTA y E mAnvãe vAn nA (Vem W9 TV EnSLTIVS RV Tav SENNVE V SUL | "
f_0147.png,11060,19:24:06,0,"jado |  | GOVERNADOR |  | / |  | Tocantins |  | — |  | Urnas apuradas: 96,42% = GEENNNNNNNNNNNNNNNND |  | ELEIÇA |  | Prof. Dorinha | Crixo) |  | 45,70% M q |  | ál |  | a |  | Vicentinho Júnior |  | LA À |  | R |  | 423/7/% EE |  | Laurez Moreira |  | 4""f |  | 823% q |  | d |  | ) |  | Ataides De Oliveira |  | 1,54% |  | ( |  | |) ELEIÇÕES 2026 |  | Apuração ao vivo |  | 19:24  (Senado) MATO GROSSO: MAURO MENDES (UNIÃO) E ZÉ MEDEIROS (PL) ELEITOS | "
f_0148.png,11070,19:24:16,0,"tvsenado |  | GOVERNADOR |  | V |  | aAovIVo |  | Amazonas |  | urnas apuradas: 76,65% GEENENNNHENS > |  | — |  | | |  | À |  | Omar Aziz |  | 37,84% |  | eq.—. ) . |  | Prof. Maria Do Carmo ED |  | P ix/* |  | 2/10% EM » |  | | |  | Roberto Cidade |  | 2064% EM |  | b |  | 2) |  | & |  | |) ELEIÇÕES 2026 |  | David Almeida |  | Z |  | Apuração ao vivo |  | n5i% E > |  | 19:24  (Senado) JOÃO AZEVÉDO (PSB) ELEITO SENADOR NA PARAÍBA; VENEZIANO (MDB) EM SEGUNDO NA APURAÇÃO | "
f_0149.png,11080,19:24:26,1,"tvsenado |  | GOVERNADOR |  | Í |  | AovIVo |  | Amazonas |  | urnas apuradas: 76,65% GENNENNNNNEN > |  | "" |  | Omar Aziz |  | 37,84% |  | em . . |  | Prof. Maria Do Carmo ED |  | 2/10% EM » |  | ê) |  | Roberto Cidade |  | ( |  | 20,64% EM |  | ª. W |  | ee |  | |) ELEIÇÕES 2026 |  | David Almeida |  | Z |  | Apuração ao vivo |  | ê | |  | n51% « m—— |  | 19:24 MICHELLE BOLSONARO E BIA KICIS, DO PL, ELEITAS SENADORAS NO DISTRITO FEDERAL | "
f_0150.png,11090,19:24:36,0,"tvsenado |  | 4À |  | — |  | GOVERNADOR |  | V |  | À |  | Amazonas |  | | |  | AovIVo |  | EN |  | Urmas apuradas: 7665% exemennam > |  | dl |  | Omar Aziz |  | "" |  | Y |  | 37,84% |  | m EE | |  | Prof. Maria Do Carmo ED |  | 2/0% E > |  | Roberto Cidade (Criso) |  | p |  | 20,64% |  | ( NEO) |  | David Almeida  Ranto) |  | 1,51% |  | C ES |  | — ) ELeIÇÕES2O2S |  | 2s |  | Apuração ao vivo |  | 19:24 (Eleitos) |  | REINALDO AZAMBUJA E CAPITÃO CONTAR, AMBOS DO PL, ELEITOS NO MATO GROSSO DO SUL | "
f_0151.png,11100,19:24:46,0,"Exnh |  | e |  | tvsenado |  | h |  | 1 |  | Amazonas |  | À |  | h |  | NITAS apuradas: 7665% ex — |  | — |  | X (13) FE EEm |  | E == |  | iM & |  | E_ |  | ..u-un-ue |  | Foeaxk ME |  | ] |  | . |  | ) |  | pavta Nrmeida. â//; |  | C) |  | ns |  | » e |  | - |  | Al |  | u |  | ES |  | ) ELEIÇÕES 2026 |  | Apuração ao vivo |  | 19:24  (Eleitos) NO PARANÁ, FILIPE BARROS (PL) E DELTAN DALLAGNOL (NOVO) ELEITOS SENADORES | "
f_0152.png,11110,19:24:56,0,"tvsenado |  | á |  | Urmas apuradas: 7665% EBE —— |  | m— |  | Eduardo Braga |  | 0A |  | 30,68% d S |  | e ) |  | Capitão Alberto Neto ED |  | 253/5% E — |  | -B |  | Plinio Valério |  | 24,62% E —— |  | Wilson Lima - Grião) |  | 10/96%) E= |  | Z ÃA |  | — EEA |  | = |  | A| |  | puração ao vivo |  | aA |  | 19' Eleições ) ACESSE A PÁGINA ESPECIAL: LINK.SENADO.LEG.BR/ELEICOES | "
f_0153.png,11120,19:25:06,0,"tvsenado |  | SENADOR |  | Í |  | Amazonas |  | urnas apuradas: 76,65% ENEN > |  | Eduardo Braga (vwos) |  | 3068% EM > |  | E |  | Capitão Alberto Neto  (FD) |  | 25/5%6 EM |  | & |  | Plinio Valério |  | & |  | 24620% EM > |  | Wilson Lima (Cnião) |  | |) ELEIÇÕES 2026 |  | e |  | Apuração ao vivo |  | 10,96% E |  | s) |  | 19:25 (Eleições) PÁGINA ESPECIAL DA AGÊNCIA CÂMARA: CD.LEG.BR/VOTO2026 | "
f_0154.png,11130,19:25:16,0,"tvsenado |  | SENADOR |  | Í |  | [ AOVIVO |  | Amazonas |  | urnas apuradas: 76,65% GEN > |  | Eduardo Braga |  | 3068% EM — » |  | Capitão Alberto Neto  (FD) |  | 25/5%6 EM » |  | Plinio Valério |  | 24620% EM - > |  | |) ELEIÇÕES 2026 |  | Wilson Lima |  | Apuração ao vivo |  | 10,96% E |  | 19:25 ACOMPANHE A TRANSMISSÃO ESPECIAL EM YOUTUBE.COM/TVSENADO | "
f_0155.png,11140,19:25:26,0,"tvsenado |  | CÂMARA DOS DEPUTADOS . |  | Amazonas |  | | |  | urnas apuradas:776,65% U c— |  | [Aaatliho — & FE |  | — |  | U |  | Jr |  | | Sidneyteite == & ES |  | | eLEIÇÕES 2026 | |[ Saúllo Vianna ES |  | Apuração ao vivo til |  | LInS |  | 19:25 CONTEÚDOS ESPECIAIS TAMBÉM ESTÃO NO KWAI E NO TIKTOK. CONFIRA EM GTVSENADO | "
f_0156.png,11150,19:25:36,0,tvsenado |  | — CÂMARADOS DEPUTADOS . |  | Amazonas |  | | |  | Urmas apuradas: 7665% E |  | I-u— |  | UNA |  | mom Mandel |  | | 1035 |  | 642% |  | D |  | WE s mEm |  | e |  | n SE |  | [sauovianna “ & EE |  | || |  | Atila |  | Lins |  | usardo |  | —— |  | e |  | 19:25 (Mídias) A TRANSMISSÃO AO VIVO TAMBÉM ESTÁ NO FACEBOOK GTVCAMARADEPUTADOS GRADIOCAMARA | 
f_0157.png,11160,19:25:46,0,"tvsenado |  | GOVERNADOR |  | Í |  | Piauí |  | urnas apuradas: 75,04% GEN > |  | Rafael Fonteles ED |  | s |  | 69,96% ENT > |  | Joel Rodrigues |  | 28635% EM — |  | Prof. Gisvaldo |  | 0,54% |  | ( |  | Dra. Lúcia Santos |  | d |  | |) ELEIÇÕES 2026 |  | E |  | 0,51% |  | 19:25 PARTICIPE: ENVIE PERGUNTAS PELO TIKTOK GTVCAMARADEPUTADOS | "
f_0158.png,11170,19:25:56,0,"— SENADOR |  | tvsenado |  | F |  | - |  | V |  | Piauí |  | Umas apuradas: 75,04% ex — > |  | - |  | Marcelo Castro  (vDs) |  | o |  | 3516% EM > |  | ?O |  | Julio Cesar ED |  | 2698% EM — |  | Ciro Nogueira &) |  | — |  | º |  | 241% EE |  | Tiago Junqueira D |  | 9,32% / E — |  | m— |  | “ |  | S |  | 19:25 (Mídias) ACOMPANHE TUDO AO VIVO NO YOUTUBE DA CÂMARA GCAMARADOSDEPUTADOSOFICIAL | "
f_0159.png,11180,19:26:06,0,"tvsenado |  | SENADOR |  | Í |  | ET |  | urnas apuradas: 75,04% GEENENNNNNNN > |  | Marcelo Castro |  | Ê |  | & |  | 356% EM » |  | E |  | - |  | Julio Cesar |  | E |  | ê |  | 2698% EM — » |  | (Am |  | V |  | Ciro Nogueira |  | 24% EM » |  | 5 |  | T |  | S |  | E |  | Tiago Junqueira (D |  | d |  | 8 |  | 932% E > |  | |) ELEIÇÕES 2026 |  | A |  | 19:26 MAIS INFORMAÇÕES NO PERFIL DO X GCAMARADEPUTADOS | "
f_0160.png,11190,19:26:16,0,"tvsSenado |  | — CÂMARA DOS DEPUTADOS . |  | 2s |  | “Piauí |  | Urnas apuradas: 7432% E= |  | [6eeno -- s E |  | N |  | el |  | EcsssmnnnnE EE |  | a7 |  | Santana () |  | 6,16% |  | E Fd 6) EE |  | Y |  | E |  | (Fepublicanos) |  | aa o EE |  | () |  | . |  | r |  | 19:26 CRÍTICAS E SUGESTÕES PODEM SER ENCAMINHADAS PARA A TV SENADO PELA OUVIDORIA | "
f_0161.png,11200,19:26:26,0,"tvsenado |  | CÂMARA DOS DEPUTADOS . |  | ETA |  | l |  | urnas apuradas: 74,32%- / LD |  | “Georsiano & |  | Dele |  | harles EP |  | o B78% |  | estoNto — &S EÇ |  | PrAandioo —— O ESA |  | i |  | JuloArcovede —— &S ENEA |  | e |  | ur |  | |) ELEIÇÕES 2026 |  | 19:26. (Ouvidoria ) QUER FALAR COM O SENADO? LIGUE: 0800 061 22 11 PARA SUGESTÕES, ELOGIOS E DENÚNCIAS | "
f_0162.png,11210,19:26:36,0,"tvsenado |  | CÂMARA DOS DEPUTADOS . |  | ET |  | | |  | urnas apuradas: 7432% LD |  | _m |  | Del |  | 8,78 |  | _M |  | PrAandsoo —— O ESA |  | JutioArcovede === &S EN |  | |) ELEIÇÕES 2026 |  | ur |  | 19:26 (Ouvidoria ) SAIBA MAIS EM WWW.SENADO.LEG.BR/OUVIDORIA | "
f_0163.png,11220,19:26:46,0,"tvsenado |  | CÂMARA DOS DEPUTADOS . |  | L |  | Piauí |  | A |  | Urnas apuradas: 74,32%. Ec |  | P |  | eem - o EM |  | 8,78% |  | 6% - |  | [prAaNdoo —— &S EX |  | Jadyel |  | E==> |  | on o EE |  | M |  | álio |  | o |  | 7 |  | AT) |  | 19:26 (Ouvidoria) QUER FALAR COM A CÂMARA? LIGUE: 0800 O 619619 OU PELO WHATSAPP (61) 3216-0000 | "
f_0164.png,11230,19:26:56,0,"tvsenado |  | TE |  | — SENADOR |  | -- |  | V |  | Piauí |  | m |  | umLas apuradas: 75,04% |  | — = |  | E |  | Marcelo Castro |  | 3506% EE > |  | Julio Cesar |  | 2698% EM — |  | a |  | Ciro Nogueira |  | e |  | 7 |  | 21% EM > |  | t) |  | Tiago Junqueira FD |  | 'áW |  | 9,32% |  | qm |  | 07:26 |  | Informação |  | MENSAGEM DUVIDOSA SOBRE O SENADO? FALE COM O WHATSAPP DO SENADO VERIFICA: 61 98190-0601 | "
f_0165.png,11240,19:27:06,0,": |  | = |  | | |  | tvsenado |  | — SENADOR |  | = |  | — |  | | |  | V |  | E |  | Piauí |  | o |  | - |  | Urmas apuradas: 75,04% ex > |  | ) |  | Marcelo Castro |  | ) |  | 3516% EM — > |  | Julio Cesar |  | é |  | 26,98% |  | o ) |  | & |  | Ciro Nogueira |  | h |  | 21% EM > |  | Tiago Junqueira FD |  | C |  | 9,32% / CL — |  | m.. |  | D |  | 07:27 (Informação) WENSAGEM DUVIDOSA SOBRE A CÂMARA? FALE COM O WHATSAPP DA CÂMARA COMPROVE: 61 99660-2003 | "
f_0166.png,11250,19:27:16,0,AA |  | tvsenado |  | h |  | — |  | V |  | | |  | AOVIVO s apuradas: |  | TE — — |  | UV |  | Marcito Castro ED |  | AN |  | 356% EE —— |  | Aulo Casar ED |  | * |  | -= |  | 24 |  | EE —— |  | | |  | s |  | 11 |  | MET |  | PZ |  | s |  | . |  | LTA |  | ) ELEIÇÕES 2026 |  | 19:27 Senadf SANDERSON (PL) E MARCEL VAN HATTEM (NOVO) ELEITOS NO RIO GRANDE DO SUL | 
f_0167.png,11260,19:27:26,0,"R * |  | ,F!.EIÇÓES Z |  | > |  | (1 |  | | |  | —— = |  | oh —À |  | 1& |  | — |  | ÇA — |  | — - |  | —— |  | TT |  | —— |  | AA |  | * . |  | 55 |  | ) ELEIÇÕES 2026 1D |  | | |  | 19:27/ (Senado ) MATO GROSSO: MA.UR.àh;ENDFSY ('..INIÃO) E ZÉ MEDEIROS (PL) ELÍIITOS |  | —— |  | —A | "
f_0168.png,11270,19:27:36,0,R |  | —ELEIÇÕES 7 |  | Ê |  | s |  | d |  | % 'v |  | 2 |  | á |  | M' |  | P |  | aa — |  | —c = |  | A |  | PAA |  | D |  | =FRÃSE |  | —Y YY |  | — . |  | —— |  | —— |  | DS nn |  | _/à |  | A |  | 2 SE |  | V |  | = |  | L't |  | E |  | 19:27 JOÃDAZEVEDO(PS_B)E!.ETO |  | — |  | s |  | —— |  | DOR NA PARAÍBA; VENEZIAN-OX (MDB) EM SEÉSUNDO NA APUÍ |  | e |  | ÇÃO |  | º—— |  | | | 
f_0169.png,11280,19:27:46,0,"AATIA |  | h |  | tvsenado |  | | |  | | |  | =n |  | NImas apuradas: 75040 ex — |  | Marcilo Castro ED |  | A |  | EXSTAEK — — |  | Auto Cesar ED |  | ) |  | E |  | Ez |  | EZ |  | ÇE |  | — AA |  | n |  | n |  | .Qª |  | s |  | |) ELEIÇÕES 2026 |  | 19:27/ (Senado ) MICHELLE BblSONARO E BIA KICIS, DO PL, ELEITAS SENADORAS NO DISTRITO FEDERAL | "
f_0170.png,11290,19:27:56,0,"tvSenado |  | — |  | - |  | SENADOR |  | V |  | Piauí |  | — |  | i |  | urnas apuradas: 75,04% eRENEENENEENS > |  | D |  | ELEIÇA |  | - |  | Marcelo Castro |  | o |  | 356% EE » |  | áll |  | Julio Cesar |  | A À |  | e |  | 2698% EM — |  | Ciro Nogueira |  | 24% EE |  | Tiago Junqueira ED |  | G |  | 9232% q > |  | |) ELEIÇÕES 2026 |  | 19:27 |  | Senado ) REINALDO AZAMBUJA E CAPITÃO CONTAR, AMBOS DO PL, ELEITOS NO MATO GROSSO DO SUL | "
f_0171.png,11300,19:28:06,0,"tvSenado |  | SENADOR |  | Piauí |  | Urnas apuradas: 75,04% GEENENNENSENS > |  | ELEIÇA |  | Marcelo Castro  (vo5) |  | 3566% EE — » |  | /3'5 |  | o X |  | =S |  | Julio Cesar |  | - |  | DLA À |  | 2698% EM — |  | Ciro Nogueira |  | 24,41% |  | ( ) |  | Tiago Junqueira / ED |  | AÀ |  | 9232% CqC > |  | ) |  | m |  | |) ELEIÇÕES 2026 |  | 19:28  (Senado) NO PARANÁ, FILIPE BARROS (PL) E DELTAN DALLAGNOL (NOVO) ELEITOS SENADORES | "
f_0172.png,11310,19:28:16,0,"— |  | tvsSenado |  | T |  | SENADOR |  | / |  | Piauí |  | Urnas apuradas: 75,04% eEENEEENENSN » |  | çá |  | Marcelo Castro |  | 35,16% EN D) |  | = |  | Julio Cesar |  | LA À |  | 26,98% |  | em . ... |  | 7 |  | Ciro Nogueira |  | 24,41% |  | - — |  | Tiago Junqueira E |  | Ú |  | 923% q > ' x—» |  | |) ELEIÇÕES 2026 |  | 19:28 LUCAS RIBEIRO (PP) ELEITO GOVERNADOR NA PARAÍBA | "
f_0173.png,11320,19:28:26,0,"= |  | tvsSenado |  | E |  | — SENADOR |  | — |  | ( |  | ES |  | Piauí |  | Uumas apuradas: 75,04% ex — > |  | Marcelo Castro  (vDB) |  | 3516% EM > |  | Julio Cesar |  | 26989% EM — |  | — |  | Ciro Nogueira |  | 24,41% |  | elD==— > |  | Tiago Junqueira ED |  | 9132% EE |  | = |  | 19:28 RORAIMA: ARTHUR HENRIQUE (PL) ELEITO GOVERNADOR EM PRIMEIRO TURNO | "
f_0174.png,11330,19:28:36,0,R |  | y |  | ' |  | h |  | .l |  | tvsenado |  | | |  | il |  | AOVIVO s apuradas:- |  | — |  | 7500 — |  | Marcilo Castro ED |  | NS |  | ESA — |  | 1 |  | Auio Cesas ED |  | . |  | G |  | ) |  | L |  | x T7A |  | ) |  | ma |  | o ET |  | ET |  | P |  | >) |  | m..— |  | “ |  | ”ó |  | ) ELEIÇÕES 2026 |  | 19:28 ELEITO EM PRIME_IÉTZÍURNO OTAVIANO PIVETTA (REPUBLICANOS) GOVERNADOR DE MATO GROSSO |  | — | 
f_0175.png,11340,19:28:46,0,"E |  | | |  | 2 | |  | ,1 |  | tvsenado |  | D |  | | |  | m MTmA apuradas: 1500x ex |  | s& |  | Marcelo Castro ED |  | ESA — — |  | $ |  | Auio Casar ED |  | F. |  | v |  | [ A |  | EX |  | w:—-*/ |  | EEA |  | 2— |  | á |  | ) |  | a o |  | - |  | . |  | e |  | |) ELEIÇÕES 2026 |  | 19:28 JORGINHO MELLO (PL) REELEITO GOVERNADOR DE SANTA CATARINA | "
f_0176.png,11350,19:28:56,0,"GOVERNADOR |  | tvsenado |  | - |  | Alagoas |  | | |  | Urnas apuradas: 4185% emHo — > |  | Renan Filho / () |  | 5159% EE |  | S |  | S |  | JHC s) |  | = |  | 48,04% —:) |  | Lenilda Luna/ CD |  | — Sm |  | 032% EE |  | n ? |  | Márcio Jambo Cemocata) |  | 005% GEm |  | Ll |  | & |  | 19:28  (Eleitos) NO RIO GRANDE DO SUL, ZUCCO (PL) ELEITO GOVERNADOR | "
f_0177.png,11360,19:29:06,0,"tvsenado |  | sac |  | — |  | tel |  | [,_ |  | Alagoas |  | "" |  | S |  | Urnas apuradas: 4185% . |  | —S<õ- > |  | Arthur Lira |  | o |  | 30,40% |  | FmA |  | t |  | Marina JHC |  | ) |  | 26/86% EM |  | & |  | 1 2— |  | Renan |  | 2435% EE > |  | Dr. Wanderley |  | n% |  | MTA —— |  | e |  | 19:3 |  | Eleições ) ACESSE A PÁGINA ESPECIAL: LINK.SENADO.LEG.BR/ELEICOES | "
f_0178.png,11370,19:29:16,0,"tvSenado |  | AOVIVO |  | SENADOR |  | V |  | Alagoas |  | urnas apuradas: 4,855 GEN — |  | Arthur Lira |  | 3040% EM — » |  | C) |  | Marina JHC |  | º,x |  | 26,8%6 EM » |  | Renan |  | G |  | 2435% EM > |  | Dr. Wanderley |  | n% E > |  | 19:29 PÁGINA ESPECIAL DA AGÊNCIA CÂMARA: CD.LEG.BR/VOTO2026 | "
f_0179.png,11380,19:29:26,0,y |  | tvsenado |  | h |  | —— |  | | |  | V |  | AOVIVO |  | Aagoss |  | Sapuradas am em — |  | Arhuria & |  | ETA — |  | à |  | SS |  | Martra H ED |  | 268% EX |  | r |  | lwª |  | O E |  | mNN |  | & |  | TU |  | 3o |  | ee |  | e |  | |) ELEIÇÕES 2026 |  | 19:29 ACOMPANHE A mícsms_s!.o ESPECIAL EM YOUTUBE.COM/TVSENADO | 
f_0180.png,11390,19:29:36,0,"tvsenado |  | h |  | H |  | | |  | AOVIVO s apuradas: amx |  | Arhturuia & |  | AV) |  | 3040% ENT |  | = |  | aa MC ED |  | 260% EE —— |  | F |  | N |  | P |  | À —ue — |  | E |  | && E= |  | —— E |  | SS |  | , |  | tal |  | — |  | — |  | - |  | — Ú |  | * |  | S |  | ” |  | |) ELEIÇÕES 2026 |  | 19:29 CONTEÚDOS ESPECIAIS TAMBÉM ESTÃO NO KWAI E NO TIKTOK. CONFIRA EM GTVSENADO | "
f_0181.png,11400,19:29:46,0,"tvsenado |  | — |  | SENADOR E . |  | AEEÇES |  | Umas apuradas: 4185% em — > |  | Arthur Lira |  | 3040% EM |  | » |  | Marina JHC |  | & |  | 26,18% |  | ex . |  | — |  | Renan (os) |  | —XXA ; |  | 235% EM |  | 1 |  | Dr. Wanderley |  | ) |  | M% Ez —> |  | Á |  | |-. |  | 19:29 CONFIRA MAIS INFORMAÇÕES EM GTVSENADO, NO INSTAGRAM E NO mgzeoox | "
f_0182.png,11410,19:29:56,0,"tvsenado |  | F |  | SENADOR |  | Alagoas |  | Urnas apuradas: 4185% eeNhhÇIO —— |  | Arthur Lira |  | e |  | 3040% EM > |  | ) |  | m |  | Marina JHC |  | & |  | ) |  | 26(86 EM — |  | Renan |  | 2435% EE -- > |  | Dr. Wanderley |  | n% |  | C —— |  | "". |  | = |  | e |  | ÇÕ |  | am |  | 19:29 'A TRANSMISSÃO AO VIVO TAMBÉM ESTÁ NO FACEBOOK QTVCAMARADEI;UTADOS ERADIOCAMARA | "
f_0183.png,11420,19:30:06,0,"tvsenado |  | E= |  | — GOVERNADOR |  | ] |  | V |  | Alagoas |  | ta À |  | Urnas apuradas: 4185% emHO — |  | & |  | = |  | Renan Filho |  | 5159% EN — > |  | X B |  | JHC |  | = |  | 4804% EE — > |  | Lenilda Luna |  | [0,32%)] s |  | R |  | S |  | Márcio Jambo |  | 005% EC=D E |  | Y |  | —— |  | — |  | - |  | — |  | Apíuração ao vivo . |  | EE |  | 19:30 PARTICIPE: ENVIE PERGUNTAS PELO TIKTOK GTVCAMARADEPUTADOS | "
f_0184.png,11430,19:30:16,0,"tvySenado |  | | |  | - GOVERNADOR |  | ( |  | Alagoas — |  | | |  | E |  | Urnas apuradas: 41,85% |  | —— —— |  | Renan Filho |  | 5159% ENM — > |  | JHC |  | 4804% EE — > |  | s |  | Lenilda Luna / CD |  | 032% CssPEE D |  | Márcio Jambo |  | 005% D —— |  | , s |  | — Apuraçã |  | — |  | , o ao vivo |  | E= a |  | s EESOCISEN NEMNT STS CNITTTAO | "
f_0185.png,11440,19:30:26,0,A * |  | J E!.EIÇÓES p |  | & |  | E = |  | À |  | nmasa |  | —— |  | NMA |  | 31 U= |  | ma s |  | SA |  | ..— |  | f |  | p |  | = —— |  | |) ELEIÇÕES 202 |  | 6 |  | x>. |  | Apuração ao vivo B |  | K'& |  | — |  | Mi |  | %W |  | EN |  | 19:30 cnh-'x |  | ICAS E SlfG?rOES PODEM SER ENCAMINHADAS PARA A TV SEI;ADO PEUIK-OUVIDORIA |  | —— | 
f_0186.png,11450,19:30:36,0,"lado |  | — |  | "" |  | GOVERNADOR |  | / |  | Alagoas |  | — |  | Urnas apuradas: 4185% GRENENEN |  | D |  | ELEIÇÃ |  | Renan Filho |  | NW |  | 5159% NM > |  | Q—-u |  | JHC |  | = |  | LA À |  | 4804% EM — » |  | Lenilda Luna/ &S |  | 0,32% |  | - |  | ºx |  | Márcio Jambo |  | o |  | 0,05% |  | Ç |  | |) ELEIÇÕES 2026 |  | Apuração ao vivo |  | 19:30  (Ouvidoria ) QUER FALAR COM O SENADO? LIGUE: 0800 061 22 11 PARA SUGESTÕES, ELOGIOS E DENÚNCIAS | "
f_0187.png,11460,19:30:46,0,"— |  | tvSenado |  | —— |  | GOVERNADOR |  | V |  | Alagoas |  | urnas apuradas: 4,85% GEN |  | ELEIÇÃ |  | Renan Filho |  | NW |  | 51590% NO —— > |  | ? |  | JHC |  | ” |  | LA À |  | a |  | (ªw |  | 4804% EM — » |  | Lenilda Luna/ ED |  | x V |  | 0,32% |  | 4 |  | (º* |  | Márcio Jambo |  | g. |  | 0,05% |  | |) ELEIÇÕES 2026 |  | Apuração ao vivo |  | 19:30  (Ouvidoria ) SAIBA MAIS EM WWW.SENADO.LEG.BR/OUVIDORIA | "
f_0188.png,11470,19:30:56,0,"jado |  | — |  | GOVERNADOR |  | V |  | Alagoas |  | uUrnas apuradas: 4185% GEN |  | Renan Filho |  | 5159% EN —— > |  | JHC |  | 47 |  | 4804% EE — » |  | LA É |  | s |  | Lenilda Luna/CD |  | W |  | ) |  | 0,32% |  | ( |  | Márcio Jambo |  | C |  | —— |  | 0,05% |  | MNMNA |  | Í | |  | | ELEIÇÕES 2026 |  | Apuração ao vivo |  | 19:30  (Ouvidoria ) QUER FALAR COM A CÂMARA? LIGUE: 0800 O 619619 OU PELO WHATSAPP (61) 3216-0000 | "
f_0189.png,11480,19:31:06,0,"tvsenado |  | m |  | — GOVERNADOR |  | "" |  | o |  | Alagoas |  | E |  | Umas apuradas: 4185% em |  | Renan Filho |  | 5159% ENM — > |  | Y |  | i |  | JHC |  | 4804% EE — > |  | Lenilda Luna |  | * |  | o |  | 0132961 EE s =D |  | Márcio Jambo |  | 0/05% M ECcCEEA |  | H |  | . |  | sF |  | Apuração ao vivo |  | 707:31 Informação ) MENSAGEM DUVIDOSA SOBRE O SENADO? FALE COM O WHATSAPP DO SENADO VERIFICA: 61 98190-0601 | "
f_0190.png,11490,19:31:16,0,"tvsenado |  | l,_ |  | GOVERNADOR |  | ( |  | Alagoas |  | Umas apuradas: 4185% em — |  | Renan Filho |  | 5159% ENM — > |  | JHC |  | 4804% EE — > |  | Lenilda Luna / CD |  | a 18 |  | 0,32%) EE |  | Márcio Jambo |  | 005% EE |  | 2> |  | Apuração ao vivo |  | -ªjw |  | 07:31 |  | (Informação ) MENSAGEM DUVIDOSA SOBRE A CÂMARA? FALE COM O WHATSAPP DA CÂMARA COMPROVE: 61 99660-2003 | "
f_0191.png,11500,19:31:26,0,"TT |  | À |  | —— |  | "" )) |  | tvsenado |  | ) |  | SOVERNADOR |  | ál |  | AOVIVO s apuraças: |  | R |  | í |  | NE |  | d= |  | EN |  | a04% EEEEE — — |  | = |  | venaa taa E — |  | o3% |  | E |  | anho ES — |  | .. |  | & |  | ô « |  | |) ELEIÇÕES 2026 |  | > |  | Apuração ao vivo |  | F |  | 19:31 Senadnr —RONDONIA?;RZ EE;N;N];O MÁXIMO E BRUNO SCHEID, DO PL, ELEITOS | "
f_0192.png,11510,19:31:36,0,"e |  | 'fEJLEIÇÓES 2 |  | à |  | — |  | N |  | , |  | sc |  | —n M sa |  | ———= - |  | A |  | meOos |  | —c o |  | — |  | A |  | á o |  | e |  | |) ELEIÇÕES 2 |  | 026 |  | Apuração ao vivq |  | &'# |  | o |  | 7 |  | | |  | EN Canaao) EN ENSN (PL) E MAR |  | CEL VAN |  | ;ATI'EM (NOVO) ELEITOS NO I;IOERANDE D:) suL |  | —— | "
f_0193.png,11520,19:31:46,0,"ELEIÇÕES 2* |  | ª'f |  | a |  | p d |  | , ) |  | > |  | 2 Q |  | 7 |  | EG |  | ELEIÇ |  | ÕEt |  | Ápúâção aó viyo |  | 19:31 MATO GROSSO: MAURO MENDES (UNIÃO) E ZÉ MEDEIROS (PL) ELEITO: |  | s |  | —————""—Y—Y | "
f_0194.png,11530,19:31:56,0,"tvsenado |  | l |  | A N |  | DA |  | C2) |  | X / |  | ) |  | F |  | — |  | À |  | À E |  | S ) |  | d |  | | ELEIÇÕES 2026 |  | íf |  | Á |  | Apuração ao vivo |  | A "" |  | Ã |  | À |  | =- |  | — |  | "" a . |  | 19:31 | "
f_0195.png,11540,19:32:06,0,"tvsenado |  | E =E |  | L |  | T E |  | M |  | * |  | S |  | D |  | ÃA |  | fm |  | D |  | VZ |  | |) ELEIÇÕES 2026 |  | Apuração ao vivo |  | —m n |  | 19:32 |  | REINALDO AZAMBUJA E CAPITÃO CONTAR, AMBOS DO PL, E |  | iROSSO | "
f_0196.png,11550,19:32:16,0,"tvSenado |  | GOVERNADOR |  | ( |  | Alagoas |  | urnas apuradas: 4185% GEENENN - |  | Renan Filho (&os) |  | N |  | 5159% T — |  | ) |  | JHC Esos) |  | 4804% EE — |  | & |  | 1/m |  | Lenilda Luna /GS |  | = |  | ) |  | 0,32% |  | Márcio Jambo |  | —— |  | ) |  | 0,05% |  | = & |  | ) ELEIÇÕES 2026 |  | Apuração ao vivo |  | 19:32  (Senado) NO PARANÁ, FILIPE BARROS (PL) E DELTAN DALLAGNOL (NOVO) ELEITOS SENADORES | "
f_0197.png,11560,19:32:26,0,"Tm |  | tvSenado |  | | |  | GOVERNADOR | |  | Alagoas |  | | |  | aovIVo |  | —, Urnas apuradas; |  | 1 qm . . |  | o |  | € |  | Renan Filho |  | 51,59% ENM - > |  | JHC |  | 4804% EE — > |  | Lenilda Luna |  | 0,32%)] TEc ) |  | o |  | Márcio Jambo |  | EJ |  | | |  | (oX(o-5, 0 —— |  | r- |  | """". VApuração ao vivo |  | 19:32 LUCAS RIBEIRO (PP) ELEITO GOVERNADOR NA PARAÍBA | "
f_0198.png,11570,19:32:36,0,cn |  | —— |  | tvsenado |  | AOVIVO |  | TA |  | VEm |  | [ |  | S |  | — / |  | PEx |  | e |  | s) |  | e |  | s |  | F |  | = |  | ? |  | — — ) ELEIÇÕES 2026 |  | Apuração ao vivo |  | . |  | t— |  | — . |  | 19:32 RO |  | — |  | RAIMA: AR'THÚR;ENRIQUE (F.'L) ELEITO GOVERNADOR EM PRIME]E;ZO TURNO | 
f_0199.png,11580,19:32:46,0,” |  | tvsenado |  | “ |  | lo |  | / [ |  | —— E |  | h |  | | |  | É |  | O |  | p |  | ) ELEIÇÕES 2026 |  | E |  | Apuração ao vivo |  | W |  | 19:32 ELEITO EM PRIMEIRO TURNO OTAVIANO PIVETTA (REPUBLICANOS) GOVERNADOR DE MATO GROSSO |  | — | 
f_0200.png,11590,19:32:56,0,"tvwsenado |  | ""R) |  | 15MS |  | D) |  | Y |  | E |  | Y |  | ? |  | ” |  | M ) ELEIÇÕES 2026 |  | T |  | Dinalva Ferreira |  | Apuração ao vivo |  | Ú |  | Brasília (DF) |  | 19:32 RONDÔNIA: MARCOS R-O'GERIO (PL) ELEITO GOVERNADOR | "
f_0201.png,11600,19:33:06,0,t— |  | tvsenado |  | W |  | a |  | W' |  | f á |  | — |  | /.. íl-:LaçõEs 2026 |  | Apuração ao vivo |  | V |  | 19:33 JORGINHO MELLO (PL) REELEITO GOVERNADOR DE SANTA CATAI |  | RINA |  | — | 
f_0202.png,11610,19:33:16,0,"i= |  | * |  | tvsenado |  | AO VIVO |  | F |  | —.. |  | & |  | £ |  | D |  | Y |  | 1m | |  | % |  | Ú |  | P |  | > |  | -. |  | e |  | ' .f|-|!' |  | - |  | M |) ELEIÇÕES 2026 |  | W |  | - |  | Apuração ao vivo |  | 19:33 NO RIO GEA'ÉE DO SUL, ZUCCO (PL) ELEITO GOVERNADOR | "
f_0203.png,11620,19:33:26,0,"t—— - |  | tvsenado |  | AOVIVO |  | EM |  | N |  | e , - |  | s / |  | Ô |  | |, |  | M | ELEIÇÕES 2026 |  | l |  | Apuração ao vivo |  | 19:33 (Eleições) ACESSE A PÁGINA ESPECIAL: LINK.SENADO.LEG.BR/ELEICOES | "
f_0204.png,11630,19:33:36,0,"—— |  | tvsenado |  | ) |  | AO VIVO |  | ED |  | A |  | qac |  | / |  | >D s |  | / , |  | c |  | /& |  | - |  | i |  | MT |  | , |  | M ) ELEIÇÕES 2026 |  | Apuração ao vivo |  | b |  | = |  | 19:33 |  | — | "
f_0205.png,11640,19:33:46,0,"[ s |  | tvsenado. |  | W |  | , R |  | - |  | (T |  | P |  | F |  | '“' |  | ':' rELElçõEs 2026 |  | - |  | Apuração ao vivo lJ |  | — |  | 19:33 CONTEÚDOS ESPECIAIS TAMBÉM ESTÃO NO KWAI E NO TIKTOK. CONFIRA EM GTVSENADO |  | —— |  | — |  | — | "
f_0206.png,11650,19:33:56,0,"t—— |  | ) |  | tvsenado |  | o |  | = |  | W |  | *x |  | | |  | i |  | A |  | P |  | 1 |  | . |  | 7 |  | .iIIÍ |  | E 'L'ELE[çõEs 2026 |  | W |  | Apuração ao vivo |  | 19:33  (Mídias CONFIRAEAAÉ INFORMAÇÓEiEM GOTVSENADO, NO !NSTA(.;I;ÃM ENO FA'C |  | EBOOK |  | — | "
f_0207.png,11660,19:34:06,0,. |  | —— |  | taan id |  | tvsenado |  | F |  | = |  | á |  | D) |  | —” |  | / V |  | _'-- |  | 18 d |  | e |  | L |  | — |  | ” |  | ã;.HÇÓE 2026 |  | Apuração ao vivo |  | 19:34  (Mídias) A TRANSM!SSÃO AO VIVO TAMBÉM ESTÁ NO FACEBOOK GTVCAMARADEPUTADOS GRADIOCAMARA |  | — |  | VNS d |  | — | 
f_0208.png,11670,19:34:16,0,"t—— |  | tvsenado |  | AOVIVO |  | n |  | l—p_,'. — |  | A |  | .Z |  | Zh |  | á |  | ( |  | Rs 'ly |  | c |  | M |  | ” 1) |  | /.'L ET.EÇÓES 2026 |  | L |  | D |  | Apuração ao vivo |  | o |  | 19:34 PARTICIPÉ: ENVIí PERGUN |  | ITAS PELO TIKTOK QTVMMARADEPJI'ADOS |  | — |  | EE | "
f_0209.png,11680,19:34:26,0,"RD o |  | tvsenado |  | AOVIVO |  | [ “* |  | — |  | N |  | / |  | V |  | a |  | j |  | ' , |  | 2P |  | MT |  | /- .kELE[ÇÓES 2026 |  | TE |  | Apuração ao vivo |  | "" |  | F |  | EN |  | 19:34 AACOMPANHE TUDO AO VIVO NO YOUTUBE DA CÂMARA GCAMARADOSDEPUTADOSOFICIAL |  | — |  | — | "
f_0210.png,11690,19:34:36,0,i |  | ' |  | tvsenado |  | AO VIVO |  | D) |  | |4 |  | q_'f |  | d |  | á |  | - |  | || |  | k .[;LHÇÓES 2026 |  | V |  | j |  | Apuração ao vivo |  | 19:34  (Mídias ) MAIS INFORMAÇÕES NO PERFILªO X GCAMARADEPUTADOS |  | - | 
f_0211.png,11700,19:34:46,0,tvsenado |  | A |  | . |  | TPA |  | . |  | —— |  | y |  | n |  | 1m A |  | Á |  | - |  | f |  | |) ELEIÇÕES 2026 |  | Apuração ao vivo |  | é |  | a |  | 22 m |  | 19:34 |  | CRÍTICAS É SUGF:ÉTO PODEM SER ENCAMINHADAS PARA A TV SENADO PELA OUVIDORIA | 
f_0212.png,11710,19:34:56,0,"— |  | — |  | — GOVERNADOR |  | tvsenado |  | ã |  | ( |  | Alagoas |  | igaS apuradas: 4185% —: |  | Renan Filho  (&o5) |  | 5159% ENM — > |  | * |  | JHC s) |  | 4804% EE — > |  | g) |  | Lenilda Luna/ OD |  | F |  | 0132% EE |  | Á |  | Márcio Jambo GCemocata) |  | é |  | 005% EE E — |  | L |  | > |  | — |  | — Apuraçãoaovivo |  | == |  | 19:34 — QUER FALAR COM O SENADO? LIGUE: 0800 061 22 11 PARA SUGESTÕES, ELOGIOS E DENÚNCIAS | "
f_0213.png,11720,19:35:06,0,"GOVERNADOR |  | tvsenado |  | | |  | / |  | Alagoas |  | i asapuradas 41,85% —: |  | Renan Filho (&os) |  | 5159% ENM — > |  | V |  | i |  | JHC Esos) |  | 4804% EE — > |  | ""m |  | = |  | Lenilda Luna / C5) |  | ,ª; |  | 0132%] — Ec —— |  | Márcio Jambo Cemocata) |  | ” |  | [0/05% D GE |  | Ê |  | D) |  | — |  | Ntª |  | rWha;:)vlvo |  | — |  | — |  | 1235 Oridora) | "
f_0214.png,11730,19:35:16,0,tvsenado |  | GOVERNADOR |  | V |  | Goiás |  | Urnas apuradas: 9123% = ERNNNNNSS > |  | Daniel Vilela |  | 5888% E > |  | o |  | Wilder Morais ED |  | 222% EM |  | Luis Cesar Bueno ED |  | 9/5% E |  | U |  | |) ELEIÇÕES 2026 |  | Marconi Perillo |  | Apuração ao vivo |  | â ) |  | a |  | - |  | 879% & D |  | s |  | 07:35. (Informação ) MENSAGEM DUVIDOSA SOBRE O SENADO? FALE COM O WHATSAPP DO SENADO VERIFICA: 61 98190-0601 | 
f_0215.png,11740,19:35:26,0,tvsenado |  | E |  | — GOVERNADOR |  | — |  | (/ |  | Goiás |  | Urmas apuradas: 9123% = ex > |  | » |  | Éé |  | Daniel Vilela |  | 5888% GEMNT — > |  | | |  | ç |  | Wilder Morais ED |  | v |  | 22% EE )> |  | Luis Cesar Bueno/ ED |  | 975% E — —— |  | ml'ª |  | Marconi Perillo |  | & |  | 879% / CLT — |  | 1 |  | . |  | — ) eELEIÇÕES 2026 |  | : |  | Apuração ao vivo |  | ” |  | + |  | d |  | 07:35 (Informação ) MENSAGEM DUVIDOSA SOBRE A CÂMARA? FALE COM O WHATSAPP DA CÂMARA COMPROVE: 61 99660-2003 | 
f_0216.png,11750,19:35:36,0,"s |  | GOVERNADOR |  | tvsenado |  | | |  | Sergipe — |  | » |  | umas apuradas: 92,32% - ax > |  | Fábio ED |  | A |  | 59,02% EE -- |  | | |  | Valmir de Francisquinho  (Fpoblaros) |  | & |  | 3,59% EE » |  | | |  | Dr. Helton/ &s) |  | , |  | 3:16%] E= |  | F |  | Taty Cristina de Jesus ) |  | 0,23% |  | o |  | — ) eLEIÇÕES 2026 |  | ” |  | -- |  | Apuração ao vivo |  | 19:35 (« |  | Senado RONDÔNIA: DR. FERNANDO MÁXIMO E BRUNO SCHEID, DO PL, ELEITOS | "
f_0217.png,11760,19:35:46,0,"tvsenado |  | SENADOR |  | V |  | Goiás |  | urnas apuradas: 91239 RN > |  | Gustavo Gayer (D |  | 2//%6 E > |  | Gracinha Caiado |  | 21585% EM |  | Dr. Zacharias Calil |  | 51% E > |  | E |  | |) ELEIÇÕES 2026 |  | Oséias Varão ED |  | Apuração ao vivo |  | 10,280% E |  | 19:35 (Senado ) SANDERSON (PL) E MARCEL VAN HATTEM (NOVO) ELEITOS NO RIO GRANDE DO SUL | "
f_0218.png,11770,19:35:56,0,"— |  | —— |  | m |  | s |  | tvsenado |  | SENADOR |  | s“ |  | Goiás |  | e UIMAS apuradas: 9123% = ex > |  | Gustavo Gayer (D |  | 2A771% EM > |  | yA | |  | Gracinha Caiado - Crião) |  | 21,58% |  | a E |  | o |  | Dr. Zacharias Calil |  | TV |  | Ê |  | 151% E |  | - |  | Oséias Varão ED |  | 10,28% C T |  | L |  | e |  | Apuração ao vivo |  | ” |  | 19:35 Sénadn MATO GROSSO: MAURO MENDES (UNIÃO) E ZÉ MEDEIROS (PL) ELEITOS | "
f_0219.png,11780,19:36:06,0,"tvsenado |  | CÂMARA DOS DEPUTADOS . |  | Goiás |  | urr;as apuradas: 91,23% |  | TE—— |  | [FredRodigues —— o COESA |  | Luasbovade — &S EZES |  | |eLEIÇÕES 2026 | Magda Mofato TSS KEIESTA |  | Apuração ao vivo |  | 107393 |  | Lm |  | 19:36  (Senado) JOÃO AZEVÊDO (PSB) ELEITO SENADOR NA PARAÍBA; VENEZIANO (MDB) EM SEGUNDO NA APURAÇÃO | "
f_0220.png,11790,19:36:16,1,"tvsenado |  | CÂMARA DOS DEPUTADOS . |  | Goiás |  | | |  | | |  | urnas apuradas: 9123% / LD |  | BrnoPexoto — GS [S |  | 1. |  | - FredRodigues —— —— o DTm |  | VT |  | (MDB) |  | Luasbovate = &S EE |  | nti |  | 117282 |  | “ MagdaMofato = & [EEESA |  | |) ELEIÇÕES 2026 |  | 19:36 (Senado ) MICHELLE BOLSONARO E BIA KICIS, DO PL, ELEITAS SENADORAS NO DISTRITO FEDERAL | "
f_0221.png,11800,19:36:26,0,"tvsenado |  | | |  | CÂMARA DOS DEPUTADOS . |  | Goiás |  | = - J |  | movmo s |  | Urnas apuradas: 91,23% |  | En |  | - |  | 186.603 |  | N |  | L |  | A |  | REE |  | () |  | WN |  | W |  | TedRodigies M G] REEA |  | 5— |  | ávia M |  | 3,85% |  | EpVETTTIITES) EE |  | Aav |  | () |  | T7 |  | Santiag |  | 115.269 |  | (G) |  | Do |  | - |  | P= o |  | — |  | 19:36 REINALDO AZAMBUJA E CAPITÃO CONTAR, AMBOS DO PL, ELEITOS NO MATO GROSSO DO SUL | "
f_0222.png,11810,19:36:36,0,"tvsenado |  | — |  | — GOVERNADOR |  | = |  | / |  | Sergipe |  | UMnas apuradas: 92,32% ex > |  | cm .. |  | Fábio |  | PM |  | 59,02% GEM -- |  | Valmir de Francisquinho |  | 375% EE > |  | Dr. Helton |  | ç'º |  | 3:16%) aíCoor== |  | ” |  | Taty Cristina de Jesus ) |  | W' i |  | 0,23% |  | —— |  | É |  | b |  | Ã |  | 19:36 |  | NO PARANÁ, FILIPE BARROS (PL) E DELTAN DALLAGNOL (NOVO) ELEITOS SE*AWR | "
f_0223.png,11820,19:36:46,0,"tvsenado |  | GOVERNADOR |  | V |  | Sergipe |  | urnas apuradas: 92,32%6 EENNNNNNNNSSS > |  | Fábio |  | ( |  | â |  | 59,02% NET » |  | Valmir de Francisquinho (Republicanos) |  | 3759% EEA — > |  | Dr. Helton |  | Y |  | 3,16% |  | ( |  | Ê |  | Taty Cristina de Jesus Co |  | y |  | |) ELEIÇÕES 2026 |  | — |  | 0,23% |  | 19:36 KUKALIMA: AKI HUK HENKIVUE (FL) ELELIU UUVEKNAUUK EM FRIMEIKU 1UKNU | "
f_0224.png,11830,19:36:56,0,"tvsenado |  | GOVERNADOR |  | V |  | Sergipe |  | Urnas apuradas: 92,32% - EE > |  | Fábio |  | SNEMN | |  | & |  | 59,02% EE » |  | Valmir de Francisquinho (Republicanos) |  | 3/,59% EA — » |  | Dr. Helton |  | 3,16% |  | ( |  | Taty Cristina de Jesus o |  | |) ELEIÇÕES 2026 |  | —— |  | 0,23% |  | 19:36 ELEITO EM PRIMEIRO TURNO OTAVIANO PIVETTA (REPUBLICANOS) GOVERNADOR DE MATO GROSSO | "
f_0225.png,11840,19:37:06,0,"tvsenado |  | SENADOR |  | V |  | Sergipe |  | urnas apuradas: 92,32%/- EEENNNNNNSS > |  | Rogerio Carvalho / ED |  | 2/% EM » |  | ( |  | m |  | Delegado Alessandro |  | p |  | 74% E » |  | S |  | Delegado André David (Republicanos) |  | 1664% EM > |  | s |  | André Moura |  | 1554% EE > |  | 19:37 RONDÔNIA: MARCOS ROGÉRIO (PL) ELEITO GOVERNADOR | "
f_0226.png,11850,19:37:16,0,"tvsenado |  | SENADOR |  | T |  | Í |  | Sergipe |  | urnas apuradas: 92,32%/- EE > |  | Rogerio Carvalho / ED |  | & |  | 2/% EM » |  | ) |  | Delegado Alessandro (vos) |  | f&v |  | 74% E » |  | Delegado André David (Republicanos) |  | /.3 |  | 1664% EM » |  | André Moura (Cniso) |  | 15154% EE |  | ) ELEIÇÕES 2026 ª) |  | 19:37 (Eleitos) JORGINHO MELLO (PL) REELEITO GOVERNADOR DE SANTA CATARINA | "
f_0227.png,11860,19:37:26,0,"—  SENADOR |  | tvsenado |  | m |  | — |  | V |  | Serglpe |  | e |  | Urnas apuradas: 9232% ex > |  | Rogerio Carvalho &D |  | 24% EM > |  | ª('r |  | : |  | Delegado Alessandro (vos) |  | 74% E |  | | |  | Delegado André David (FrueIaRs) |  | aa |  | h |  | 1664% EM > |  | | |  | André Moura  Crião) |  | 1554% ET |  | -= |  | — |  | e ) |  | 19:37/ (Eleitos) NO RIO GRANDE DO SUL, ZUCCO (PL) ELEITO GOVERNADOR | "
f_0228.png,11870,19:37:36,0,"tvsenado |  | CÂMARA DOS DEPUTADOS . |  | L |  | -= |  | — Sergipe |  | ] |  | urnas apuradas: 83,83%6 / LD |  | CandaMoera — GS 05 |  | osebantet == O ES |  | Rei: |  | Dekeima — &S ES |  | | Capitão Samuel -- — & EE |  | V |  | ) ELEIÇÕES 2026 |  | 19:37 ACESSE A PÁGINA ESPECIAL: LINK.SENADO.LEG.BR/ELEICOES | "
f_0229.png,11880,19:37:46,0,"f | |  | tvsenado |  | — CÂMARA DOS DEPUTADOS . |  | Sergipe |  | Umas apuradas: 8388% E |  | aaan ) ET |  | Claudio Mitidieri |  | BS |  | —?.,.._] |  | o |  | Fp ENEA |  | () |  | 5,68% |  | esTETITIITS) ES |  | o |  | De Valmir |  | apblara) |  | respeassame — e EA |  | — |  | m) |  | Marci |  | M |  | () |  | rcio |  | l |  | 19:37 |  | Eleições ) PÁGINA ESPECIAL DA AGÊNCIA CÂMARA: CD.LEG.BR/VOTO2026 | "
f_0230.png,11890,19:37:56,1,tvsenado |  | PRESIDENTE |  | V |  | Brasil |  | urnas apuradas: 6481% GENEENNNNNS » |  | Flávio Bolsonaro ED |  | 4958% A » |  | Lula ED |  | 4225% EM » |  | Augusto Cury |  | 297% EC — |  | Ronaldo Caiado |  | |) ELEIÇÕES 2026 |  | 234A% C > |  | 19:37 ACOMPANHE A TRANSMISSÃO ESPECIAL EM YOUTUBE.COM/TVSENADO | 
f_0231.png,11900,19:38:06,1,"tvsenado |  | PRESIDENTE |  | Í |  | Brasil |  | urnas apuradas: 64,816 GENEEENNNNS > |  | Flávio Bolsonaro FD |  | 49586% NEM » |  | [ETTENNGO) |  | 4225% EE » |  | Augusto Cury |  | 297% C |  | Ronaldo Caiado |  | |) ELEIÇÕES 2026 |  | 234A% C |  | 19:38 CONTEÚDOS ESPECIAIS TAMBÉM ESTÃO NO KWAI E NO TIKTOK. CONFIRA EM GTVSENADO | "
f_0232.png,11910,19:38:16,0,. |  | f |  | ” |  | * |  | Y” |  | ZS |  | S; |  | Ú |  | Z |  | = |  | —— |  | 19:38 |  | (Mídias) | 
f_0233.png,11920,19:38:26,0,tv: |  | 19:38 PARTICIPE: ENVIE PERGUNTAS PELO TIKTOK GTVCAMARADEPUTADOS | 
f_0234.png,11930,19:38:36,0,tvSen |  | ESIDENTE |  | Brasil |  | ACOMPANHE TUDO AO VIVO NO YOUTUBE DA CÂMARA GCAMARADOSDEPUTADOSOFICIAL | 
f_0235.png,11940,19:38:46,0,o |  | S |  | Ê |  | d |  | vV/ |  | SE |  | P |  | X |  | . | 
f_0236.png,11950,19:38:56,0,"— |  | | | |  | = |  | E *' |  | e TE |  | á |  | E |  | —l |  | 1E |  | h |  | A i |  | L |  | .. |  | ""x |  | FR |  | // |  | m |  | 19:38 cnm E SUGESTÕES PODEM SER ENCAMINHADAS PARA A TV SENADO PELA OUVIDORIA | "
f_0237.png,11960,19:39:06,0,"e "" |  | ELEI| |  | ) |  | v,/ |  | = |  | —— |  | o |  | 7 |  | TEA |  | DO e |  | A |  | m |  | FasgaeA |  | P” EA |  | meos |  | A |  | |) ELEIÇÕES 2026 |  | 19:39 Ouvldo;la QUER FALAR COM O SENAI |  | DO? LIGUE: 0800 061 22 11 PARA SUGESTÕES, ELOGIOS E DENÚNCIAS |  | —— |  | - |  | - | "
f_0238.png,11970,19:39:16,0,nado |  | Ê |  | AO VIVO |  | Ã |  | & |  | - |  | A |  | LB |  | |) ELEIÇÕES 2026 |  | 19:39  (Ouvidoria ) SAIBA MAIS EM WWW.SENADO.LEG.BR/OUVIDORIA | 
f_0239.png,11980,19:39:26,0,"Íadc |  | AOVIVO |  | — |  | A |  | Y4 |  | S |  | n d |  | Ã,g% |  | |) ELEIÇÕES 2026 |  | 19:39 QUER FALAR COM A CÂMARA? LIGUE: 0800 O 619619 OU PELO WHATSAPP (61) 3216-0000 | "
f_0240.png,11990,19:39:36,0,"jado |  | Ê |  | AO VIVO |  | E |  | J |  | À |  | & |  | LM |  | XS + |  | L"" |  | L |  | o |  | |) ELEIÇÕES 2026 |  | 07:39 (Informação) MENSAGEM DUVIDOSA SOBRE O SENADO? FALE COM O WHATSAPP DO SENADO VERIFICA: 61 98190-0601 | "
f_0241.png,12000,19:39:46,0,jado |  | == |  | 7 |  | /) |  | E - |  | a |  | |) ELEIÇÕES 2026 |  | 07:39 (Informação ) MENSAGEM DUVIDOSA SOBRE A CÂMARA? FALE COM O WHATSAPP DA CÂMARA COMPROVE: 61 99660-2003 | 
f_0242.png,12010,19:39:56,0,"1“ |  | RA |  | / |  | - |  | am |  | aa |  | Ç | |  | [edi |  | 19:39 RONDÔNIA: DR. FERNANDO MÁXIMO E BRUNO SCHEID, DO PL, ELEITOS | "
f_0243.png,12020,19:40:06,0,"PRESIDEN |  | Brasil |  | Á M |  | Pa |  | a |  | SA |  | - |  | H |  | D, |  | s. |  | D |  | 19:40 (Senado) MATO GROSSO: MAURO MENDES (UNIÃO) E ZÉ MEDEIROS (PL) ELEITOS | "
f_0244.png,12030,19:40:16,0,"tvsenado |  | GOVERNADOR |  | V |  | São Paulo |  | urnas apuradas: 76,22%/ GEN — > |  | , |  | Tarcísio  (Fepublicaros) |  | 6326% NN - > |  | Fernando Haddad ED |  | 3582% EE — » |  | ( |  | Vivian Mendes |  | 0,34% |  | L |  | y |  | 6 |  | Vera Lúcia ED |  | Á |  | |) ELEIÇÕES 2026 |  | ) |  | 0,32% |  | 19:40 (Senado) JOÃO AZEVÊDO (PSB) ELEITO SENADOR NA PARAÍBA; VENEZIANO (MDB) EM SEGUNDO NA APURAÇÃO | "
f_0245.png,12040,19:40:26,1,"tvsenado |  | GOVERNADOR |  | Í |  | São Paulo |  | urnas apuradas: 76,22% / GEENNENNNHEN > |  | * |  | N |  | Y |  | Tarcísio  (Fepublicanos) |  | / |  | ) |  | ” |  | 6326% NEE — >D |  | Fernando Haddad ED |  | 3582% EE — > |  | Vivian Mendes |  | 0,34% |  | Pa |  | ,gs ) |  | V |  | »*. |  | Vera Lúcia  EsT) |  | y |  | ma |  | |) ELEIÇÕES 2026 |  | ,Xª ) |  | 0,32% |  | 19:40 (Senado) MICHELLE BOLSONARO E BIA KICIS, DO PL, ELEITAS SENADORAS NO DISTRITO FEDERAL | "
f_0246.png,12050,19:40:36,0,"— |  | SENADOR |  | / |  | tvSenado |  | somo |  | Urnas apuradas: 88,89% - ex > |  | Guilherme Derrite |  | 3072% EM > |  | AE.) |  | iN |  | André do Prado & |  | / |  | í |  | 2938% EM - > |  | Simone Tebet |  | 191% E > |  | Marina Silva |  | 1801% E — —— |  | 19:40 |  | inado ) REINALDO AZAMBUJA E CAPITÃO CONTAR, AMBOS DO PL, ELEITOS NO MATO GROSSO DO SUL | "
f_0247.png,12060,19:40:46,0,"tvsenado |  | SENADOR |  | Í |  | São Paulo |  | urnas apuradas: 88,89% ""GEN > |  | Guilherme Derrite |  | 3072% EM — |  | André do Prado & |  | 2938% EMA — » |  | Simone Tebet |  | 19% EE > |  | QA |  | VETIESSNES |  | 180% E » |  | 19:40 (Senado) NO PARANÁ, FILIPE BARROS (PL) E DELTAN DALLAGNOL (NOVO) ELEITOS SENADORES | "
f_0248.png,12070,19:40:56,0,"tvsenado |  | SENADOR |  | V |  | São Paulo |  | urnas apuradas: 88,89% ""GEN > |  | Guilherme Derrite |  | / |  | s |  | 3072% EM — > |  | E |  | (F |  | André do Prado € |  | J |  | EZ |  | & |  | 2938% EM — » |  | e |  | Simone Tebet |  | QA |  | 19% E |  | o |  | õ |  | Ú |  | á |  | (F |  | Marina Silva |  | S |  | 1801% EM D |  | |) ELEIÇÕES 2026 |  | T |  | 19:40 LUCAS RIBEIRO (PP) ELEITO GOVERNADOR NA PARAÍBA | "
f_0249.png,12080,19:41:06,0,"| |  | tvsenado |  | | |  | E |  | m MNTAS apuradas: te,20x exmm— > |  | São Paulo, |  | Guilherme Derita & |  | E —— |  | André doPrado & |  | — |  | | |  | nª'——'“á |  | — |  | É |  | o |  | Gª aa PE |  | o |  | & |  | F |  | » |  | |) ELEIÇÕES 2026 |  | 19:41 RORAIMA: ARTHUR HENRIQUE (PL) ELEITO GOVERNADOR EM PRIMEIRO TURNO |  | — |  | = | "
f_0250.png,12090,19:41:16,0,"—l |  | — SENADOR |  | -. |  | V |  | tvsenado |  | SãoPaulo |  | = |  | Urnas apuradas: 88,89% |  | u |  | == |  | = |  | rovvo |  | E |  | Lsc —— |  | Guilherme Derrite |  | 3072% EM -- > |  | André do Prado ED |  | 2938% EM — |  | Simone Tebet |  | e |  | 19,1% |  | L ES |  | q |  | O |  | Marina Silva |  | H |  | 180% M > |  | F abio) |  | m—— |  | L| |  | N. |  | 19:41 ELEITO EM PRIMEIRO TURNO OTAVIANO PIVETTA (REPUBLICANOS) GOVERNADOR DE MATO GROSSO | "
f_0251.png,12100,19:41:26,0,"ado |  | ee | |  | x |  | SENADOR |  | V |  | São Paulo |  | Urnas apuradas: 88,89% "" GEENNNNNNNNNNNNNSS > |  | Guilherme Derrite |  | kAS |  | 30,/2% EM — |  | André do Prado ED |  | 2938% EM —— » |  | Simone Tebet |  | - E |  | Q |  | 110% E |  | Marina Silva |  | ) |  | 1801% EM > |  | E |  | |) ELEIÇÕES 2026 |  | 19:41 | "
f_0252.png,12110,19:41:36,0,"tvSenado |  | SENADOR |  | São Paulo |  | J |  | Urnas apuradas: 88,89% . GEENNNNNNNNNNNNSS > |  | Guilherme Derrite |  | 3072% EM - - |  | p |  | André do Prado ED |  | 2938% EM — » |  | Simone Tebet |  | 19,11% |  | q > |  | &) |  | Marina Silva |  | S |  | 18,01% |  | q > |  | . |  | |) ELEIÇÕES 2026 |  | 19:41 NO RIO GRANDE DO SUL, ZUCCO (PL) ELEITO GOVERNADOR | "
f_0253.png,12120,19:41:46,0,NA |  | SE |  | Apuração ao vivo |  | | |  | > |  | m |  | 19 41 |  | I |  | ACESSE À PÁGINA ESPECIAL: LINK.SENADO LEG.| BR/ELE!G)B |  | —— |  | — | 
f_0254.png,12130,19:41:56,0,L |  | tvsenado |  | ? E |  | SENADOR |  | L |  | m NTORS Apuradas: ta.20%  exmmmme— > |  | São Pauo| |  | oP: |  | T |  | Gullherma Deniia & |  | SE |  | André doPrado & |  | — |  | l'—' |  | R) |  | m |  | h |  | Q ss === |  | y-ªá |  | ES |  | P |  | = |  | & |  | |) ELEIÇÕES 2026 |  | T |  | Apuração ao vivo |  | a |  | 19:41 (Eleições PÁGINA_ ESPECIAL DA AGÊNCIA CÂMARA: CD.LEG.BR/VOTO2026 | 
f_0255.png,12140,19:42:06,0,* |  | | |  | PA |  | — — |  | . |  | V |  | Apuração ao vivo |  | m |  | L |  | d |  | s |  | — PpR - ACOMPANHE À mnsmssm ESPECIAL EM vou-ruar.cowrvssnmo |  | PED—— | 
f_0256.png,12150,19:42:16,0,- |  | ES |  | AOVIVO |  | e |  | —— |  | .Kl |  | Apuração ao vivo |  | pn |  | q |  | im |  | — —— |  | 19:42 CONTEÚDOS ESPECIAIS TAMBÉM ESTÃO NO KWAI E NO TIKTOK. CONFIRA EM GTVSENADO |  | — c |  | — | 
f_0257.png,12160,19:42:26,0,"== |  | = |  | — SENADOR |  | V |  | tvsenado |  | São Paulo |  | aovvo. |  | x — UMmasapuradas:s8,89% ex > |  | Guilherme Derrite |  | R |  | 3072% EM — |  | ) |  | André do Prado ED |  | & |  | 2938% EM - > |  | Simone Tebet |  | R |  | 1911% E |  | Marina Silva |  | 180% EM |  | — |  | e |  | puraçãf ao vivo |  | 19:42 CONFIRA MAIS INFORMAÇÕES EM GTVSENADO, NO INSTAGRAM E NO FACEBOOK | "
f_0258.png,12170,19:42:36,0,"— |  | - |  | — SENADOR |  | "" |  | —— |  | / |  | tvsenado |  | São Paulo |  | | |  | [aovro. |  | F |  | e |  | Urnas apuradas: 88,89% ex > |  | Guilherme Derrite &) |  | 3072% EM > |  | André do Prado ED |  | & |  | 29,38% |  | eq > |  | Simone Tebet 5) |  | PN% E |  | « O |  | Marina Silva Gi |  | 1801% E |  | — |  | — |  | .. Apuração ao vivo |  | — |  | 19:42 (Mídias) A TRANSMISSÃO AO VIVO TAMBÉM ESTÁ NO FACEBOOK GTVCAMARADEPUTADOS GRADIOCAMARA | "
f_0259.png,12180,19:42:46,0,9 Em” |  | la H lm H |  | tvsenado |  | a |  | AA |  | W |  | D 4 |  | Ph |  | f |  | Â |  | A |  | %x & |  | |) ELEIÇÕES 2026 |  | — |  | L. |  | t? |  | Apuração ao vivo |  | D |  | XX& |  | A |  | .a — |  | sum ÁR |  | 19:42 - PARTICIPE: ENVIE PERGUNTAS PELO TIKTOK GTVCAMARADEPUTADOS |  | MU ccl U R | 
f_0260.png,12190,19:42:56,0,tvsenado |  | ——l? m — |  | f NNA |  | N |  | S |  | [S |  | & |  | P |  | A |  | j |  | f |  | A |  | | |  | h |  | |) ELEIÇÕES 2026 |  | Apuração ao vivo |  | Ê |  | — |  | 19:42 - ACOMPANHE TUDO AO VIVO NO YOUTUBE DA CÂMARA GCAMARADOSDEPUTADOSOFICIAL |  | NAA E N R |  | S | 
f_0261.png,12200,19:43:06,0,tvsenado |  | LA |  | hl?v— |  | W |  | % |  | ix |  | (/ |  | -/ |  | — |  | ÃÃA |  | |) ELEIÇÕES 2026 |  | — |  | DAs |  | Apuração ao viv? |  | á ma |  | Ã |  | 1 |  | 19:43 |  | O |  | s l U |  | C———————————————————— | 
f_0262.png,12210,19:43:16,0,tvsenado |  | [ —l?v—q |  | » |  | W |  | N |  | $ v |  | V |  | s. |  | À |  | S |  | 4 |  | l |  | á |  | e |  | A |  | |) ELEIÇÕES 2026 |  | ) |  | Apuração ao vivo |  | A |  | —— ” |  | A |  | N |  | 19:43 (Ouvidoria ) QUER FALAR COM O SENADO? LIGUE: 0800 061 22 11 PARA SUGÉI'OES ELOGIOS E DENUNCIAS |  | — |  | — |  | — |  | — |  | — | 
f_0263.png,12220,19:43:26,0,"tvsenado |  | GOVERNADOR |  | V |  | Pará |  | urnas apuradas: 83,17%4 * GEN > |  | Dr. Daniel |  | 52590% ONATNE —— > |  | (Í |  | Hana Ghassan |  | 4507% EN — - > |  | & |  | Araceli |  | 2,09% |  | ( |  | |) ELEIÇÕES 2026 |  | Gal Leite |  | Apuração ao vivo |  | = |  | — |  | 0,14% |  | 19:43  (Ouvidoria ) SAIBA MAI; EM WWW.SENADO.LEG.BR/OUVIDORIA | "
f_0264.png,12230,19:43:36,0,"tvsenado |  | GOVERNADOR |  | Í |  | Pará |  | urnas apuradas: 83,1/%4 = GEN > |  | Dr. Daniel |  | 5259% AN —— > |  | E |  | Hana Ghassan |  | W |  | 4507% ENE — — > |  | Araceli |  | 2,09% |  | ( |  | |) ELEIÇÕES 2026 |  | Gal Leite |  | ) |  | Apuração ao vivo |  | L |  | 0,14% |  | 19:43 (Ouvidoria ) QUER FALAR COM A CÂMARA? LIGUE: 0800 O 619619 OU PELO WHATSAPP (61) 3216-0000 | "
f_0265.png,12240,19:43:46,0,"SENADOR |  | tvsenado |  | Pará |  | s |  | Urnas apuradas: 83,17% |  | Eppe————— — |  | á |  | “ |  | Helder (vos) |  | | |  | 225% E -- > |  | 7 |  | 1 |  | S |  | xxgª« |  | . |  | Delegado Éder Mauro ED |  | 2305% EM |  | > |  | Zequinha Marinho |  | E A |  | 2167% E > |  | N |  | Chicão (Cnão) |  | 2,55% M |  | Apuração ao vivo |  | 07:43 |  | MENSAGEM DUVIDOSA SOBRE O SENADO? FALE COM O WHATSAPP DO SENADO VERIFICA: 61 98190-0601 | "
f_0266.png,12250,19:43:56,0,"tvsenado |  | SENADOR |  | Í |  | Pará |  | urnas apuradas: 83,1/%4 = GEN > |  | Helder |  | 2525% EM » |  | ) |  | Delegado Éder Mauro ED |  | 2305% EM » |  | Zequinha Marinho |  | 2167% EM » |  | | ELEIÇÕES 2026 |  | Chicão |  | Apuração ao vivo |  | c |  | 2,35i% E |  | 07:43 (Informação ) MENSAGEM DUVIDOSA SOBRE A CÂMARA? FALE COM O WHATSAPP DA CÂMARA COMPROVE: 61 99660-2003 | "
f_0267.png,12260,19:44:06,0,"tvsenado |  | SENADOR |  | V |  | Pará |  | urnas apuradas: 83,1/%4 = GEN > |  | Helder |  | 2525% EM — |  | Delegado Éder Mauro ED |  | 2305% EM » |  | Zequinha Marinho |  | 2167% EM » |  | L |  | | ELEIÇÕES 2026 |  | Chicão |  | Apuração ao vivo |  | ) |  | 2,35i% E » |  | 19:44 / (Senado ) RONDÔNIA: DR. FERNANDO MÁXIMO E BRUNO SCHEID, DO PL, ELEITOS | "
f_0268.png,12270,19:44:16,0,"tvsenado |  | CÂMARA DOS DEPUTADOS . |  | Pará |  | | |  | urnas apuradas: 8317% LD |  | - Delegado Caveira === & [X |  | ""” |  | - Dra. Alessandra Haber —— Emo) [EXTISSSS] |  | RenlceNicodemos — o [TTISTA] |  | Dil |  | ) |  | eLeIÇÕEs 2026 [PraNte T s EEA |  | Apuração ao vivo |  | arinho |  | quim |  | 19:44 / (Senado ) SANDERSON (PL) E MARCEL VAN HATTEM (NOVO) ELEITOS NO RIO GRANDE DO SUL | "
f_0269.png,12280,19:44:26,0,tvsenado |  | CÂMARA DOS DEPUTADOS . |  | Pará |  | | |  | l |  | urnas apuradas: 8317% CLO D |  | eem — o EM |  | - Dra. Alessandra Haber —— GEimo): [EXTISSSS] |  | 1jo! |  | RenlceNicodemos — — o [TTISTA] |  | Phante = &S ES |  | E |  | Passarinhe |  | |) ELEIÇÕES 2026 |  | Joaqu |  | 19:44  (Senado) MATO GROSSO: MAURO MENDES (UNIÃO) E ZÉ MEDEIROS (PL) ELEITOS | 
f_0270.png,12290,19:44:36,0,"CÂMARA DOS DEPUTADOS . |  | tvwsenado |  | Pará |  | — |  | W |  | Urnas apuradas: 8317% =D |  | —— |  | [pesssa ee MTS EE |  | Jader Filho |  | | |  | Y |  | Podemos |  | | |  | fG>) |  | Júnior Ferrari |  | g 408% |  | aa |  | A |  | —— |  | u_ |  | teel |  | E |  | _W |  | mo |  | [ Seaquim Passariosho —— & | |  | A"" |  | — |  | —— |  | 19:44  (Senado) JOÃO AZEVÊDO (PSB) ELEITO SENADOR NA PARAÍBA; VENEZIANO (MDB) EM SEGUNDO NA APURAÇÃO | "
f_0271.png,12300,19:44:46,0,"tvsenado |  | SENADOR |  | Í |  | Roraima |  | Urnas apuradas: 98,16% = REE |  | Nicoletti ED |  | 2289% EM |  | Teresa Surita |  | 19,22% EM » |  | Helena da Asatur |  | 1723% EM > |  | Q |  | ê |  | Chico Rodrigues |  | á |  | 338% E |  | 19:44 (Senado REINALDO AZAMBUJA E CAPITAO CONTAR, AMBOS DO PL, ELEITOS NO MATO GROSSO DO SUL | "
f_0272.png,12310,19:44:56,0,"— SENADOR- |  | V |  | lvsenado |  | Roraima. |  | | |  | e |  | umas ªPUradas 29816% - Ex |  | Nicoletti &) |  | o |  | 228% E > |  | Teresa Surita (105) |  | / |  | 192% M > |  | — |  | Helena da Asatur EsD) |  | 17233% EE |  | s7© |  | Chico Rodrigues (Ess) |  | 13,38% |  | Mera —— |  | =m |  | o” |  | aa |  | 19:44 / (Senado) NO PARANÁ, FILIPE BARROS (PL) E DELTAN DALLAGNOL (NOVO) ELEITOS SENADORES | "
f_0273.png,12320,19:45:06,0,tvsenado |  | CÂMARA DOS DEPUTADOS . |  | Roraima |  | urnas apuradas: 9816% CLo D |  | Marcostoge —— Emes |2716655 |  | N |  | 20.015 |  | | Rodrigo Mesquita —— G&mo [T6GSS] |  | “ DudaRams —— Emo ES |  | õx |  | - Zé Haroldo Cathedral —— &s [EMTS%] |  | |) ELEIÇÕES 2026 |  | 19:45 LUCAS RIBEIRO (PP) ELEITO GOVERNADOR NA PARAÍBA | 
f_0274.png,12330,19:45:16,0,"1) |  | tvsenado |  | — CÂMARA DOS DEPUTADOS — . |  | | |  | Roraima |  | ) |  | Urnas apuradas: 98,16% |  | —— - |  | """" |  | AOVIVO |  | MameI - ms) ES |  | talo |  | tal |  | Oot |  | o |  | EEm |  | u |  | ,]3 |  | daRamos Em EEA |  | 14982 |  | Pastor Diniz |  | f——— |  | o |  | TTNA |  | 2 W |  | |) ELEIÇÕES 2026 |  | ES |  | :45 RORAIMA: ARTHUR HENRIQUE (PL) ELEITO GOVERNADOR EM PRIMEIRO TURNO | "
f_0275.png,12340,19:45:26,1,"tvsenado |  | SENADOR |  | V |  | AOVIVO |  | Santa Catarina |  | uUrnas apuradas: 93,84% "" GEN > |  | Carol De Toni ED |  | EXA ) |  | O |  | Carlos Bolsonaro ED |  | 252% EM » |  | &) |  | Esperidião Amin |  | 15,566 E |  | ) |  | o |  | Décio Lima / ED |  | ? |  | |) ELEIÇÕES 2026 |  | & |  | 10,26% E > |  | 19:45 ELEITO EM PRIMEIRO TURNO OTAVIANO PIVETTA (REPUBLICANOS) GOVERNADOR DE MATO GROSSO | "
f_0276.png,12350,19:45:36,1,"tvsenado |  | SENADOR |  | Í |  | Santa Catarina |  | uUrnas apuradas: 93,84% = EE > |  | Carol De Toni &D |  | 3343% EE » |  | C) |  | Carlos Bolsonaro ED |  | ) |  | 2521% EM » |  | Esperidião Amin |  | ) |  | 153566 EM > |  | e |  | = |  | Décio Lima ED |  | E |  | 10,26% E |  | 19:45 RONDÔNIA: MARCOS ROGÉRIO (PL) ELEITO GOVERNADOR | "
f_0277.png,12360,19:45:46,0,"tvSenado |  | CÂMARA DOS DEPUTADOS . |  | Santa Catarina |  | urnas apuradas: 93,84%4 LD |  | ProfPemuaa — & ET |  | Sargentolima —— & E[ |  | º |  | | GlisonMarques === & R[BA |  | 1 |  | |) ELEIÇÕES 2026 |  | 19:45 JORGINHO MELLO (PL) REELEITO GOVERNADOR DE SANTA CATARINA | "
f_0278.png,12370,19:45:56,0,"tvsenado |  | — CÂMARA DOS DEPUTADOS . |  | E |  | Santa, Catarma |  | W |  | Umas apuradas: 9384% E |  | EE —— — mE |  | Lima |  | 472% |  | _ |  | / |  | Sai |  | V |  | t IremTTTO) |  | [FGison Marques — EB |  | —= |  | 19:45 (Eleitos) NO RIO GRANDE DO SUL, ZUCCO (PL) ELEITO GOVERNADOR | "
f_0279.png,12380,19:46:06,1,"tvsenado |  | SENADOR |  | V |  | Rondônia |  | uUrnas apuradas: 98,08% ""E |  | y |  | Dr. Fernando Máximo ED |  | / |  | 3195% EGEA — » |  | s |  | Bruno Bolsonaro ED |  | 26,51% EM — » |  | s |  | Sílvia Cristina |  | 1705% EM > |  | É |  | & |  | Mariana Carvalho (Fepublicanos) |  | s |  | & |  | n1n63% A > |  | |) ELEIÇÕES 2026 |  | EP” |  | 19:46 ACESSE A PÁGINA ESPECIAL: LINK.SENADO.LEG.BR/ELEICOES | "
f_0280.png,12390,19:46:16,1,"— |  | — SENADOR |  | - |  | "" |  | tvsenado |  | Rondônla |  | = |  | ] |  | aovo |  | Urnas apuradas: 98,08% ex |  | Dr. Fernando Máximo ED |  | n |  | 3,95% EM — > |  | NA |  | Bruno Bolsonaro ED |  | / |  | 265% EM — > |  | Sílvia Cristina / P |  | 1705% EE > |  | a 7 |  | Mariana Carvalho / Esslars) |  | 16% q |  | ..— |  | 146 ) | "
f_0281.png,12400,19:46:26,0,"tvsenado |  | CÂMARA DOS DEPUTADOS . |  | Rondônia |  | l |  | urnas apuradas: 98,08% ED |  | | Lucio Mosauit —— & EO6so |  | ront |  | [Thegoores — & [P |  | An |  | 37.669 |  | Jolanefuda —— &> Egm |  | - Maurício Cavalho —— &s EXT6S] |  | |) ELEIÇÕES 2026 |  | 19:46 CONTEÚDOS ESPECIAIS TAMBÉM ESTÃO NO KWAI E NO TIKTOK. CONFIRA EM GTVSENADO | "
f_0282.png,12410,19:46:36,0,"— CÂMARA DOS DEPUTADOS . |  | tvsenado |  | [ |  | Rondônia |  | Urnas apuradas: 98,08% |  | W |  | — = |  | 154,928, |  | isó |  | TE |  | Coro |  | Chri |  | ch |  | isóstomo |  | ) |  | o0757 E |  | &< |  | 42408 |  | Sofia Andrade |  | ) |  | a7 |  | aAn |  | 37076 |  | ""E |  | Podemos) |  | | Maurício Cavalho —— & [E7ES] |  | 'd |  | 19:46 |  | CONFIRA MAIS INFORMAÇÕES EM GTVSENADO, NO INSTAGRAM E FAC:EBOOK | "
f_0283.png,12420,19:46:46,0,"tvsenado |  | SENADOR |  | Í |  | Goiás |  | uUrnas apuradas: 9123% ENEN > |  | Gustavo Gayer (D |  | 24,7/% EM » |  | Gracinha Caiado |  | 21585% EM |  | : |  | Dr. Zacharias Calil |  | 6511% E > |  | E |  | 6 |  | Oséias Varão FD |  | é |  | | ELEIÇÕES 2026 |  | ) |  | 0 |  | 10,28605% E |  | 19:46 'A TRANSMISSÃO AO VIVO TAMBÉM ESTÁ NO FACEBOOK GTVCAMARADEPUTADOS GRADIOCAMARA | "
f_0284.png,12430,19:46:56,0,"- mE |  | — SENADOR |  | tvSenado |  | ex |  | Goiás |  | s |  | Urnas apuradas: 9123% - ex > |  | Gustavo Gayer (D |  | mo |  | 27% EM > |  | 19 |  | Gracinha Caiado - Griso) |  | 215856 EM > |  | Dr. Zacharias Calil |  | 15,11% |  | ee ——, |  | a1 É |  | Oséias Varão ED |  | 10,28% |  | E 2. |  | -. |  | —A |  | 19:46 PARTICIPE: ENVIE PERGUNTAS PELO TIKTOK GTVCAMARADEPUTADOS | "
f_0285.png,12440,19:47:06,0,tvsenado |  | CÂMARA DOS DEPUTADOS . |  | Goiás |  | urrías apuradas: 9123% Co D |  | | FredRodigues —— —— o [XES |  | ivi: |  | luasbovade —— &S EZT |  | | MagdaMofato == &S [EOESA |  | | ELEIÇÕES 2026 |  | 107393 |  | 19:47 'ACOMPANHE TUDO AO VIVO NO YOUTUBE DA CÂMARA GCAMARADOSDEPUTADOSOFICIAL | 
f_0286.png,12450,19:47:16,0,"tvsenado |  | SENADOR |  | V |  | O VIV |  | Tocantins |  | Urnas apuradas: 98,81% /= EE |  | Eduardo Gomes ED |  | 2/260% EM |  | Alexandre Guimarães |  | 195% EM » |  | Eli Borges  (Ferobicaros) |  | 1644% EM > |  | |) ELEIÇÕES 2026 |  | Gaguim |  | Apuração ao vivo |  | & |  | 155% E > |  | 19:47 MAIS INFORMAÇÕES NO PERFIL DO X GCAMARADEPUTADOS | "
f_0287.png,12460,19:47:26,0,"— SENADOR |  | / |  | tvsenado |  | Tocantlns |  | R |  | Urnas apuradas: 98,81 - ex |  | Eduardo Gomes (D |  | b |  | 27,26% |  | C FEss, |  | Ç |  | Alexandre Guimarães (vos) |  | aa o | |  | V |  | 195% EM > |  | EN |  | Eli Borges - (Feoublcanos) |  | 164% EE |  | sªg |  | Gaguim (Criso) |  | 155% E |  | — |  | = |  | — |  | 232 |  | Apuração ao vivo |  | 19:47 (Libras) CRÍTICAS E SUGESTÕES PODEM SER ENCAMINHADAS PARA A TV SENADO PELA OUVIDORIA | "
f_0288.png,12470,19:47:36,0,"tvsenado |  | CÂMARA DOS DEPUTADOS . |  | Tocantins |  | l |  | urnas apuradas: 98,81% / ED |  | Prof.JanadValcar —— & |Ex |  | a |  | f F |  | (Un |  | Lascampelo — cm [S |  | S |  | 67370 |  | Fbovaz — ES [SA |  | - SandovalCardoso —— Eemo [66] |  | |) ELEIÇÕES 2026 |  | 19:47 / (Ouvidoria ) QUER FALAR COM O SENADO? LIGUE: 0800 061 22 11 PARA SUGESTÕES, ELOGIOS E DENÚNCIAS | "
f_0289.png,12480,19:47:46,0,tvsenado |  | CÂMARA DOS DEPUTADOS . |  | Tocantins |  | | |  | | |  | urnas apuradas: 9881% ED |  | | Prof.JanadValcar —— & Ex |  | n |  | rria: |  | Un |  | sB |  | CLuscampelo — c [[O1STR] |  | ra |  | AYy! |  | 67.370 |  | Fabovaz —— SS CONDEA |  | É b |  | - SandovalCardoso —— Emmo [E66] |  | u |  | 47696 |  | |) ELEIÇÕES 2026 |  | 19:47 (Ouvidoria ) SAIBA MAIS EM WWW.SENADO.LEG.BR/OUVIDORIA | 
f_0290.png,12490,19:47:56,0,"tvsenado |  | SENADOR |  | V |  | Espírito Santo |  | urnas apuradas: 99,25% - EE |  | Renato Casagrande |  | 2466% EM — > |  | Evair de Melo | (Republicanos) |  | 2443% EM — > |  | Maguinha Malta / &D |  | 18,92% EM » |  | 0 |  | Fabiano Contarato / ED |  | 729% E |  | 07:47 | "
f_0291.png,12500,19:48:06,0,"tvsenado |  | SENADOR |  | Í |  | Espírito Santo |  | uUrnas apuradas: 99,255 - ENNNES |  | Renato Casagrande |  | 2466% EM — » |  | Evair de Melo - (Republicanos) |  | 2443% EE — » |  | Maguinha Malta / &D |  | 1899% EM » |  | & |  | K> |  | Fabiano Contarato ED |  | | ELEIÇÕES 2026 |  | 1292% E |  | 07:48 (Informação ) MENSAGEM DUVIDOSA SOBRE A CÂMARA? FALE COM O WHATSAPP DA CÂMARA COMPROVE: 61 99660-2003 | "
f_0292.png,12510,19:48:16,0,"tvsenado |  | CÂMARA DOS DEPUTADOS . |  | Espírito Santo |  | urnas apuradas: 99,25% LD |  | “LucasPolese — & E27870% |  | Ta |  | GD |  | | Dr.Bruno Resende —— & EE |  | sELIC |  | 107228 - |  | oavaia & EE |  | Uniã |  | | Serginho Vidigal -- Emo [BETA |  | | eLEIÇÕES 206 — João Coser & |  | 19:48 (Senado) RONDÔNIA: DR. FERNANDO MÁXIMO E BRUNO SCHEID, DO PL, ELEITOS | "
f_0293.png,12520,19:48:26,0,"tvsenado |  | V |  | Urnas apuradas: 9917% exemmmemns — » |  | Filipe Barros &D |  | 27,31% |  | E —— |  | Deltan Dallagnol |  | 25,19% |  | C — —— |  | Alexandre Curi |  | 16)78% — E= |  | 7 & |  | Gleisi ED |  | ES mEZ |  | — ) eLeiÇÕES 2026 |  | Apuração ao vivo |  | 19:48 |  | SANDERSON (PL) E MARCEL VAN HATTEM (NOVO) ELEITOS NO RIO GRANDE DO SUL | "
f_0294.png,12530,19:48:36,0,"tvsenado |  | AO VIVO |  | SENADOR |  | V |  | Paraná |  | urnas apuradas: 99,17%4/= GRRENNNESS |  | Filipe Barros - ED |  | 2/3% EM |  | Deltan Dallagnol |  | 25/90% EM » |  | Alexandre Curi |  | 1678% EM > |  | ê |  | Gleisi ED |  | |) ELEIÇÕES 2026 |  | é |  | Apuração ao vivo |  | 333% E > |  | ) |  | 19:48 (Senado) MATO GROSSO: MAURO MENDES (UNIÃO) E ZÉ MEDEIROS (PL) ELEITOS | "
f_0295.png,12540,19:48:46,0,tvsenado |  | CÂMARA |  | e |  | n |  | DOS DEPUTADOS . |  | Paraná ' |  | Urnas apuradas: 9917% E= |  | ! *hâ |  | ssn FRn 6) EEESA |  | An |  | Júlia |  | (G) |  | o |  | Dirceu |  | (G) |  | a JE |  | 15753 |  | ” |  | 19:48 JOÃO AZEVÊDO (PSB) ELEITO SENADOR NA PARAÍBA; VENI |  | IEZIANO (MDB) EM SEGUNDO NA APURAÇÃO | 
f_0296.png,12550,19:48:56,1,"tvsenado |  | CÂMARA DOS DEPUTADOS . |  | Paraná |  | | |  | | |  | urnas apuradas: 9917% ED |  | JefreyChiquit — & ES |  | l |  | Kilter |  | [ Sagentorahar —— — o EXESS |  | Ana Júliz |  | Beopreto — &S EEA |  | “ RosangelaMoro === & [EES |  | 1M7.514 |  | |eLeIÇÕES 2026 — Aliel Machado & |  | 19:48 (Senado) MICHELLE BOLSONARO E BIA KICIS, DO PL, ELEITAS SENADORAS NO DISTRITO FEDERAL | "
f_0297.png,12560,19:49:06,0,"tvsenado |  | SENADOR |  | V |  | Acre |  | urnas apuradas: 98,06% - EEEERNNNNNNNNNNSSD |  | Marcio Bittar PD |  | 2560% EM — |  | c |  | Mara Rocha |  | O |  | 1798% EM » |  | (m |  | Gladson Camelí |  | = |  | 1650% M > |  | 2 |  | Jorge Viana ED |  | 6 |  | |) ELEIÇÕES 2026 |  | E |  | Apuração ao vivo |  | 141% E > |  | 19:49  (Senado) REINALDO AZAMBUJA E CAPITÃO CONTAR, AMBOS DO PL, ELEITOS NO MATO GROSSO DO SUL | "
f_0298.png,12570,19:49:16,0,"tvsenado |  | SENADOR |  | V |  | Acre |  | urnas apuradas: 98,06% ENE |  | Marcio Bittar D) |  | 2560% EM — |  | Mara Rocha |  | 1798% EM » |  | Gladson Camelí |  | 16590% EM > |  | & |  | ê |  | ) |  | |) ELEIÇÕES 2026 |  | Jorge Viana ED |  | Apuração ao vivo |  | &- |  | 141% E |  | 19:49  (Senado) NO PARANÁ, FILIPE BARROS (PL) E DELTAN DALLAGNOL (NOVO) ELEITOS SENADORES | "
f_0299.png,12580,19:49:26,0,"—— |  | SENADOR |  | / |  | tvsenado |  | Acre |  | aovno & |  | Urnas apuradas: 98,06% ex |  | Marcio Bittar ED |  | "" |  | 2560% EM - |  | Mara Rocha |  | 17,98% |  | q |  | Gladson Camelí |  | 1659% EM > |  | « 5 |  | Jorge Viana ED |  | 1415% E |  | "" |  | Apuração ao vivo |  | ” |  | 19:49 LUCAS RIBEIRO (PP) ELEITO GOVERNADOR NA PARAÍBA | "
f_0300.png,12590,19:49:36,0,"tvsenado |  | CÂMARA DOS DEPUTADOS . |  | Acre |  | l |  | urnas apuradas: 98,06%6 LD |  | “SecomoNet === & [S |  | | prFábioRueda — —— RBTESS |  | ng: |  | - RobertoDuare —— Exe [EXTISSSA] |  | A |  | “Negamoim — & Em |  | ho |  | .rb |  | |) ELEIÇÕES 2026 |  | 19:49 ELEITO EM PRIMEIRO TURNO OTAVIANO PIVETTA (REPUBLICANOS) GOVERNADOR DE MATO GROSSO | "
f_0301.png,12600,19:49:46,0,"— |  | tvSenado |  | umas apuradas: 9772% - ex |  | E |  | Joao Azevêdo (sa) |  | 3585% -- -- > |  | Veneziano |  | e |  | 2267% E > & |  | Nabor |  | ”” |  | 7 |  | 20,83%6 E > |  | Dr. Marcelo Queiroga &/ |  | [12/529% BE (Fm |  | — . |  | EL| |  | 19:49 RONDÔNIA: MARCOS ROGÉRIO (PL) ELEITO GOVERNADOR | "
f_0302.png,12610,19:49:56,0,tvsenado |  | SENADOR |  | Í |  | Paraíba |  | urnas apuradas: 9772% - REE |  | Joao Azevêdo |  | 3258% EM — » |  | É |  | Veneziano |  | 2267% EM » |  | ) |  | Nabor (Fepublicanos) |  | 2083% EM » |  | 2 |  | & |  | Ú |  | Dr. Marcelo Queiroga FD |  | 252% E > |  | 19:49 JORGINHO MELLO (PL) REELEITO GOVERNADOR DE SANTA CATARINA | 
f_0303.png,12620,19:50:06,0,"— CÂMARA DOS DEPUTADOS . |  | tvsenado |  | o |  | Paraíba |  | 22 |  | á |  | Urnas apuradas: 9772% ED |  | II_ |  | í A |  | W |  | d |  | _W |  | - |  | Murilo Galdino |  | E=) |  | 51520 |  | ; |  | Wilson Santiago |  | m ? |  | TGn MTTES) EE |  | (Podemos) |  | —— |  | 4,08% |  | nero |  | rigues |  | |= |  | — |  | - |  | TEA |  | 19:50  (Eleitos) NO RIO GRANDE DO SUL, ZUCCO (PL) ELEITO GOVERNADOR | "
f_0304.png,12630,19:50:16,0,tvsenado |  | CÂMARA DOS DEPUTADOS . |  | Paraíba |  | urnas apuradas: 9772% LD |  | - CaboGilbetosivta — —— &S ENT |  | | Riardo Coutnho — —— & EXDESS |  | UI |  | Ga! |  | 143365 |  | [Augo o e EBE |  | n |  | nti |  | 108191 |  | E * |  | Rwycmeo — Em [ |  | ROom |  | |) ELEIÇÕES 2026 |  | —— |  | 19:50 (Eleições ) ACESSE A PÁGINA ESPECIAL: LINK.SENADO.LEG.BR/ELEICOES | 
f_0305.png,12640,19:50:26,0,—— |  | AO VIVO |  | EX |  | &s |  | TÁ |  | F |  | = á |  | e | |  | ª á |  | im » |  | x |  | a |  | ) ELEIÇÕES 2026 |  | 19:50 PÁGINA ESPECIAL DA AGÊNCIA CÂMARA: CD.LEG.BR/VOTO2026 | 
f_0306.png,12650,19:50:36,0,— |  | jado |  | AOVIVO |  | E |  | à / |  | ) |  | SS |  | q |  | d>. |  | ic |  | | ELEIÇÕES 2026 |  | 19:50 AACOMPANHE A TRANSMISSÃO ESPECIAL EM YOUTUBE.COM/TVSENADO | 
f_0307.png,12660,19:50:46,0,jado |  | cm |  | x'/z |  | b |  | te |  | X |  | tm à |  | e |  | j |  | PS |  | |) ELEIÇÕES 2026 |  | 19:50 CONTEÚDOS ESPECIAIS TAMBÉM ESTÃO NO KWAI E NO TIKTOK. couâtu EM GTVSENADO | 
f_0308.png,12670,19:50:56,0,"tvsepado |  | , |  | - |  | — |  | n á |  | W |  | Õ |  | 19:50  (Mídias) CONFIRA MAIS INFORMAÇÕES EM GTVSENADO, N No INSTAGRAM E NO FACEBOOK | "
f_0309.png,12680,19:51:06,0,tvSenado |  | NF nl |  | = |  | ) |  | !I |  | ha |  | Mú.ª |  | 19:51 - FARIACAr G RVTA PERGUINIAS FELV LaNVR E VOAMANNVETV INVUS |  | — —— | 
f_0310.png,12690,19:51:16,0,í;à |  | AOVIVO |  | e |  | d |  | E |  | FND |  | n 4 |  | Vm |  | F |  | José Medeiros (PLMT) |  | r eleito |  | |) ELEIÇÕES 2026 |  | 19:51 'ACOMPANHE TUDO AO VIVO NO YOUTUBE DA CÂMARA GCAMARADOSDEPUTADOSOFICIAL |  | — | 
f_0311.png,12700,19:51:26,0,lvsÍadn |  | AO VIVO |  | D .s |  | P |  | 7 |  | .) |  | “ |  | José |  | d |  | Medeiros (PLEMT) |  | |) ELEIÇÕES 2026 |  | 19:51 MAIS INFORMAÇÕES NO PERFIL DO X GCAMARADEPUTADOS | 
f_0312.png,12710,19:51:36,0,"í;ão |  | AOVIVO |  | NE E |  | S |  | ."" |  | José Medeiros (PL-MT) |  | |) ELEIÇÕES 2026 |  | 19:51 CRÍTICAS E SUGESTÕES PODEM SER ENCAMINHADAS PARA A TV SENADO PELA OUVIDORIA | "
f_0313.png,12720,19:51:46,0,"tvSenado |  | S3 |  | sã |  | NE s |  | R |  | . |  | — |  | m, |  | m É ) |  | ) |  | José Medeiros (PL- |  | ó |  | Senado |  | |) ELEIÇÕES 2026 |  | 19:51 (Ouvidoria ) QUER FALAR COM O SENADO? LIGUE: 0800 061 22 11 PA;—A SUGESTÕES, ELOGIOS E DENÚNCIAS |  | E= | "
f_0314.png,12730,19:51:56,0,"tvsepado |  | N |  | ) |  | ,m | |  | > ) |  | b |  | José Medeiros (P! |  | Sen |  | |) ELEIÇÕES 2026 |  | 19:51 |  | (Ouvidoria ) SAIBA MAIS EM WWW.SENADO.LEG.BR/OUVIDORIA |  | —— | "
f_0315.png,12740,19:52:06,0,"tv |  | iado |  | SXT |  | . |  | d |  | a |  | F. |  | —A "" |  | 19:52 (Ouvidoria) QUER FALAR COM A CÂMARA? LIGUE: 0800 O 619619 OU PELO WHATSAPP (61) 3216-0000 | "
f_0316.png,12750,19:52:16,0,ía'ãº |  | AOVIVO |  | SS |  | —— |  | Z |  | n á |  | E ) |  | |) ELEIÇÕES 2026 |  | Apuração ao vi |  | 3 O A |  | 07:52 |  | (Informação ) MENSAGEM DUVIDOSA SOBRE O SENADO? FALE COM O WHATSAPP DO SENADO VERIFICA: 61 98190-0601 | 
f_0317.png,12760,19:52:26,0,Íadn |  | AO VIVO |  | NW |  | ª. |  | - á |  | —— |  | t. |  | |) ELEIÇÕES 2026 |  | Apuração ao vi |  | _. |  | T |  | 07:52 |  | (Informação ) MENSAGEM DUVIDOSA SOBRE A CÂMARA? FALE COM O WHATSAPP DA CÂMARA COMPROVE: 61 99660-2003 | 
f_0318.png,12770,19:52:36,0,"ía“àn |  | AOVIVO |  | 7A |  | d |  | — |  | xS |  | m á |  | | ELEIÇÕES 2026 |  | Apuração ao vivo |  | É. |  | 19:52  (Senado) RONDÔNIA: DR. FERNANDO MÁXIMO E BRUNO SCHEID, DO PL, ELEITOS | "
f_0319.png,12780,19:52:46,0,tvSenado |  | NSB |  | si |  | ——É |  | | ELEIÇÕES 2026 |  | Apuração ao vi |  | 91;“ |  | 19:52 |  | EMECT) | 
f_0320.png,12790,19:52:56,0,"tvsepado |  | 7Ã |  | n á |  | |) ELEIÇÕES 2026 |  | Apuração ao vi |  | TOL |  | 19:52 |  | (Senado) JOÃO AZEVÊDO (PSB) ELEITO SENADOR NA PARAÍBA, VENEZIANO (MDB) EM SEGUNDO NA APURAÇÃO | "
f_0321.png,12800,19:53:06,0,"tv |  | jado |  | : |  | o |  | Z |  | s) |  | |) ELEIÇÕES 2026 |  | Apuração ao |  | TOL |  | 19:53  (Senado) MICHELLE BOLSONARO E BIA KICIS, DO PL, ELEITAS SENADORAS NO DISTRITO FEDERAL | "
f_0322.png,12810,19:53:16,0,"— |  | El |  | AO VIVO |  | É |  | . |  | a |  | X |  | À |  | — — | ELEIÇÕES 2026 |  | Apuração ao vivo |  | a |  | D |  | - |  | 19:53 RET |  | ) |  | ALD-O AZAMBUJA E CAPITÃO CONTAR, AMBOS DO PL, ELEITOS NO MATO GROSSO DO SUL | "
f_0323.png,12820,19:53:26,0,"CÃMARA DOS DEPUTADOS- . |  | tvsenado |  | | |  | Parafba |  | = |  | | |  | AO VIVO |  | Urnas apuradas: 9772% E |  | *_ |  | naldo |  | 176504 |  | É |  | _m |  | À |  | | 1433 |  | Galdino |  | 1% |  | ( |  | UE EEA |  | 108191 |  | Ison Santi |  | em em EA |  | M |  | ro F |  | rigues |  | e |  | — — | ELEIÇÕES 2026 |  | —— |  | T CSCCA... |  | : |  | Apuração ao vivo |  | — |  | D 3) |  | 19:53 |  | Senado ) NO PARANÁ, FILIPE BARROS (PL) E DELTAN DALLAGNOL (NOVO) ELEITOS SENADORES | "
f_0324.png,12830,19:53:36,0,"tvsenado |  | VIV |  | SENADOR |  | V |  | Amazonas |  | urnas apuradas: 85,02% / ENEN > |  | Eduardo Braga |  | 3,1% EGM » |  | E |  | Plinio Valério |  | = |  | 247/% EM » |  | Capitão Alberto Neto FD |  | & |  | 245856 EE > |  | = |  | Wilson Lima |  | ) ELEIÇÕES 2026 |  | Apuração ao vivo |  | & |  | ) |  | n1n2% E > |  | 19:53 LUCAS RIBEIRO (PP) ELEITO GOVERNADOR NA PARAÍBA | "
f_0325.png,12840,19:53:46,0,"tvsSenado |  | SENADOR |  | Í |  | Amazonas |  | urnas apuradas: 85,02% ENEN > |  | Eduardo Braga |  | E |  | 3119% EM — » |  | Plinio Valério |  | 2477% EM » |  | - |  | Capitão Alberto Neto ED |  | 245856 EM > |  | & |  | ? |  | &s |  | |) ELEIÇÕES 2026 |  | Wilson Lima |  | Apuração ao vivo |  | 128% A - |  | 19:53 RORAIMA: ARTHUR HENRIQUE (PL) ELEITO GOVERNADOR EM PRIMEIRO TURNO | "
f_0326.png,12850,19:53:56,0,"tvsenado |  | SENADOR |  | V |  | Amazonas |  | urnas apuradas: 85,02% GEN > |  | Eduardo Braga |  | 319% EGM » |  | E) |  | Plinio Valério |  | 2477% EM » |  | E |  | Capitão Alberto Neto FD |  | 245856 EE > |  | & |  | ÃA |  | |) ELEIÇÕES 2026 |  | Wilson Lima |  | Apuração ao vivo |  | = |  | n1n2% E > |  | 19:53 ELEITO EM PRIMEIRO TURNO OTAVIANO PIVETTA (REPUBLICANOS) GOVERNADOR DE MATO GROSSO | "
f_0327.png,12860,19:54:06,0,"SENADOR |  | "" |  | V |  | tvSenado |  | Amazonas |  | Urnas apuradas: 85,02% E |  | — |  | Eduardo Braga |  | o |  | 319% EGM > |  | Plinio Valério |  | . |  | - |  | 2,7/% EM > |  | Capitão Alberto Neto ED |  | 2458556 E > |  | Wilson Lima Cnião) |  | 128% E |  | L |  | — |  | ——  Apuração ao vivo |  | 19:54 RONDÔNIA: MARCOS ROGÉRIO (PL) ELEITO GOVERNADOR | "
f_0328.png,12870,19:54:16,0,"tvsenado |  | l |  | CÂMARA DOS DEPUTADOS . |  | Amazonas |  | l |  | urnas apuradas: 85,02% ED |  | _E_ |  | m |  | _m |  | _m |  | Lins |  | _ |  | | ELEIÇÕES 2026 |  | rulle |  | ianna |  | 1254 (Estos) | "
f_0329.png,12880,19:54:26,0,"tvsenado |  | CÂMARA DOS DEPUTADOS . |  | | |  | Amazonas |  | l |  | urnas apuradas: 85,02% ED |  | - Sagentosalazar -- & EEA |  | Adatltho — &S [ |  | Sidneyteite —— S FS |  | Faustor — &S EO6SSA |  | DA |  | Gembar — 6 E |  | |eLeEIÇÕES 2026 — Saullo Vianna — ED |  | 19:54 ACESSE A PÁGINA ESPECIAL: LINK.SENADO.LEG.BR/ELEICOES | "
f_0330.png,12890,19:54:36,0,"Pm |  | P |  | tvwsenado |  | t-= |  | | |  | | |  | CAMARA DOS, |  | al |  | m AOVIVO s apuratas. |  | TE |  | Nazonas |  | s |  | Sargento Salazar |  | 6 EMA |  | Amom Mandel |  | Ex |  | AaaNFiho |  | e En |  | P” |  | Sidney Lette. |  | ) R |  | P |  | — |  | Fausto d |  | psta Urs. |  | &) EE |  | W : |  | Fosna Dc |  | e. |  | saúno Vianrê. |  | — |  | D VE |  | g |  | n |  | |) ELEIÇÕES 2026 |  | - |  | 19:54 PÁGINA ESPECIAL DA AGÊNCIA CÂMARA: CD.LEG.BR/VOTO2026 |  | e |  | : | "
f_0331.png,12900,19:54:46,1,"L |  | tvsenado |  | h |  | — |  | | |  | r |  | Vmas apuradas: cm exmem—— |  | “Fávio Bolsonaro & |  | EX —) |  | — |  | A |  | u_o |  | ="" |  | e |  | = |  | 2N “,;;ME |  | Q= |  | o |  | eÀ |  | — |  | b |  | M |  | |) ELEIÇÕES 2026 |  | 19:54 ACOMPANHE A TRANSMISSÃO ESPECIAL EM YOUTUBE.COM/TVSENADO | "
f_0332.png,12910,19:54:56,0,tvsenado |  | 4 |  | |) ELEIÇÕES 2026 |  | 19:54 - CONTEÚDOS ESPECIAIS TAMBÉM ESTÃO NO KWAI E NO TIKTOK. CONFIRA EM GTVSENADO |  | ——m | 
f_0333.png,12920,19:55:06,0,V |  | ELEIÇÕOE |  | K |  | s |  | »N! |  | __/___# |  | —AA |  | m — |  | WÁ â |  | —— |  | me &/ 4 |  | — —n |  | Y |  | kELªçbEszozs i | |  | CO FIRAMAX FO MAÇOB M GTVSEN |  | NT A |  | —— | 
f_0334.png,12930,19:55:16,0,"Tin & |  | tvsenado |  | e |  | AO VIVO |  | | |  | = _,nl |  | (SA |  | — |  | —73'1 |  | — |  | ELEIÇÕES |  | Apuração ao vivo |  | É |  | NV |  | 19:55 - AA TRANSMISSÃO AO VIVO TAMBÉM ESTÁ NO FACEBOOK GTVCAMARADEPUTADOS GRADIOCAMARA |  | mpm —— |  | —— |  | — | "
f_0335.png,12940,19:55:26,0,Em t= |  | la Mm Bi É |  | tvsenado |  | N |  | D |  | 2B |  | o |  | s |  | e |  | | ELEIÇÕES 2026 |  | Apuração ao vivo |  | %%///3 |  | i ) |  | 19:55 QMídias) pAmaPE ENVIE PERGUNTAS PELO TIKTOK GTVCAMARADEPUTADOS |  | — | 
f_0336.png,12950,19:55:36,0,Em ?- —— — |  | tvsenado |  | sS |  | N |  | NW |  | Pa |  | 3 E |  | (/ |  | ( |  | // |  | á |  | 4 |  | Ls N |  | F |  | |) ELEIÇÕES 2026 |  | () |  | Apuração ao vivo |  | « |  | Ã |  | Y. |  | 19:55' (Mídias) |  | A —A ENT |  | ICOMPANHE TUDO AO VIVO NO YOUTUBE DA CÂMARA GCAMARADOSDEPUTADOSOFICIAL |  | s | 
f_0337.png,12960,19:55:46,0,tvsenado |  | — |  | == |  | N |  | É e |  | É |  | K; |  | >/ &) |  | | |  | é |  | o |  | . |  | ) ELEIÇÕES 2026 |  | A |  | É- |  | Apuraçãé) ací vivo |  | E — — |  | 19:55 |  | ms R | 
f_0338.png,12970,19:55:56,0,ma Umm |A Él |  | S |  | tvsenado |  | N |  | te |  | . |  | o S |  | ) ELEIÇÕES 2026 |  | Apuração ao vivq |  | y |  | 19:55 | 
f_0339.png,12980,19:56:06,1,— |  | PRESIDENTE |  | tvsenado |  | Brasil |  | | |  | Urmas apuradas: 6481x een — — |  | E |  | Flávio Bolsonaro ED |  | 4956% GEAA — > |  | LS |  | A |  | Lula E |  | 4225%% EM > |  | Augusto Cury  (anto) |  | 297% EE — |  | Ronaldo Caiado D) |  | 2349%A EE E= |  | — |  | ES 2026 |  | Apuração ao vivo |  | - |  | b |  | 19:56 |  | Euvidoria) |  | (Ouvidoria ) SAIBA MAIS EM WWW.SENADO.LEG.BR/OUVIDORIA | 
f_0340.png,12990,19:56:16,0,"tvsenado |  | GOVERNADOR |  | V |  | Rio Grande do Sul |  | uUrnas apuradas: 9740% ""GEN |  | Zucco FD |  | 58,01% NNT —— |  | Juliana Brizola |  | 3 |  | * — |  | 3172% EM — > |  | Gabriel Souza |  | 840% EGE > |  | S |  | |) ELEIÇÕES 2026 |  | Marcelo Maranata |  | ( |  | Apuração ao vivo |  | & ) |  | 1,68% |  | 19:56 (Ouvidoria ) QUER FALAI% (;OM A CÂMARA? LIGUE: 0800 O 619619 OU PELO WHATSAPP (61) 3216-0000 | "
f_0341.png,13000,19:56:26,0,tvsenado |  | SENADOR |  | Í |  | aovIvo |  | Rio Grande do Sul |  | urnas apuradas: 9740% - EE |  | Sanderson FD |  | 30090% EM — > |  | Marcel Van Hattem |  | 3005% EM — » |  | Manuela D Ávila |  | 1/% EM > |  | |) ELEIÇÕES 2026 |  | Pimenta ED |  | Apuração ao vivo |  | 1634% E |  | ” |  | 07:56 (Informação ) MENSAGEM DUVIDOSA SOBRE O SENADO? FALE COM O WHATSAPP DO SENADO VERIFICA: 61 98190-0601 | 
f_0342.png,13010,19:56:36,0,"SENADOR |  | V |  | tvsenado |  | | |  | Rio Grande do Sul |  | Urnas apuradas: 9740% - ex |  | Sanderson (D |  | 30090% EM > |  | Marcel Van Hattem (&oo) |  | 3005% EM -- » |  | h, |  | Manuela D Ávila 650 |  | 17/0% EM > |  | « 516 |  | Pimenta / ED |  | M |  | | |  | 1634% EE |  | ELEIÇÕES 2026 |  | Apuração ao vivo |  | — |  | 07:56 |  | (Informação ) MENSAGEM DUVIDOSA SOBRE A CÂMARA? FALE COM O WHATSAPP DA CÃMARA COMPROVE: 61 99660*2003 | "
f_0343.png,13020,19:56:46,0,"tvsenado |  | mm |  | . |  | .1es |  | Ess |  | é |  | te |  | Z f |  | o |  | = |  | .. |  | — |  | L |  | >) |  | $ |  | U 2S |  | D |  | /1l. |  | WE |  | o |  | d |  | m |  | F- |  | |) ELEIÇÕES 2026 |  | Apuração ao vivo |  | 19:56. (Senado ) RONDÔNIA: DR. FERNANDO MÁXIMO E BRUNO SCHEID, DO PL, ELEITOS | "
f_0344.png,13030,19:56:56,0,— |  | tvsenado |  | 1 |  | CEs. |  | 2e:. |  | s. |  | P |  | — E |  | Vm |  | 1 |  | a |  | — |  | * |  | y |  | |) ELEIÇÕES 2026 |  | Apuração ao vivo |  | 19:56. (Senado ) SANDERSON (PL) E MARCEL VAN HATTEM (NOVO) ELEITOS NO RIO GRANDE DO SUL |  | — | 
f_0345.png,13040,19:57:06,0,tvsenado |  | . |  | ses* |  | =e. |  | ” |  | . |  | . |  | _'l* |  | s. |  | ríx . |  | 1 |  | NWA |  | -m |  | G'c |  | sS |  | |) ELEIÇÕES 2026 |  | A |  | Apuração ao vivo | |  | 5 |  | Z S |  | —— |  | a — . |  | 19:57 |  | Sení;dc; MATO GROSSO: MAURO MENDES (UNIÃO) E ZÉ MEDEIROS (PL) ELEI;'BS |  | —— |  | —— |  | —— |  | — | 
f_0346.png,13050,19:57:16,0,"tvsenado |  | AO VIVO |  | » |  | 1es |  | — |  | .1u. |  | te |  | om /, |  | | |  | a |  | — |  | . |  | "" |  | o |  | a |  | |) ELEIÇÕES 2026 |  | Apuração ao vivo |  | . |  | ) |  | A |  | .. |  | - |  | ” |  | — |  | JOÃ; AZEVEDÓ (PSB) ELEITO SENADOR NA PARAÍBA; VENEZIANO (MDB) EM SEGUNDO NA APURAÇÃO |  | —— |  | —— |  | —— | "
f_0347.png,13060,19:57:26,0,"tvsenado |  | AO VIVO |  | 1tes! |  | ..es. |  | XM |  | . |  | 1u5= |  | 2 |  | d |  | = |  | P |  | “ |  | 2 ' |  | — |  | A |  | OO |  | |) ELEIÇÕES 2026 |  | S - |  | o |  | E |  | Á Apuração ao vivo |  | 2S “ |  | - |  | Senado ) MICHELLE BOLSBNARO E BIA KICIS, DO PL, ELEITAS SENADORAS NO DISTRITO FEDERAL |  | —— . |  | — |  | —.."""""" | "
f_0348.png,13070,19:57:36,0,"tvsenado |  | AO VIVO |  | 1ess |  | ..e. |  | z |  | s. |  | Aeus |  | V |  | “» |  | “ |  | & |  | me |  | o |  | ! |  | - |  | w l |  | 1) |  | ""+ |  | & |  | “ |  | N — |  | h |  | |) ELEIÇÕES 2026 |  | d. |  | Apuração ao vivo |  | . |  | PR |  | T |  | 57 |  | Senado ) NO PARÃNÁ, FILIPE BARROS (PL) E DELTAN DALLAGNOL (NOVO) ELEITOS SENADORES |  | — ."". |  | — |  | —"" . | "
f_0349.png,13080,19:57:46,0,"tvsenado |  | ses |  | ..ses |  | e |  | tes |  | .. |  | » |  | F, |  | W |  | "" |  | /) |  | |) ELEIÇÕES 2026 |  | A |  | m |  | Apuração ao vivo |  | < |  | LÁ |  | 19:57 |  | eitos, LUCAS RIÉE!RÓ (PP) ELEITO GOVERNADOR IAI:X PARAÍBA |  | .——————— |  | — | "
f_0350.png,13090,19:57:56,0,", |  | tvsenado |  | 1est |  | .n.u.. |  | .. |  | te |  | -. |  | nl |  | 7 |  | d |  | o |  | UE |  | 'ªt'_ |  | !:7'. |  | ) ELEIÇÕES 2026 — |  | P |  | "" |  | - |  | ] Apuração ao vivo |  | »h |  | DP |  | -” |  | p—pNp—e—— |  | RORAIMA: ARTHUR HENRIQUE (PL) ELEITO GOVERNADOR EM PRIMEIRO |  | fn |  | ——[W""Yn2 |  | ÉRNO | "
f_0351.png,13100,19:58:06,0,"tvsenado |  | — |  | LB |  | ="".e-s. |  | 7 |  | .. |  | —” |  | 1. |  | - |  | & |  | (-. |  | .. |  | [l |  | l |  | P |  | Z |  | w |  | |) ELEIÇÕES 2026 |  | — Apuração ao vivo |  | D |  | — |  | . |  | U —— |  | 19:58 ELEITO EM PRIMEIRO TURNO OTAVIANO PIVETTA (REPUBLICANOS) GOVERNADOR DE MATO GROSSO |  | — |  | —— |  | — |  | — |  | - |  | — |  | — |  | Z |  | - |  | —— | "
f_0352.png,13110,19:58:16,0,", |  | tvsenado |  | AO VIVO |  | .. |  | — ) |  | "".. |  | . |  | t. |  | ds |  | - |  | "". |  | o |  | / |  | * i |  | NEA |  | R |  | X |  | |) ELEIÇÕES 2026 |  | Á |  | À Apuração ao vivo | |  | - L o |  | T |  | ee |  | 19:58 |  | RONDÔN |  | ARCPS ROGÉRIO (PL) ELE).;O GOVER_NADOR |  | — |  | PS——""[A .. | "
f_0353.png,13120,19:58:26,0,tvsenado |  | AOVIVO |  | 1es! |  | ..es |  | .- |  | = s |  | e |  | É |  | — |  | ll |  | — |  | 7 |  | a |  | i |  | | |  | |) ELEIÇÕES 2026 |  | Apuração ao vivo |  | LRR >- |  | o |  | — |  | JC;I;(;IÍHOÍMELEO (PL) REELEITO GOVERNADOR DE SANTA CATARINA |  | — |  | — |  | — | 
f_0354.png,13130,19:58:36,0,"tvsenado |  | AO VIVO |  | 1es' |  | ..e. |  | ee |  | f” |  | ""= |  | = . |  | = |  | 7 |  | . E |  | U |  | LS |  | | | |  | = |  | ? |  | s |  | W |  | o |  | T*,' |  | ' |  | t |  | ) |  | - |  | |) ELEIÇÕES 2026 "" |  | A |  | * |  | puração ao vivo |  | 5 |  | ª— |  | » |  | -- |  | 19:58 |  | NO RIO GRANDE DO SUL, ZUCCO (PL) ELEl'i'O GBVERNADOR |  | — | "
f_0355.png,13140,19:58:46,0,tvsenado |  | . |  | ... |  | d |  | ” |  | .. |  | É |  | 4 |  | — |  | n |  | s. |  | & |  | a |  | |) ELEIÇÕES 2026 |  | Apuração ao vivo | |  | » |  | ” |  | :S |  | ” |  | — |  | ACESSE A PÁGINA ESPECIAL: LINK.SENADO.LEG.BR/ELEICOES |  | —— |  | — | 
f_0356.png,13150,19:58:56,0,"tvsenado |  | n1e. |  | e |  | ... |  | á |  | — |  | “ |  | a |  | t/) |  | R |  | wí ""*_ |  | & |  | P |  | D; |  | |) ELEIÇÕES 2026 |  | Enni Figueiredo |  | Apuração ao vivo |  | TVAL RS - Porto Alegre (RS) |  | D |  | —— |  | PÁGINA ESPECIAL DA AGÊNCIA CÂMARA: CD.LEG.BR/VOTO2026 |  | — |  | —— |  | o |  | —— | "
f_0357.png,13160,19:59:06,0,"tvsenado |  | .. |  | s b |  | a.ec.. |  | VE |  | la |  | ds |  | + |  | — 1 |  | N |  | d/ |  | TAl |  | F(J |  | s. |  | & |  | ? |  | aa |  | aA |  | 9 |  | |) ELEIÇÕES 2026 |  | Enni Figueiredo |  | . CO |  | Apuração ao vivo |  | D A |  | E |  | TVAL RS - Porto Algre (RS) |  | a= |  | 19:59 |  | "" |  | —— |  | — |  | — |  | D | "
f_0358.png,13170,19:59:16,0,".4 |  | tvsenado |  | AO VIVO |  | .. |  | .s |  | ” |  | X4 |  | . |  | VA |  | enh |  | — 1 |  | Tm |  | — |  | . |  | Ê |  | V |  | fh |  | T |  | -. SE |  | “ |  | |) ELEIÇÕES 2026 |  | Enni Figueiredo |  | , Apuração ao vivo |  | N ES |  | "" |  | TVAL RS - Poo Alegre (RS) |  | a |  | — |  | 19:59 |  | TE — T |  | CONFIRA MAIS INFORMAÇÕES EM g:wsgriAno, NO INSTAGRAM E NO FACEBOOK |  | — |  | ..— | "
f_0359.png,13180,19:59:26,0,"tvsenado |  | AO VIVO |  | .. |  | ... |  | i |  | a e |  | SE |  | n |  | — |  | E |  | E |  | N. |  | À |  | À |  | w*n |  | s. |  | P |  | |) ELEIÇÕES 2026 |  | Enni Figueilíedo |  | - |  | ] Apuração ao vivo |  | TVAL RS - Porto Alegre (RS) |  | A TRANSMIS—SÃO AO VIVO TAMBÉM EÁ NO FACEBOOK QTVCAMARADPUTAEDOS GORADIOCAMARA |  | — |  | — |  | ——""-. |  | —— | "
f_0360.png,13190,19:59:36,0,tvsenado |  | AO VIVO |  | T+ |  | .. |  | l |  | .e. |  | = |  | Y |  | .. |  | T |  | — |  | — |  | «= . |  | / |  | — |  | a |  | . |  | |) ELEIÇÕES 2026 |  | | Apuração ao vivo | |  | = |  | . |  | e |  | Es) PARTICIPE: ENVIE PERGUNTAS PELO TIKTOK GTVCAMARADEPUTADOS |  | — |  | aa |  | — |  | S |  | — | 
f_0361.png,13200,19:59:46,0,"L |  | tvsenado |  | .. |  | = .es |  | . |  | A |  | D |  | -"" |  | — 1 |  | p |  | = |  | çs |  | — |  | d |  | "". |  | |) ELEIÇÕES 2026 |  | Apuração ao vivo |  | E |  | ' ”” |  | . a |  |  ACOMPANHE TUDO AO VIVO NO YOUTUBE DA CÂMARA GCAMARADOSDEPUTADOSOFICIAL |  | —— |  | —— |  | — |  | - | "
f_0362.png,13210,19:59:56,0,tvsenado |  | 1ee |  | ..es |  | .- |  | n |  | — 1 |  | Tm |  | = |  | — |  | . |  | n |  | & |  | ” |  | eh |  | |) ELEIÇÕES 2026 |  | Apuração ao vivo |  | - |  | 19:59 vAIs INFORMAÇÕES NO PERFIL DO X QCAIÃARADEPUTADOS |  | NNNm— |  | —— .. |  | — |  | -= |  | — | 
f_0363.png,13220,20:00:06,0,"U |  | tvsenado |  | N |  | :,L —. l/_ |  | — |  | E |  | = |  | ”, |  | > V*J'ª_ |  | — ) ELEIÇÕES 2026 |  | Pl |  | Apuração ao vivo |  | PT |  | —— |  | 20:00 (Libras) CRÍTICAS E SUGESTÕES PODEM SER ENCAMINHADAS PARA A TV SENADO PELA OUVIDORIA | "
f_0364.png,13230,20:00:16,0,"tvsenado |  | = |  | SENADOR |  | h |  | Paraná |  | | |  | Urnas apuradas: 9917% - ENEN |  | = |  | Filipe Barros (D |  | N |  | 23% EM > |  | Deltan Dallagno! |  | 25/9% E |  | Alexandre Curi |  | 16,78% |  | — |  | &', |  | Gleisi ED |  | | |  | | |  | 1333% E |  | 2 |  | - — Apuração ao vivo |  | 20:00 QUER FALAR COM O SENADO? LIGUE: 0800 061 22 11 PARA SUGESTÕES, ELOGIOS E DENÚNCIAS | "
f_0365.png,13240,20:00:26,0,"tvsenado |  | S M |  | —. |  | — |  | — SENADOR |  | | |  | E À |  | Paraná |  | Urnas apuradas: 9917% - ex |  | ovmo |  | i |  | Filipe Barros (D |  | ( |  | 23% EM > |  | A |  | 1/ E |  | Deltan Dallagnol |  | 25/9% EM — > |  | Alexandre Curi |  | 1678% E > |  | Gleisi ED |  | 133% E |  | | |  | EL |  | . |  | r""',_ Apuração ao vivo |  | 20:00 m SAIBA MAIS EM WWW.SENADO.LEG.BR/OUVIDORIA | "
f_0366.png,13250,20:00:36,0,"tvsenado |  | — |  | SENADOR |  | , |  | / |  | Paraná. |  | ] |  | Ex |  | Urnas apuradas: 99,17% |  | [m —— |  | » |  | Filipe Barros (D |  | 27,31% |  | equmD=:E > |  | Deltan Dallagnol |  | 25/9% EE -- > |  | '3 |  | Alexandre Curi |  | 1678% E > |  | Gleisi ED |  | 1333% E |  | | E |  | A |  | Apuração ao VivO um |  | 20:00 QUER FALAR COM A CÂMARA? LIGUE: 0800 O 619619 OU PELO WHATSAPP (61) 3216-0000 | "
f_0367.png,13260,20:00:46,0,"tvsenado |  | SENADOR |  | V |  | Paraná |  | urnas apuradas: 99,17% = RNNSS |  | Filipe Barros - FD |  | 231% EM |  | = |  | Deltan Dallagnol |  | 25/90% EM » |  | É |  | Alexandre Curi |  | ) |  | 1678% EM » |  | |) ELEIÇÕES 2026 |  | Gleisi ED |  | Apuração ao vivo |  | 333% E |  | C) |  | 08:00 | "
f_0368.png,13270,20:00:56,0,"— |  | tvsenado |  | — |  | — SENADOR |  | V |  | Paraná |  | ] |  | E |  | Urnas apuradas: 9917% - ex |  | Filipe Barros (D |  | TA |  | 23% EE > |  | Deltan Dallagnol |  | 25/19% EE — > |  | K> |  | Alexandre Curi |  | 1678% EE > |  | Gleisi ED |  | 1333% E |  | E |  | — Apuração ao vivo |  | 20:00 RONDÔNIA: DR. FERNANDO MÁXIMO E BRUNO SCHEID, DO PL, ELEITOS | "
f_0369.png,13280,20:01:06,0,tvsenado |  | CÂMARA DOS DEPUTADOS . |  | Paraná |  | urnas apuradas: 9917% ED |  | _m |  | iilher |  | _m |  | l |  | _m |  | Dir |  | _ |  | WIer |  | h |  | m54 |  | |) ELEIÇÕES 2026 |  | 20:01 (Senado ) SANDERSON (PL) E MARCEL VAN HATTEM (NOVO) ELEITOS NO RIO GRANDE DO SUL | 
f_0370.png,13290,20:01:16,0,tvsenado |  | CÂMARA DOS DEPUTADOS . |  | | |  | Paraná |  | | |  | urnas apuradas: 9917% CLO D |  | Sagentorahur — —— & EXCESS |  | Bepto — —.&&S EE |  | “ RosangelaMoro === & [BEA |  | |) ELEIÇÕES 2026 |  | E |  | 17514 |  | 20:01 (Senado) MATO GROSSO: MAURO MENDES (UNIÃO) E ZÉ MEDEIROS (PL) ELEITOS | 
f_0371.png,13300,20:01:26,0,"Instagzam |  | tv |  | AOVIVO |  | SM |  | y |  | 'o |  | TEA |  | a |  | [— |  | B |  | L |  | s |  | W |  | 288 mi |  | d | |  | Rh |  | 637mh |  | 7 |  | z |  | ” |  | deltandaáliagno! - SWIÉ,_É |  | - |  | — |) ELEIÇÕES 2026 |  | Apuração ao vivo |  | S |  | 2001 |  | JOÃO AZEVÊDO (PSB) ELEITO SENADOR NA PARAÍBA; VENEZIANO (MDB) EM SEGUNDO NA APURAÇÃO | "
f_0372.png,13310,20:01:36,0,""". —ªh- |  | AO VIVO |  | a |  | S |  | dR |  | ) |  | 4 |  | A |  | 4 |  | . |  | n |  | rã |  | V |  | F |  | z dn!landzlllfuno: : ,Íeuulrl |  | F |  | — |) ELEIÇÕES 2026 |  | Apuração ao vivo |  | AV-. |  | - |  | ——A |  | — |  | 20:01 |  | MICHELLE BOLSONARO E BIA KICIS, DO PL, ELEITAS SENADORAS NO DISTRITO FEDERAL | "
f_0373.png,13320,20:01:46,0,"tvsenado |  | — |  | SENADOR |  | / |  | Paraná |  | ) |  | E — |  | Urnas apuradas: 9917% - ax |  | Filipe Barros (D |  | 27,31% |  | » |  | e —— |  | E |  | Deltan Dallagnol |  | 25/9% E — > |  | 'ªª |  | Alexandre Curi |  | 1678% E > |  | Gleisi ED |  | E |  | 133% E |  | 2D |  | — = |  | Apuração ao vivo |  | — |  | - |  | 20:01 (Senado) REINALDO AZAMBUJA E CAPITÃO CONTAR, AMBOS DO PL, ELEITOS NO MATO GROSSO DO SUL | "
f_0374.png,13330,20:01:56,0,"A |  | Fs |  | -. |  | — |  | ” |  | , |  | í |  | , |  | h |  | Apuração ao vivo |  | — |  | 7 |  | Ee—nmE—— . |  | ES |  | À |  | 20:01 NO PARANÁ, FILIPE BARROS (PL) E DELTAN DALLAGNOL (NOVO) ELEITOS SENADORES |  | R S N L AN e | "
f_0375.png,13340,20:02:06,0,"E |  | EA |  | NTA |  | , |  | h |  | Apuração ao vivo |  | H |  | 20:02 LUCAS RIBEIRO (PP) ELEITO GOVERNADOR NA PARAÍBA |  | — |  | Ó M N S S ES =D | "
f_0376.png,13350,20:02:16,0,AOVIVO |  | AA |  | EX |  | %) |  | o |  | q EE |  | N |  | h |  | Apuração ao vivo |  | FT |  | 20:02 RORAIMA: ARTHUR HENRIQUE (PL) EI:EITD GOVERNADOR EM PRII:EIRO TU!!NO | 
f_0377.png,13360,20:02:26,0,AOVIVO |  | S |  | PAl |  | o |  | Çy;/ |  | FV |  | W |  | h |  | Apuração ao vivo |  | À |  | 20:02 RONDÔNIA: MARCOS ROGÉRIO (PL) ELEITO GOVERNADOR |  | — | 
f_0378.png,13370,20:02:36,0,"AOVIVO |  | cm |  | S |  | A |  | PEA A |  | Apuração ao vivo |  | Ex |  | 20:02 (Eleitos) JORGINHO MELLO O (PL) REELEITO GOVERNADOR DE SANTA CATARINA |  | o RRESA sdm |  | — "" |  | —— | "
f_0379.png,13380,20:02:46,0,"e |  | — |  | — |  | 4 |  | À |  | Ap |  | uração ao vivo |  | — |  | À |  | Í |  | J |  | 20:02 NO RIO GRANDE |  | Í SUL, ZU |  | ICCO (PL) ELEITO GOVERNADOR |  | ""T |  | aa | "
f_0380.png,13390,20:02:56,0,"tvsenado |  | GOVERNADOR |  | V |  | Rio de Janeiro |  | urnas apuradas: 73480% GEENENNNENHEN > |  | Douglas Ruas FD |  | 5034% EN —— > |  | Eduardo Paes |  | 457% 0E |  | ÉJ |  | Garotinho |  | 3,27/% C o - |  | | ELEIÇÕES 2026 |  | William Siri |  | x) |  | Apuração ao vivo |  | 2,71% |  | ( |  | ” |  | 20:02 ACESSE A PÁGINA ESPECIAL: LINK.SENADO.LEG.BR/ELEICOES | "
f_0381.png,13400,20:03:06,0,"tvsenado |  | GOVERNADOR |  | V |  | Rio de Janeiro |  | urnas apuradas: 7348% GEENNNNNHEN > |  | Douglas Ruas - (FD) |  | 5034% EN — > |  | Eduardo Paes |  | 445% EE |  | Garotinho (Republicaros) |  | 3,27/%% C o - - |  | E |  | |) ELEIÇÕES 2026 |  | William Siri |  | Apuração ao vivo |  | S |  | 2,71% |  | ( |  | 20:03 PÁGINA ESPECIAL DA AGÊNCIA CÂMARA: CD.LEG.BR/VOTO2026 | "
f_0382.png,13410,20:03:16,0,"tvsenado |  | —  GOVERNADOR = |  | Rio de Janeiro, |  | | |  | En A |  | Urnas apuradas: 7340% ex > |  | Douglas Ruas &D |  | NA |  | 5034% EE — > |  | e |  | EN |  | R |  | Eduardo Paes 5D |  | 4457% EM .> |  | 1 |  | ex |  | E |  | Garotinho |  | EXA —— |  | DA |  | William Siri EsoD |  | PTAESA PE |  | a |  | — S |  | — |  | 20:03 (Mídias) ACOMPANHE A TRANSMISSÃO ESPECIAL EM YOUTUBE.COM/TVSENADO | "
f_0383.png,13420,20:03:26,0,"tvsenado |  | = |  | — |  | — |  | —  GOVERNADOR "" . |  | ) |  | Rio de Janeiro |  | - |  | Urnas apuradas: 7348% exemmeaas > |  | —— |  | Douglas Ruas (D |  | 5034% EE — > |  | . |  | Eduardo Paes (E5D) |  | 41157% E » |  | Garotinho |  | 9 |  | EVA R —— |  | William Siri EsoD |  | 27196 1 ss |  | m |  | —— |  | -= Apuração ao vivo |  | 20:03 (Mídias) CONTEÚDOS ESPECIAIS TAMBÉM ESTÃO NO KWAI E NO TIKTOK. CONFIRA EM GTVSENADO | "
f_0384.png,13430,20:03:36,0,"tvsenado |  | — GOVERNADOR |  | "" |  | / |  | Rio de : Janelro |  | 7 |  | Urnas apuradas: 73,48% en—m—m—A > |  | Douglas Ruas (D |  | 5034% EE — > |  | Eduardo Paes D) |  | 4457% EM |  | Garotinho |  | 327% / EE |  | William Siri Eso) |  | 2719600 EE |  | — )ELEIÇÕES 2026 |  | — |  | F"" Apuração ao vivo |  | 20:03 (Mídias ) CONFIRA MAIS INFORMAÇÕES EM GTVSENADO, NO INSTAGRAM E NO FACEBOOK | "
f_0385.png,13440,20:03:46,0,& |  | E |  | W |  | tvsenado |  | É |  | SN |  | — |  | — |  | F |  | a= |  | b s |  | Á |  | D |  | == |  | VS |  | — |  | SE |  | — |  | Apuração ao vivo |  | o aa |  | N |  | 20:03 - 'A TRANSMISSÃO AO VIVO TAMBÉM ESTÁ NO FACEBOOK GTVCAMARADEPUTADOS GRADIOCAMARA |  | —— | 
f_0386.png,13450,20:03:56,0,2 |  | ) |  | P |  | A m |  | & |  | NM |  | íl |  | o |  | Apuração ao vivo |  | 20:03 — ACOMPANHE TUDO AO VIVO NO YOUTUBE DA CÂMARA GCAMARADOSDEPUTADOSOFICIAL | 
f_0387.png,13460,20:04:06,0,| |  | SS |  | N |  | A |  | PAA |  | ) |  | S |  | e |  | S |  | h |  | d |  | Apuração ao vivo |  | ? |  | m |  | 20:04 MAIS INFORMAÇÕES NO PERFIL DO X GCAMARADEI |  | Pl;TADOS |  | — | 
f_0388.png,13470,20:04:16,0,"AOVIVO |  | S |  | 2 |  | e |  | K |  | L |  | 4 |  | h |  | Apuração ao vivo |  | “ |  | p——ces) |  | < — |  | | |  | 20:04 CRÍTICAS E SUGESTÕES PODEM SER ENCAMINHADAS PARA A TV SENADO PELA OUVIDORIA |  | — |  | —"" ee |  | — |  | a | "
f_0389.png,13480,20:04:26,0,"tvsenado |  | 1 |  | P |  | Ec |  | X*-—/la |  | “ |  | F |  | L |  | 20:04 QUER FALAR COM O SENADO? LIGUE: 0800 |  | i |  | os1 21 11 PARA SUGBI'OÉ, ELOGIOS E DENÚNCIAS |  | — |  | ..— | "
f_0390.png,13490,20:04:36,0,ES ERT) |  | AOVIVO |  | oA |  | e |  | %) |  | X/% |  | h |  | Apuração ao vivo |  | FE |  | 20:04 (Ouvidoria ) SAIBA MAIS EM www.sznmoEG.B;/o | 
f_0391.png,13500,20:04:46,0,"tvsenado |  | - |  | —— |  | — SENADOR |  | Rio de Janeiro |  | | |  | ” |  | ES) |  | Urnas apuradas: 73,48% |  | —— |  | Carlos Portinho &D |  | TA |  | 27,16% |  | e ES ) |  | S 8 |  | Carlos Jordy ED |  | 249% EM > |  | N |  | Benedita Da Silva ED |  | 2000% E > |  | Pedro Paulo |  | n5% ET —— |  | - . |  | ” |  | .gmlvo |  | 20:04 QUER FALAR COM A CÂMARA? LIGUE: 0800 O 619619 OU PELO WHATSAPP (61) 3216-0000 | "
f_0392.png,13510,20:04:56,0,"tvsenado |  | SENADOR |  | Í |  | Rio de Janeiro |  | urnas apuradas: 7348% GEENENNNNHEN > |  | Carlos Portinho / ED |  | 2/6% EM » |  | B |  | Carlos Jordy ED |  | 2494% EM — » |  | Benedita Da Silva ED |  | O |  | 20,02% EM » |  | U |  | P |  | Pedro Paulo |  | |) ELEIÇÕES 2026 |  | 2M |  | Apuração ao vivo |  | n5% E |  | s |  | 08:04 (Informação) MENSAGEM DUVIDOSA SOBRE O SENADO? FALE COM O WHATSAPP DO SENADO VERIFICA: 61 98190-0601 | "
f_0393.png,13520,20:05:06,0,"tvsenado |  | — |  | — |  | - |  | SENADOR |  | V |  | Rio de Janeiro, |  | ] |  | u |  | Urnas apuradas: 7348% exemmeenns > |  | Carlos Portinho & |  | ) |  | ªâ'ª. |  | 2/6% EM > |  | Carlos Jordy ED |  | 249% EM > |  | Benedita Da Silva ED |  | 2000% E > |  | Pedro Paulo E55) |  | n5% ET —— |  | — |  | —  Apuração aovivo |  | 08:05 (Informação ) MENSAGEM DUVIDOSA SOBRE A CÂMARA? FALE COM O WHATSAPP DA CÂMARA COMPROVE: 61 99660-2003 | "
f_0394.png,13530,20:05:16,0,"J |  | | |  | = |  | 5 |  | tvsenado |  | b |  | ] |  | | |  | ' |  | AO VIVO |  | U |  | Apuradas: T4 ex—— — |  | Rlo de Janeiro |  | (Cartos Portínho &) |  | õ |  | ) Us EE |  | Canos 2ordy & |  | | |  | pasita É& |  | 209,00% |  | mH |  | pesro Pado |  | D= |  | V |  | & |  | Fsm E |  | sd |  | FR |  | |) ELEIÇÕES 2026 |  | Apuração ao vivo |  | 20:05 RONDÔNIA: DR. FER;JANDÉ MÁXIMO E BRUNO SCHEID, DO PL, ELEITOS | "
f_0395.png,13540,20:05:26,0,"tvsepado |  | TE |  | À |  | > |  | =T |  | SENADOR |  | Rio de Janeiro |  | Urnas apuradas: 73480% eENNENTENSN » |  | Carlos Portinho ED |  | & |  | 2/6% EM > |  | Carlos Jordy &D |  | E |  | E |  | 24,94% |  | N —— |  | Cs) |  | ? |  | Z |  | Benedita Da Silva ED |  | 2000% EM » |  | o |  | Pedro Paulo |  | L |  | n57% « ) |  | ELaçOÉ 2026 |  | P — |  | Apuração ao vivo |  | 20:05 (Senado ) SANDERSON (PL) E MARCEL VAN HATTEM (NOVO) ELEITOS NO RIO GRANDE DO SUL | "
f_0396.png,13550,20:05:36,0,m. |  | AOVIVO |  | — |  | h |  | E |  | Apuração ao vivo |  | 20:05 JOAO AZEVEDO (PSB) ELEITO SENADÓR NA PARAIBA; VENEZAN DB) EM SEGUNDO NA APURAÇÃO | 
f_0397.png,13560,20:05:46,1,"tvsenado |  | = |  | — SENADOR |  | "" |  | - Rio de Janeiro |  | | |  | m |  | Uras apuradas: 73,48% e——m— > |  | Carlos Portinho &D |  | 2/6% EM — > |  | Carlos Jordy (D |  | 249% EE > |  | Benedita Da Silva ED |  | QT |  | 20,020% EE > |  | Pedro Paulo ED) |  | 1,57% |  | CE=) |  | — Apuração ao vivo |  | a |  | 20:05 (Senado ) MICHELLE BOLSONARO E BIA KICIS, DO PL, ELEITAS SENADORAS NO DISTRITO FEDERAL | "
f_0398.png,13570,20:05:56,0,"tvsenado |  | CÂMARA DOS DEPUTADOS . |  | Rio de Janeiro |  | | |  | Urnas apuradas: 73,48% EEc |  | B 6) mEm |  | Li |  | 131071 |  | o |  | 125.368 |  | !JF' |  | </ |  | E= |  | 120.242 |  | LSA |  | 2A |  | = |  | 20:05 (Senado) REINALDO AZAMBUJA E CAPITÃO CONTAR, AMBOS DO PL, ELEITOS NO MATO GROSSO DO SUL | "
f_0399.png,13580,20:06:06,0,"—— |  | M |  | tvsenado |  | CÂMARA DOS DEPUTADOS "" . |  | L |  | Rio de Janeiro |  | ” |  | n |  | Urnas apuradas: 7348% E=A |  | » |  | PT TTTTNINTS] EEA |  | Lin |  | i |  | 131071 |  | L |  | .n |  | 125368 |) |  | Rick |  | ick Azev |  | < Azeve |  | íco) |  | q ” |  | Teuembeghes M ) EXA |  | i'“' |  | m8 |  | ' 2— |  | sS |  | = |  | — |  | | E |  | aA |  | 20:06 NO PARANÁ, FILIPE BARROS (PL) E DELTAN DALLAGNOL (NOVO) ELEITOS SENADORES | "
f_0400.png,13590,20:06:16,0,"tvsenado |  | CÂMARA DOS DEPUTADOS. . |  | | |  | Rio de Janeiro |  | W |  | Urnas apuradas: 7348% E= |  | | |  | _ |  | &) [) |  | taam TE TNTS] ERRES |  | CS) |  | n |  | o |  | R 5 |  | _ |  | — |  | 2 |  | "". |  | '. |  | 20:06 (Eleitos) LUCAS RIBEIRO (PP) ELEITO GOVERNADOR NA PARAÍBA | "
f_0401.png,13600,20:06:26,0,ELEIÇÕES 2026 |  | E |  | o |  | aLk ” |  | 20:06 RORAIMA: ARTHUR HENRIQUE (PL) ELEITO GOVERNADOR EM PRIMEIRO TURNO | 
f_0402.png,13610,20:06:36,0,a |  | tw |  | & |  | W |  | ELEIÇÕES 2026 |  | wº. |  | ee |  | : |  | D |  | 20:06 - ELEITO EM PRIMEIRO TURNO OTAVIANO PIVETTA (REPUBLICANOS) GOVERNADOR DE MATO GROSSO | 
f_0403.png,13620,20:06:46,0,tvsenado |  | ÇÕES 20726 |  | Z |  | — |  | D |  | |) ELEIÇÕES 2026 |  | 20:06 RONDÔNIA: MARCOS ROGÉRIO (PL) ELEITO GOVERNADOR |  | — | 
f_0404.png,13630,20:06:56,0,tvsenado' |  | E |  | o |  | A |  | À |  | |) ELEIÇÕES 2026 |  | Ádm |  | 20:06 (Eleitos) JORGINHO MELLO (PL) REELEITO GOVERNADOR DE SANTA CATARINA |  | — | 
f_0405.png,13640,20:07:06,0,",' |  | PA |  | /X |  | 26 |  | EE |  | Y |  | —;_;J |  | |) ELEIÇÕES 2026 |  | IÁBETTO |  | 20:07 | "
f_0406.png,13650,20:07:16,0,"""” |  | 260 |  | E= |  | ..— |  | |) ELEIÇÕES 2026 |  | 1 PA |  | P |  | 20:07 PÁGINA ESPECIAL DA AGÊNCIA CÂMARA: CD.LEG.BR/VOTO2026 |  | — | "
f_0407.png,13660,20:07:26,0,"tvsenado |  | k——-——-j |  | 7 |  | o |  | r& |  | L. |  | » |  | ” |  | la Só Ss S |  | ""A |  | D |  | |) ELEIÇÕES 2026 |  | 20:07 ACOMPANHE A TRANSMISSÃO ESPECIAL EM YOUTUBE.COM/TVSENADO | "
f_0408.png,13670,20:07:36,0,—— |  | ———l'? |  | — |  | 36 |  | p |  | t |  | p |  | É |  | É |  | ? |  | ”» |  | m. |  | E |  | En |  | Y. |  | == |  | |) ELEIÇÕES 2026 |  | 20:07 CONTEÚDOS ESPECIAIS TAMBÉM ESTÃO NO KWAI E NO TIKTOK. CONFIRA EM GTVSENADO | 
f_0409.png,13680,20:07:46,0,"tvsenado |  | P |  | Ex l-l?v—— |  | » |  | N |  | 2 |  | o |  | = |  | o |  | VE |  | TA |  | / |  | J |  | á |  | 2E |  | D |  | 2E |  | — |  | E |  | D |  | ” |  | —— |  | 20:07 CONFIRA n;us IN&FOIÍMAÇOBVEM GTVSENADO, NO INSTAGRAM E NO FACEBOOK | "
f_0410.png,13690,20:07:56,0,h—l?v-- |  | tvsenado |  | aaa PZ |  | N |  | (l |  | d |  | Bi |  | m |  | 22 |  | E |  | o É |  | ) ELEIÇÕES 2026 |  | | |  | i |  | ) |  | —  Apuração ao vivo ú |  | = |  | U |  | L |  | E |  | .5 |  | A |  | 20:07 (Mídias) A TRANSMISSÃO AO VIVO TAMBÉM ESTÁ NO FACEBOOK &TVCAMARADEPUTADOS GRADIOCAMARA | 
f_0411.png,13700,20:08:06,0,"—l?v-— |  | tvsenado |  | d |  | E |  | o |  | & |  | % | |  | 4 |  | a J]ÚÚ, |  | aa E |  | |) ELEIÇÕES 2026 |  | P” |  | —  Apuração ao vivo |  | N |  | y»x |  | —= 29— |  | s |  | MT |  | o |  | T & |  | Í—-ja |  | 20:08 (Mídias) PARTICIPE: ENVIE PERGUNTAS PELO TIKTOK GTVCAMARADEPUTADOS | "
f_0412.png,13710,20:08:16,0,tvsenado |  | hl?v -” |  | n |  | N |  | & |  | 1Z |  | P |  | &« |  | T |  | |) ELEIÇÕES 2026 |  | e É |  | A| |  | / |  | — |  | M |  | Õ |  | E |  | — |  | puração ao vivo J |  | T |  | A |  | xí |  | 20:08 (Mídias) ACOMPANHE TUDO /AO VIVO NO YOUTUBE DA CÂMARA GCAMARADOSDEPUTADOSOFICIAL | 
f_0413.png,13720,20:08:26,0,"— |  | tvsenado |  | À |  | novmo |  | MS |  | XI! |  | N |  | ELEIÇÕES 2026 |  | W |  | ) |  | 31 |  | L | |  | =/ |  | x |  | l AN |  | d |  | ""x |  | [ |  | - |  | "" |  | — |  | Apuração ao vivo |  | 20:08 MAIS. INFORMAÇÕES NO PERFIL DO X GCAMARADEPUTADOS | "
f_0414.png,13730,20:08:36,0,"= s tá T Em |  | tvsenado |  | S |  | T |  | / |  | &. |  | 1 |  | /,_ |  | d À |  | | eLEIÇÕES 2026 / |  | Apuração ao vivo |  | ee |  | — |  | PODEM SER ENCAMINHADAS PARA A TV SENADO PELA OUVIDORIA | "
f_0415.png,13740,20:08:46,0,m E om É o Z E |  | tvsenado |  | AVTE=S |  | SS |  | dd |  | W |  | 7A |  | É |  | re |  | | ELEIÇÕES 2026 |  | Apuração ao vivo |  | z |  | Y |  | h |  | EE — RT |  | 20:08 |  | m |  | SAIBA MAIS |  | WW.SENADO.LEG.BR/OUVIDORIA | 
f_0416.png,13750,20:08:56,0,". |  | ELEIÇÕES 2026 |  | Y"" |  | P = |  | í* |  | “ |  | %ivo |  | TA |  | 20:08 QUER FALAR COM A CÂMARA? LIGUE: 0800 O 619619 OU PELO WHATSAPP (61) 3216-0000 | "
f_0417.png,13760,20:09:06,0,jado |  | R |  | ? — ELEIÇÕES 2026 |  | P |  | — asçosas |  | — |  | Apuração ao vivo |  | 08.0—9 Informação ) MENSAGEM DUVIDOSA SOBRE O SENADO? FALE COM O WHATSAPP DO SENADO VERIFICA: 61 98190-0601 | 
f_0418.png,13770,20:09:16,0,"— |  | — , ELEIÇÕES 2026 |  | éà |  | —— |  | ?mlvo |  | — |  | —— |  | 08:09 (Informação ) MENSAGEM DUVIDOSA SOBRE A CÂMARA? FALE COM O WHATSAPP DA CÂMARA COMPROVE: 61 99660-2003 | "
f_0419.png,13780,20:09:26,0,"AOVIVO |  | Ás |  | '1 |  | b A |  | R |  | A |  | Apuração ao vivo |  | /í |  | —— |  | 20:09 |  | nai |  | RONDÔNIA: DR. FERNANDO MÁX]MO E BRUNO SCHEID, DO PL, ELElTOS | "
f_0420.png,13790,20:09:36,0,AO VIVO |  | JT |  | A |  | TA |  | eUES — |  | R |  | Ç |  | n |  | e d |  | h |  | Apuração ao vivo |  | S |  | — |  | 20:09 (Senado) SANDERSON (i'L) E MARCEL VAN HATTEM (NOVO) ELEITOS NP RIO GRANDE DO SUL |  | —— ——————ÚÀ[— | 
f_0421.png,13800,20:09:46,0,""" |  | L— |  | — |  | lv;:nado |  | L |  | ] |  | / )) |  | | |  | f |  | ELEIÇÕES 2026 ?j |  | “ |  | | |  | = |  | a |  | to |  | = | |  | "" |  | E |  | DA |  | /""c.-. |  | ) ELEIÇÕES 2026 - |  | Apuração ao vivo | |  | 20:09 Senadof _DIAA'NJ GROS;O: D]Ã_GRO MEANDB. (UNIÃO) E ZÉ MEDEIROS (PL) ELEITOS | "
f_0422.png,13810,20:09:56,0,"K |  | A |  | e |  | ' |  | f |  | h |  | W |  | Apuração ao vivo |  | - |  | 20:09 (Senado) JOÃO AZEVEDO (PSB) ELEITO SENADOR NA PARAÍBA, WNEZANO (MDB) EM SEGUNDO NA APURAÇÃO |  | TE a oA — | "
f_0423.png,13820,20:10:06,0,"W |  | & |  | )| |  | tvsenado |  | L |  | wl& |  | ) | |  | "" ELEIÇÕES 2026 |  | « |  | !l// |  | Á |  | ""x |  | s |  | —.. |  | A |  | Apurao a vivo |  | 20:10 |  | MIELLE BOLSONARO E BIA KICIS, DO PL, ELEITAS SENADORAS NO DISTRITO FEDERAL | "
f_0424.png,13830,20:10:16,1,"PRESIDENTE |  | tvsenado |  | | |  | Brasil |  | urn*as apuradas: 84,96% |  | ——-——— ) |  | Flávio Bolsonaro ED |  | P |  | < |  | 184/% EAA » |  | V |  | Lula ED |  | . |  | 4349% M > |  | D |  | Augusto Cury (saro) |  | 294% — EE — |  | . |  | Ronaldo Caiado |  | 21279% EB s> |  | '1 |  | 1;M:x/ |  | —— |  | - |  | m |  | e |  | Apuração ao vivo |  | — |  | 200 | "
f_0425.png,13840,20:10:26,1,tvsenado |  | PRESIDENTE |  | Í |  | o |  | Brasil |  | urnas apuradas: 8496% GEENENENEN > |  | Flávio Bolsonaro FD |  | 484/% NAA » |  | Lula ED |  | 4349% M » |  | Augusto Cury |  | 294% C |  | |) ELEIÇÕES 2026 |  | Ronaldo Caiado |  | Apuração ao vivo |  | 22/% C o - - - - - D |  | 20:10 LUCAS RIBEIRO (PP) ELEITO GOVERNADOR NA PARAÍBA | 
f_0426.png,13850,20:10:36,1,"PRESIDENTE |  | V |  | tvysenado |  | | |  | Brasil |  | Z |  | Urnas apuradas: 84,96% |  | —— — |  | — |  | Flávio Bolsonaro ED |  | = |  | 184% BMA > |  | LITERECO) |  | 4349% EM > |  | Augusto Cury |  | 294%  CL —— |  | Renan Santos |  | 2:319%6] hE=— 2= |  | A h |  | l Í |  | — E õ ) |  | — |  | Apuração ao vivo |  | 20:10 RORAIMA: ARTHUR HENRIQUE (PL) ELEITO GOVERNADOR EM PRIMEIRO TURNO | "
f_0427.png,13860,20:10:46,1,"PRESIDENTE |  | V |  | tvwsenado |  | w |  | Brasil |  | N |  | "" |  | urnas apuradas: 84,96% exmmmmentas — |  | T |  | Flávio Bolsonaro ED |  | 484/% EAA » |  | E |  | . |  | Lula ED |  | 4349% EM > |  | Augusto Cury Gans) |  | 294% — Em —— |  | Renan Santos  (Vssio) |  | 2:31% L EE |  | = : |  | — ) ELEIÇÕES 2026 |  | E |  | —— |  | Apuração ao vivo |  | —— |  | 20:10 (Eleitos ) ELEITO EM PRIMEIRO TURNO OTAVIANO PIVETTA (REPUBLICANOS) GOVERNADOR DE MATO GROSSO | "
f_0428.png,13870,20:10:56,0,' Y |  | ELEIÇÕES |  | : |  | É |  | me s |  | — |  | |) ELEIÇÕES 2026 |  | = |  | Apuração ao vivo |  | 20:10  (Eleitos) RONDÔNIA: MARCOS ROGÉRIO (PL) ELEITO GOVERNADOR |  | tl A 1' |  | —— | 
f_0429.png,13880,20:11:06,0,iiA = |  | tvsenado |  | N |  | 2 E |  | Er 7 |  | & |  | h |  | F> |  | 20:1 | 
f_0430.png,13890,20:11:16,1,"jado |  | [VO |  | PRESIDENTE |  | Brasil |  | Urnas apuradas: 84,96% GRENNNNNNNNNNSSS > |  | Flávio Bolsonaro ED |  | 484/% EEA » |  | Lula ED |  | AÀ |  | 4349% EN — » |  | 14 |  | Augusto Cury GD |  | e |  | 294% C — )> |  | Renan Santos |  | 23% C |  | |) ELEIÇÕES 2026 |  | Apuração ao vivo |  | 20:1 ACESSE A PÁGINA ESPECIAL: LINK.SENADO.LEG.BR/ELEICOES | "
f_0431.png,13900,20:11:26,1,"nado |  | PRESIDENTE |  | V |  | Brasil |  | Urnas apuradas: 84,96% GEENNNNNNNNNNSNNSSS > |  | Flávio Bolsonaro / ED |  | 484/% EEA » |  | Lula ED |  | 4349% EE — » |  | À |  | a |  | P |  | Augusto Cury (smo) |  | m |  | 294% C - — |  | Renan Santos |  | . |  | 23% C |  | |) ELEIÇÕES 2026 |  | ”” |  | Apuração ao vivo |  | 20:11 PÁGINA ESPECIAL DA AGÊNCIA CÂMARA: CD.LEG.BR/VOTO2026 | "
f_0432.png,13910,20:11:36,1,"tvSenado |  | [VO |  | PRESIDENTE |  | Brasil |  | Urnas apuradas: 84,96% GEENNNNNNNNNNNS > |  | Flávio Bolsonaro / ED |  | 484/% EAA » |  | [ETENNCO) |  | yA |  | 4349% E » |  | F= |  | S |  | Augusto Cury - (aro) |  | e |  | 29A4% C - — |  | Renan Santos |  | 231% « ) |  | ê |  | k |  | ) ELEIÇÕES 2026 |  | Apuração ao vivo |  | 20:11 ACOMPANHE A TRANSMISSÃO ESPECIAL EM YOUTUBE.COM/TVSENADO | "
f_0433.png,13920,20:11:46,1,": |  | PRESIDENTE |  | V |  | tvsenado |  | Brasil |  | umas ; apuradas: 84,96% ex — |  | Flávio Bolsonaro D |  | í- |  | 184% EE > |  | LETEREGO) |  | | |  | 43490% E > |  | Augusto Cury Gm |  | 294% / CL —— |  | Renan Santos  (Vsão) |  | 23% E |  | | |  | Apuração ao vivo & |  | 20:11 (Mídias) CONTEÚDOS ESPECIAIS TAMBÉM ESTÃO NO KWAI E NO TIKTOK. CONFIRA EM GTVSENADO | "
f_0434.png,13930,20:11:56,1,"PRESIDENTE l . |  | tvsenado |  | | |  | Brasil |  | _ - |  | Urmas apuradas: 8496% ex — |  | - |  | mm |  | Il-v |  | Flávio Bolsonaro / ED |  | N |  | 84% EAA » |  | WQ |  | Lula ED |  | 4349% E > |  | “ |  | Augusto Cury - (anto) |  | 294%  CL — |  | ' |  | Renan Santos (VMisto) |  | 231% E= |  | — ) ELEIÇÕES 2026 |  | - |  | Apuração ao vivo |  | 20:11 (Mídias) CONFIRA MAIS INFORMAÇÕES EM GTVSENADO, NO INSTAGRAM E NO FACEBOOK | "
f_0435.png,13940,20:12:06,1,— PRESIDENTE |  | V |  | tvsenado |  | E |  | Brasil |  | | |  | Urnas apuradas: 8496% exmmmmennana > |  | [ |  | Flávio Bolsonaro ED |  | 84% MMAA » |  | Lula ED |  | N |  | 4349% EM > |  | Augusto Cury |  | Ã) |  | 29A%  CL — |  | Renan Santos |  | 231% - EE |  | .. |  | — ) ELEIÇÕES 2026 |  | Apuração ao vivo |  | 20:12 AA TRANSMISSÃO AO VIVO TAMBÉM ESTÁ NO FACEBOOK GTVCAMARADEPUTADOS GRADIOCAMARA | 
f_0436.png,13950,20:12:16,1,"ws;nado |  | ) |  | AOVIVO |  | s apuradas: t690 em |  | | |  | m |  | ; |  | m |  | Fávio Bolsonaro & |  | AVO |  | um O |  | "" |  | V |  | 4349% EBE —— |  | / |  | Em E=m |  | | |  | l > |  | —— |  | Q D |  | n |  | » |  | , |  | ) ELEIÇÕES 2026 |  | Apuração ao vivo |  | I.l'l |  | 20:12 PARI:.IGPE: —EN—VIE PERGJNTAS PELO TIKTOK GTVCAMARADEPUTADOS | "
f_0437.png,13960,20:12:26,1,L |  | E |  | Y) |  | tvsenado |  | V |  | | |  | H |  | S |  | LA |  | AOVIVO |  | “ apuradas: 0430% ex — |  | Flávio Bolsonaro &) |  | um & |  | * |  | 4249% EE — |  | / |  | x SA |  | S= |  | A |  | d |  | ES |  | n |  | ;E |  | t |  | ) ELEIÇÕES 2026 |  | Apuração ao vivo |  | 20:12 ACOMPANHE TUDO AO VIVO NO YOUTUBE DA CÂMARA GCAMARADOSDEPUTADOSOFICIAL | 
f_0438.png,13970,20:12:36,1," PRESIDENTE |  | V |  | tvsenado |  | - |  | | |  | Brasil |  | Urnas apuradas: 84,96% |  | — | |  | AOVIVO A |  | m—— |  | | s |  | Flávio Bolsonaro ED |  | 8sA% BAA > |  | | |  | Lula ED |  | 4349% E > |  | S |  | o |  | Augusto Cury |  | 294%  CL —— |  | Renan Santos |  | 231% - EE |  | - = ES 207 * |  | ——... |  | : Apuração ao vivo |  | KS |  | 20:12 MAIS INFORMAÇÕES NO PERFIL DO X GCAMARADEPUTADOS | "
f_0439.png,13980,20:12:46,0,e |  | — ELEIÇÕES |  | É. |  | & |  | sÃ |  | &V |  | ac Ml |  | ES |  | P é |  | ues MA |  | Apuraçà) aofvivo |  | DA d |  | S |  | i |  | 20:12 |  | W á |  | —— |  | /h |  | —A | 
f_0440.png,13990,20:12:56,0,L |  | Ô ÉLEIÇÓES : |  | &/A |  | ( ) |  | (| |  | g |  | — |  | .= |  | =E |  | Taso MÇ |  | S |  | —” —— — |  | ELEIÇÕES 2026 |  | LA d |  | Apuração ao vivo |  | A |  | | 20:12 (Ouvidoria ) SAIBA MAIS EM WWW.SENADO.LEG.BR/OUVIDORIA |  | M S ( E 1; mE |  | EA |  | — |  | iw | 
f_0441.png,14000,20:13:06,0,* |  | i gLElçõEs : |  | 5 |  | W/ |  | .- |  | V |  | = |  | am |  | |.-” |  | 4 |  | — |  | _ELEI.ÇOE;ZMG F |  | — — |  | —— |  | 2. |  | EN |  | Apuração ao vivo |  | 2013 QUER FALAR COM A CÂMARA? LIGUE: 0800 O 619619 OU PELO WHATSAPP (61) :ms—áªõo |  | —— | 
f_0442.png,14010,20:13:16,0,"AOVIVO |  | L V |  | /ELEIÇÓES : |  | W |  | & |  | 6) a |  | d/ |  | (À |  | — |  | c |  | M |  | D D |  | PD f |  | ELEIÇÕES 2026 |  | LA d |  | S |  | Apuração ao vivo |  | w |  | "" |  | | o8:13 |  | MENSAGEM DUVIDOSA SOBRE O SENADO? FALE COM O WÉATSAPP EO SENADO VEI;!FICA: 61 98190-0601 |  | — | "
f_0443.png,14020,20:13:26,0,"ado |  | AOVIVO |  | * |  | VH/EI:EIÇÓES : |  | = |  | Mm |  | ' |  | - . |  | — |  | FVA |  | ELEIÇÕES 2026 |  | ""N |  | ES a |  | NS |  | Apuração ao vivo |  | — |  | F |  | | 08:13 Informªí;áo MENSAGEM DUVIDOSA SOBRE A CÂMARA? FALE COM O WH_ATSAPP DA CÂMARA OC;MPROVE: 61 99660-2003 |  | — | "
f_0444.png,14030,20:13:36,1,"tvSenado |  | o |  | vo |  | PRESIDENTE |  | Í |  | Brasil |  | Urnas apuradas: 84,96% GERNNNNNNNNNNNNNS > |  | ELEIÇÕ |  | Flávio Bolsonaro ED |  | 4847% EAA » |  | & |  | TA |  | [ETENNCO) |  | W= |  | 4349% EE » |  | Augusto Cury Garto) |  | 294% C — — |  | b LA Á m |  | Renan Santos |  | 23% C - |  | |) ELEIÇÕES 2026 |  | Apuração ao vivo |  | 20:13  (Senado) RONDÔNIA: DR. FERNANDO MÁXIMO E BRUNO SCHEID, DO PL, ELEITOS | "
f_0445.png,14040,20:13:46,1,"m—— |  | jado |  | = |  | PRESIDENTE |  | Í |  | Brasil |  | Urnas apuradas: 84,96% GRENNNNNNNNNNNNSS > |  | ELEIÇ |  | Flávio Bolsonaro / ED |  | 484/% EAA » |  | & |  | i—d |  | d |  | Lula ED |  | À |  | LA |  | 4349% EE » |  | LA d |  | Augusto Cury GD |  | 294% C - — )> |  | W n |  | Renan Santos |  | 3 |  | 23% C - |  | |) ELEIÇÕES 2026 |  | Apuração ao vivo |  | 20:13  (Senado ) SANDERSON (PL) E MARCEL VAN HATTEM (NOVO) ELEITOS NO RIO GRANDE DO SUL | "
f_0446.png,14050,20:13:56,1,"— |  | — PRESIDENTE |  | "" |  | / |  | tvsenado |  | E |  | Brasil |  | - |  | Urnas apuradas: 8496% exmmmmenan > |  | Flávio Bolsonaro ED |  | 84% ME > |  | Lula & |  | | |  | 43490% M > |  | Augusto Cury Garto) |  | 294%  CLL —— |  | Renan Santos |  | 2,31% |  | —— |  | Q : |  | c |  | "". |  | — |  | Apuração ao vivo |  | MATO GROSSO: MAURO MENDES (UNIÃO) E ZÉ MEDEIROS (PL) ELEITOS | "
f_0447.png,14060,20:14:06,0,"tvsenado |  | GOVERNADOR |  | V |  | Amapá |  | urnas apuradas: 86,68% ""GEN > |  | Dr. Furlan |  | e |  | 62090% EN - > |  | Clécio  (Cnião) |  | 37,64% |  | em ... |  | Carlos Cley ESm |  | 0,12% |  | Ç |  | U |  | + |  | *« |  | | ELEIÇÕES 2026 |  | Delegado Marcos o |  | 2> |  | Apuração ao vivo |  | 3 |  | 0,08% |  | 20:14  (Senado) JOÃO AZEVED(;;I;SB) ELEITO SENADOR NA PARAÍBA; VENEZIANO (MDB) EM SEGUNDO NA APURAÇÃO | "
f_0448.png,14070,20:14:16,0,"tvsenado |  | GOVERNADOR |  | Í |  | aAovIVo |  | Amapá |  | urnas apuradas: 86,68% EE > |  | Dr. Furlan |  | 62090% ENENA » |  | Q W |  | Clécio |  | 37,64% |  | em .. |  | Carlos Cley ESm |  | 0,12% |  | ( |  | |) ELEIÇÕES 2026 |  | Delegado Marcos c |  | Apuração ao vivo |  | /kª) |  | 0,08% |  | 20:14  (Senado ) MICHELLE BOL;)NARO E BIA KICIS, DO PL, ELEITAS SENADORAS NO DISTRITO FEDERAL | "
f_0449.png,14080,20:14:26,0,"tvsenado |  | SENADOR |  | Í |  | VIVO |  | Amapá |  | urnas apuradas: 86,68% ""GEN > |  | Rayssa Furlan |  | 29568% EM — |  | O |  | Lucas Barreto |  | 2396% EM — |  | c |  | Randolfe ED |  | 189% EM |  | a |  | Â |  | |) ELEIÇÕES 2026 |  | Acácio Favacho |  | D |  | Apuração ao vivo |  | & |  | 148% E |  | 20:14  (Senado) NO PARANÁ, FILIPE BARROS (PL) E DELTAN DALLAGNOL (NOVO) ELEITOS SENADORES | "
f_0450.png,14090,20:14:36,0,"tvsenado |  | SENADOR |  | Í |  | Amapá |  | urnas apuradas: 86,68% EE > |  | Rayssa Furlan |  | 29586% EM — |  | Lucas Barreto |  | 2396% EM — » |  | Randolfe ED |  | 1895% EM |  | Acácio Favacho |  | |) ELEIÇÕES 2026 |  | Apuração ao vivo |  | 1488% E |  | & |  | 20:14 LUCAS RIBEIRO (PP) ELEITO GOVERNADOR NA PARAÍBA | "
